# Rhino

mtllib 桌腿-单根.mtl
usemtl 自定义
v -343.68161010742188 640.66741943359375 -379.83987426757812
v -343.8458251953125 640.66741943359375 -383.32186889648438
v -344.30487060546875 640.66741943359375 -386.60238647460938
v -345.04583740234375 640.66741943359375 -389.79428100585938
v -346.0662841796875 640.66741943359375 -392.9080810546875
v -347.35824584960938 640.66741943359375 -395.91940307617188
v -348.88504028320312 640.66741943359375 -398.7601318359375
v -350.63131713867188 640.66741943359375 -401.42645263671875
v -352.60061645507812 640.66741943359375 -403.93255615234375
v -354.77828979492188 640.66741943359375 -406.2598876953125
v -357.148193359375 640.66741943359375 -408.39117431640625
v -359.69268798828125 640.66741943359375 -410.31060791015625
v -362.39297485351562 640.66741943359375 -412.00390625
v -365.22894287109375 640.66741943359375 -413.45852661132812
v -368.17959594726562 640.66741943359375 -414.6636962890625
v -371.22299194335938 640.66741943359375 -415.61044311523438
v -374.33660888671875 640.66741943359375 -416.29177856445312
v -377.70504760742188 640.66741943359375 -416.71994018554688
v -380.68161010742188 640.66741943359375 -416.83987426757812
v -384.16363525390625 640.66741943359375 -416.6756591796875
v -387.44415283203125 640.66741943359375 -416.21661376953125
v -390.63601684570312 640.66741943359375 -415.47564697265625
v -393.74984741210938 640.66741943359375 -414.4552001953125
v -396.76116943359375 640.66741943359375 -413.16326904296875
v -399.60189819335938 640.66741943359375 -411.636474609375
v -402.2681884765625 640.66741943359375 -409.89016723632812
v -404.77432250976562 640.66741943359375 -407.92086791992188
v -407.10165405273438 640.66741943359375 -405.74319458007812
v -409.23294067382812 640.66741943359375 -403.37332153320312
v -411.15234375 640.66741943359375 -400.82879638671875
v -412.84564208984375 640.66741943359375 -398.1285400390625
v -414.30029296875 640.66741943359375 -395.29254150390625
v -415.50546264648438 640.66741943359375 -392.34188842773438
v -416.45220947265625 640.66741943359375 -389.29849243164062
v -417.13351440429688 640.66741943359375 -386.18487548828125
v -417.56170654296875 640.66741943359375 -382.81643676757812
v -417.68161010742188 640.66741943359375 -379.83987426757812
v -417.51742553710938 640.66741943359375 -376.35784912109375
v -417.05838012695312 640.66741943359375 -373.07736206054688
v -416.31741333007812 640.66741943359375 -369.88546752929688
v -415.29696655273438 640.66741943359375 -366.77163696289062
v -414.0050048828125 640.66741943359375 -363.76031494140625
v -412.47821044921875 640.66741943359375 -360.91958618164062
v -410.73190307617188 640.66741943359375 -358.2532958984375
v -408.76260375976562 640.66741943359375 -355.7471923828125
v -406.5849609375 640.66741943359375 -353.41983032226562
v -404.21505737304688 640.66741943359375 -351.28857421875
v -401.6705322265625 640.66741943359375 -349.369140625
v -398.97027587890625 640.66741943359375 -347.67584228515625
v -396.13430786132812 640.66741943359375 -346.22119140625
v -393.18365478515625 640.66741943359375 -345.01605224609375
v -390.14022827148438 640.66741943359375 -344.06927490234375
v -387.02664184570312 640.66741943359375 -343.38796997070312
v -383.658203125 640.66741943359375 -342.95977783203125
v -380.68161010742188 640.66741943359375 -342.83987426757812
v -377.19961547851562 640.66741943359375 -343.00408935546875
v -373.91909790039062 640.66741943359375 -343.46310424804688
v -370.72720336914062 640.66741943359375 -344.20407104492188
v -367.6134033203125 640.66741943359375 -345.22451782226562
v -364.60208129882812 640.66741943359375 -346.5164794921875
v -361.7613525390625 640.66741943359375 -348.04327392578125
v -359.09506225585938 640.66741943359375 -349.78958129882812
v -356.58892822265625 640.66741943359375 -351.75888061523438
v -354.2615966796875 640.66741943359375 -353.93655395507812
v -352.13031005859375 640.66741943359375 -356.30642700195312
v -350.21090698242188 640.66741943359375 -358.8509521484375
v -348.517578125 640.66741943359375 -361.55120849609375
v -347.06295776367188 640.66741943359375 -364.38717651367188
v -345.8577880859375 640.66741943359375 -367.33782958984375
v -344.91104125976562 640.66741943359375 -370.38125610351562
v -344.229736328125 640.66741943359375 -373.494873046875
v -343.80154418945312 640.66741943359375 -376.86331176757812
v -380.68161010742188 640.66741943359375 -379.83987426757812
v -380.68161010742188 640.66741943359375 -398.33987426757812
v -362.18161010742188 640.66741943359375 -379.83987426757812
v -362.18161010742188 640.66741943359375 -398.33987426757812
v -352.93161010742188 640.66741943359375 -398.33987426757812
v -362.18161010742188 640.66741943359375 -389.08987426757812
v -352.93161010742188 640.66741943359375 -379.83987426757812
v -352.93161010742188 640.66741943359375 -389.08987426757812
v -380.68161010742188 640.66741943359375 -361.33987426757812
v -362.18161010742188 640.66741943359375 -361.33987426757812
v -348.30661010742188 640.66741943359375 -389.08987426757812
v -352.93161010742188 640.66741943359375 -384.46487426757812
v -348.30661010742188 640.66741943359375 -379.83987426757812
v -348.30661010742188 640.66741943359375 -384.46487426757812
v -362.18161010742188 640.66741943359375 -370.58987426757812
v -352.93161010742188 640.66741943359375 -361.33987426757812
v -352.93161010742188 640.66741943359375 -370.58987426757812
v -352.93161010742188 640.66741943359375 -375.21487426757812
v -348.30661010742188 640.66741943359375 -370.58987426757812
v -348.30661010742188 640.66741943359375 -375.21487426757812
v -362.18161010742188 640.66741943359375 -407.58987426757812
v -380.68161010742188 640.66741943359375 -407.58987426757812
v -371.43161010742188 640.66741943359375 -398.33987426757812
v -371.43161010742188 640.66741943359375 -407.58987426757812
v -399.18161010742188 640.66741943359375 -379.83987426757812
v -399.18161010742188 640.66741943359375 -398.33987426757812
v -371.43161010742188 640.66741943359375 -412.21487426757812
v -380.68161010742188 640.66741943359375 -412.21487426757812
v -376.05661010742188 640.66741943359375 -407.58987426757812
v -376.05661010742188 640.66741943359375 -412.21487426757812
v -399.18161010742188 640.66741943359375 -407.58987426757812
v -389.93161010742188 640.66741943359375 -398.33987426757812
v -389.93161010742188 640.66741943359375 -407.58987426757812
v -408.43161010742188 640.66741943359375 -398.33987426757812
v -399.18161010742188 640.66741943359375 -389.08987426757812
v -408.43161010742188 640.66741943359375 -379.83987426757812
v -408.43161010742188 640.66741943359375 -389.08987426757812
v -399.18161010742188 640.66741943359375 -361.33987426757812
v -408.43161010742188 640.66741943359375 -384.46487426757812
v -413.05661010742188 640.66741943359375 -389.08987426757812
v -413.05661010742188 640.66741943359375 -379.83987426757812
v -413.05661010742188 640.66741943359375 -384.46487426757812
v -399.18161010742188 640.66741943359375 -370.58987426757812
v -408.43161010742188 640.66741943359375 -361.33987426757812
v -408.43161010742188 640.66741943359375 -370.58987426757812
v -399.18161010742188 640.66741943359375 -352.08987426757812
v -380.68161010742188 640.66741943359375 -352.08987426757812
v -389.93161010742188 640.66741943359375 -361.33987426757812
v -389.93161010742188 640.66741943359375 -352.08987426757812
v -380.68161010742188 640.66741943359375 -347.46487426757812
v -385.30661010742188 640.66741943359375 -352.08987426757812
v -389.93161010742188 640.66741943359375 -347.46487426757812
v -385.30661010742188 640.66741943359375 -347.46487426757812
v -362.18161010742188 640.66741943359375 -352.08987426757812
v -371.43161010742188 640.66741943359375 -361.33987426757812
v -371.43161010742188 640.66741943359375 -352.08987426757812
v -340.68161010742188 637.66741943359375 -379.83987426757812
v -340.73687744140625 638.2406005859375 -379.83987426757812
v -340.90655517578125 638.80712890625 -379.83987426757812
v -341.1920166015625 639.34130859375 -379.83987426757812
v -341.58251953125 639.81072998046875 -379.83987426757812
v -342.0594482421875 640.1910400390625 -379.83987426757812
v -342.59127807617188 640.4622802734375 -379.83987426757812
v -343.14273071289062 640.61865234375 -379.83987426757812
v -343.68161010742188 640.66741943359375 -379.83987426757812
v -340.91415405273438 638.2406005859375 -383.5989990234375
v -341.08306884765625 638.80712890625 -383.58303833007812
v -341.36724853515625 639.34130859375 -383.55618286132812
v -341.75604248046875 639.81072998046875 -383.5194091796875
v -342.2308349609375 640.1910400390625 -383.47454833984375
v -342.76031494140625 640.4622802734375 -383.42449951171875
v -343.309326171875 640.61865234375 -383.37258911132812
v -343.8458251953125 640.66741943359375 -383.32186889648438
v -341.40972900390625 638.2406005859375 -387.14059448242188
v -341.5765380859375 638.80712890625 -387.10958862304688
v -341.857177734375 639.34130859375 -387.05740356445312
v -342.24111938476562 639.81072998046875 -386.98605346679688
v -342.71002197265625 640.1910400390625 -386.89886474609375
v -343.23287963867188 640.4622802734375 -386.80166625976562
v -343.77505493164062 640.61865234375 -386.70086669921875
v -344.30487060546875 640.66741943359375 -386.60238647460938
v -342.20965576171875 638.2406005859375 -390.58651733398438
v -342.37307739257812 638.80712890625 -390.54086303710938
v -342.64801025390625 639.34130859375 -390.46408081054688
v -343.02410888671875 639.81072998046875 -390.3590087890625
v -343.48345947265625 640.1910400390625 -390.230712890625
v -343.99566650390625 640.4622802734375 -390.08761596679688
v -344.52682495117188 640.61865234375 -389.93927001953125
v -345.04583740234375 640.66741943359375 -389.79428100585938
v -343.31134033203125 638.2406005859375 -393.94815063476562
v -343.47006225585938 638.80712890625 -393.88824462890625
v -343.73712158203125 639.34130859375 -393.78741455078125
v -344.10247802734375 639.81072998046875 -393.64947509765625
v -344.54864501953125 640.1910400390625 -393.48104858398438
v -345.04620361328125 640.4622802734375 -393.293212890625
v -345.5621337890625 640.61865234375 -393.09841918945312
v -346.0662841796875 640.66741943359375 -392.9080810546875
v -344.70611572265625 638.2406005859375 -397.19915771484375
v -344.85891723632812 638.80712890625 -397.12542724609375
v -345.11599731445312 639.34130859375 -397.00137329101562
v -345.46771240234375 639.81072998046875 -396.8316650390625
v -345.89724731445312 640.1910400390625 -396.6243896484375
v -346.376220703125 640.4622802734375 -396.39324951171875
v -346.87289428710938 640.61865234375 -396.15359497070312
v -347.35824584960938 640.66741943359375 -395.91940307617188
v -346.35440063476562 638.2406005859375 -400.26596069335938
v -346.50021362304688 638.80712890625 -400.17919921875
v -346.74554443359375 639.34130859375 -400.03323364257812
v -347.08111572265625 639.81072998046875 -399.83352661132812
v -347.490966796875 640.1910400390625 -399.58966064453125
v -347.94802856445312 640.4622802734375 -399.31768798828125
v -348.42193603515625 640.61865234375 -399.03570556640625
v -348.88504028320312 640.66741943359375 -398.7601318359375
v -348.23971557617188 638.2406005859375 -403.14447021484375
v -348.37750244140625 638.80712890625 -403.04547119140625
v -348.60934448242188 639.34130859375 -402.87893676757812
v -348.92648315429688 639.81072998046875 -402.65109252929688
v -349.3138427734375 640.1910400390625 -402.37286376953125
v -349.74578857421875 640.4622802734375 -402.06256103515625
v -350.19366455078125 640.61865234375 -401.7408447265625
v -350.63131713867188 640.66741943359375 -401.42645263671875
v -350.36572265625 638.2406005859375 -405.85003662109375
v -350.4945068359375 638.80712890625 -405.73956298828125
v -350.71115112304688 639.34130859375 -405.55368041992188
v -351.00750732421875 639.81072998046875 -405.29940795898438
v -351.36947631835938 640.1910400390625 -404.98886108398438
v -351.77310180664062 640.4622802734375 -404.64254760742188
v -352.191650390625 640.61865234375 -404.283447265625
v -352.60061645507812 640.66741943359375 -403.93255615234375
v -352.71670532226562 638.2406005859375 -408.36260986328125
v -352.83551025390625 638.80712890625 -408.241455078125
v -353.03533935546875 639.34130859375 -408.03762817382812
v -353.3087158203125 639.81072998046875 -407.75875854492188
v -353.64260864257812 640.1910400390625 -407.418212890625
v -354.01495361328125 640.4622802734375 -407.0384521484375
v -354.40103149414062 640.61865234375 -406.64468383789062
v -354.77828979492188 640.66741943359375 -406.2598876953125
v -355.27520751953125 638.2406005859375 -410.66351318359375
v -355.38311767578125 638.80712890625 -410.5325927734375
v -355.564697265625 639.34130859375 -410.31231689453125
v -355.81304931640625 639.81072998046875 -410.01095581054688
v -356.11642456054688 640.1910400390625 -409.6429443359375
v -356.45468139648438 640.4622802734375 -409.2325439453125
v -356.805419921875 640.61865234375 -408.8070068359375
v -357.148193359375 640.66741943359375 -408.39117431640625
v -358.02224731445312 638.2406005859375 -412.73568725585938
v -358.11849975585938 638.80712890625 -412.595947265625
v -358.28042602539062 639.34130859375 -412.36087036132812
v -358.501953125 639.81072998046875 -412.03927612304688
v -358.77249145507812 640.1910400390625 -411.64651489257812
v -359.07418823242188 640.4622802734375 -411.20852661132812
v -359.38699340820312 640.61865234375 -410.75439453125
v -359.69268798828125 640.66741943359375 -410.31060791015625
v -360.93740844726562 638.2406005859375 -414.56375122070312
v -361.02127075195312 638.80712890625 -414.416259765625
v -361.16238403320312 639.34130859375 -414.16812133789062
v -361.35540771484375 639.81072998046875 -413.82864379882812
v -361.59112548828125 640.1910400390625 -413.4140625
v -361.85400390625 640.4622802734375 -412.95175170898438
v -362.1265869140625 640.61865234375 -412.47235107421875
v -362.39297485351562 640.66741943359375 -412.00390625
v -363.99911499023438 638.2406005859375 -416.1341552734375
v -364.06997680664062 638.80712890625 -415.98001098632812
v -364.18917846679688 639.34130859375 -415.72064208984375
v -364.35226440429688 639.81072998046875 -415.36581420898438
v -364.55145263671875 640.1910400390625 -414.93246459960938
v -364.7735595703125 640.4622802734375 -414.44924926757812
v -365.00387573242188 640.61865234375 -413.94818115234375
v -365.22894287109375 640.66741943359375 -413.45852661132812
v -367.1845703125 638.2406005859375 -417.43524169921875
v -367.24191284179688 638.80712890625 -417.27554321289062
v -367.33837890625 639.34130859375 -417.00689697265625
v -367.47030639648438 639.81072998046875 -416.63934326171875
v -367.6314697265625 640.1910400390625 -416.19046020507812
v -367.8111572265625 640.4622802734375 -415.68991088867188
v -367.99749755859375 640.61865234375 -415.1708984375
v -368.17959594726562 640.66741943359375 -414.6636962890625
v -370.47021484375 638.2406005859375 -418.45733642578125
v -370.51358032226562 638.80712890625 -418.29330444335938
v -370.58657836914062 639.34130859375 -418.017333984375
v -370.6864013671875 639.81072998046875 -417.63980102539062
v -370.80831909179688 640.1910400390625 -417.17874145507812
v -370.94427490234375 640.4622802734375 -416.66458129882812
v -371.08523559570312 640.61865234375 -416.13143920898438
v -371.22299194335938 640.66741943359375 -415.61044311523438
v -373.83163452148438 638.2406005859375 -419.19287109375
v -373.8607177734375 638.80712890625 -419.02572631835938
v -373.90966796875 639.34130859375 -418.7445068359375
v -373.97665405273438 639.81072998046875 -418.35977172851562
v -374.05844116210938 640.1910400390625 -417.88992309570312
v -374.14962768554688 640.4622802734375 -417.365966796875
v -374.24420166015625 640.61865234375 -416.82266235351562
v -374.33660888671875 640.66741943359375 -416.29177856445312
v -377.4681396484375 638.2406005859375 -419.6551513671875
v -377.4818115234375 638.80712890625 -419.48602294921875
v -377.5047607421875 639.34130859375 -419.20150756835938
v -377.53619384765625 639.81072998046875 -418.812255859375
v -377.57455444335938 640.1910400390625 -418.33685302734375
v -377.61734008789062 640.4622802734375 -417.8067626953125
v -377.66171264648438 640.61865234375 -417.257080078125
v -377.70504760742188 640.66741943359375 -416.71994018554688
v -380.68161010742188 637.66741943359375 -419.83987426757812
v -380.68161010742188 638.2406005859375 -419.78460693359375
v -380.68161010742188 638.80712890625 -419.61492919921875
v -380.68161010742188 639.34130859375 -419.32949829101562
v -380.68161010742188 639.81072998046875 -418.93896484375
v -380.68161010742188 640.1910400390625 -418.4620361328125
v -380.68161010742188 640.4622802734375 -417.93020629882812
v -380.68161010742188 640.61865234375 -417.37875366210938
v -380.68161010742188 640.66741943359375 -416.83987426757812
v -384.44076538085938 638.2406005859375 -419.60733032226562
v -384.42477416992188 638.80712890625 -419.43841552734375
v -384.39791870117188 639.34130859375 -419.15423583984375
v -384.36117553710938 639.81072998046875 -418.76544189453125
v -384.3162841796875 640.1910400390625 -418.2906494140625
v -384.2662353515625 640.4622802734375 -417.76116943359375
v -384.21435546875 640.61865234375 -417.212158203125
v -384.16363525390625 640.66741943359375 -416.6756591796875
v -387.98236083984375 638.2406005859375 -419.11175537109375
v -387.95135498046875 638.80712890625 -418.9449462890625
v -387.899169921875 639.34130859375 -418.664306640625
v -387.82778930664062 639.81072998046875 -418.28036499023438
v -387.74063110351562 640.1910400390625 -417.81149291992188
v -387.6434326171875 640.4622802734375 -417.28860473632812
v -387.54263305664062 640.61865234375 -416.74642944335938
v -387.44415283203125 640.66741943359375 -416.21661376953125
v -391.42828369140625 638.2406005859375 -418.31182861328125
v -391.38262939453125 638.80712890625 -418.14840698242188
v -391.30581665039062 639.34130859375 -417.87347412109375
v -391.20077514648438 639.81072998046875 -417.49737548828125
v -391.07244873046875 640.1910400390625 -417.03802490234375
v -390.92938232421875 640.4622802734375 -416.52581787109375
v -390.781005859375 640.61865234375 -415.99468994140625
v -390.63601684570312 640.66741943359375 -415.47564697265625
v -394.7899169921875 638.2406005859375 -417.21014404296875
v -394.72998046875 638.80712890625 -417.05142211914062
v -394.62918090820312 639.34130859375 -416.78436279296875
v -394.49124145507812 639.81072998046875 -416.41903686523438
v -394.32278442382812 640.1910400390625 -415.97283935546875
v -394.13494873046875 640.4622802734375 -415.47528076171875
v -393.940185546875 640.61865234375 -414.9593505859375
v -393.74984741210938 640.66741943359375 -414.4552001953125
v -398.0408935546875 638.2406005859375 -415.81536865234375
v -397.9671630859375 638.80712890625 -415.66256713867188
v -397.84310913085938 639.34130859375 -415.40548706054688
v -397.67340087890625 639.81072998046875 -415.05377197265625
v -397.46615600585938 640.1910400390625 -414.62423706054688
v -397.23501586914062 640.4622802734375 -414.145263671875
v -396.995361328125 640.61865234375 -413.64859008789062
v -396.76116943359375 640.66741943359375 -413.16326904296875
v -401.10772705078125 638.2406005859375 -414.16708374023438
v -401.02093505859375 638.80712890625 -414.02127075195312
v -400.87496948242188 639.34130859375 -413.77597045898438
v -400.67529296875 639.81072998046875 -413.44036865234375
v -400.431396484375 640.1910400390625 -413.030517578125
v -400.15945434570312 640.4622802734375 -412.57345581054688
v -399.87747192382812 640.61865234375 -412.09954833984375
v -399.60189819335938 640.66741943359375 -411.636474609375
v -403.9862060546875 638.2406005859375 -412.28179931640625
v -403.88723754882812 638.80712890625 -412.14398193359375
v -403.720703125 639.34130859375 -411.91213989257812
v -403.49285888671875 639.81072998046875 -411.59500122070312
v -403.214599609375 640.1910400390625 -411.2076416015625
v -402.90432739257812 640.4622802734375 -410.77569580078125
v -402.58258056640625 640.61865234375 -410.32781982421875
v -402.2681884765625 640.66741943359375 -409.89016723632812
v -406.69180297851562 638.2406005859375 -410.15576171875
v -406.581298828125 638.80712890625 -410.0269775390625
v -406.39544677734375 639.34130859375 -409.81036376953125
v -406.14114379882812 639.81072998046875 -409.51397705078125
v -405.83059692382812 640.1910400390625 -409.15200805664062
v -405.48428344726562 640.4622802734375 -408.74838256835938
v -405.12521362304688 640.61865234375 -408.32986450195312
v -404.77432250976562 640.66741943359375 -407.92086791992188
v -409.204345703125 638.2406005859375 -407.80477905273438
v -409.08319091796875 638.80712890625 -407.68600463867188
v -408.87936401367188 639.34130859375 -407.48614501953125
v -408.60052490234375 639.81072998046875 -407.2127685546875
v -408.25997924804688 640.1910400390625 -406.87887573242188
v -407.88021850585938 640.4622802734375 -406.50653076171875
v -407.4864501953125 640.61865234375 -406.12045288085938
v -407.10165405273438 640.66741943359375 -405.74319458007812
v -411.5052490234375 638.2406005859375 -405.24627685546875
v -411.37432861328125 638.80712890625 -405.13836669921875
v -411.154052734375 639.34130859375 -404.95681762695312
v -410.85272216796875 639.81072998046875 -404.70843505859375
v -410.48471069335938 640.1910400390625 -404.40509033203125
v -410.07431030273438 640.4622802734375 -404.06680297851562
v -409.64877319335938 640.61865234375 -403.716064453125
v -409.23294067382812 640.66741943359375 -403.37332153320312
v -413.57742309570312 638.2406005859375 -402.49923706054688
v -413.43771362304688 638.80712890625 -402.40301513671875
v -413.20263671875 639.34130859375 -402.24105834960938
v -412.88104248046875 639.81072998046875 -402.01956176757812
v -412.48828125 640.1910400390625 -401.74899291992188
v -412.05029296875 640.4622802734375 -401.44732666015625
v -411.59613037109375 640.61865234375 -401.13449096679688
v -411.15234375 640.66741943359375 -400.82879638671875
v -415.405517578125 638.2406005859375 -399.58407592773438
v -415.25802612304688 638.80712890625 -399.50021362304688
v -415.0098876953125 639.34130859375 -399.35910034179688
v -414.67041015625 639.81072998046875 -399.16607666015625
v -414.25582885742188 640.1910400390625 -398.93035888671875
v -413.79348754882812 640.4622802734375 -398.66748046875
v -413.31411743164062 640.61865234375 -398.3948974609375
v -412.84564208984375 640.66741943359375 -398.1285400390625
v -416.97592163085938 638.2406005859375 -396.52239990234375
v -416.82174682617188 638.80712890625 -396.4515380859375
v -416.5623779296875 639.34130859375 -396.33230590820312
v -416.20758056640625 639.81072998046875 -396.16921997070312
v -415.77423095703125 640.1910400390625 -395.97003173828125
v -415.29098510742188 640.4622802734375 -395.7479248046875
v -414.7899169921875 640.61865234375 -395.51760864257812
v -414.30029296875 640.66741943359375 -395.29254150390625
v -418.27700805664062 638.2406005859375 -393.3369140625
v -418.1173095703125 638.80712890625 -393.27957153320312
v -417.8486328125 639.34130859375 -393.18313598632812
v -417.48110961914062 639.81072998046875 -393.05117797851562
v -417.0322265625 640.1910400390625 -392.8900146484375
v -416.53167724609375 640.4622802734375 -392.7103271484375
v -416.01263427734375 640.61865234375 -392.52398681640625
v -415.50546264648438 640.66741943359375 -392.34188842773438
v -419.29910278320312 638.2406005859375 -390.05126953125
v -419.13507080078125 638.80712890625 -390.00790405273438
v -418.85910034179688 639.34130859375 -389.9349365234375
v -418.4815673828125 639.81072998046875 -389.8350830078125
v -418.02047729492188 640.1910400390625 -389.71316528320312
v -417.50631713867188 640.4622802734375 -389.57720947265625
v -416.97317504882812 640.61865234375 -389.43624877929688
v -416.45220947265625 640.66741943359375 -389.29849243164062
v -420.03463745117188 638.2406005859375 -386.68984985351562
v -419.86749267578125 638.80712890625 -386.6607666015625
v -419.58624267578125 639.34130859375 -386.61181640625
v -419.2015380859375 639.81072998046875 -386.54486083984375
v -418.73165893554688 640.1910400390625 -386.46307373046875
v -418.20770263671875 640.4622802734375 -386.37185668945312
v -417.6644287109375 640.61865234375 -386.27728271484375
v -417.13351440429688 640.66741943359375 -386.18487548828125
v -420.49688720703125 638.2406005859375 -383.0533447265625
v -420.3277587890625 638.80712890625 -383.0396728515625
v -420.04324340820312 639.34130859375 -383.0167236328125
v -419.65399169921875 639.81072998046875 -382.98532104492188
v -419.17861938476562 640.1910400390625 -382.94692993164062
v -418.64849853515625 640.4622802734375 -382.90414428710938
v -418.09884643554688 640.61865234375 -382.85980224609375
v -417.56170654296875 640.66741943359375 -382.81643676757812
v -420.68161010742188 637.66741943359375 -379.83987426757812
v -420.62637329101562 638.2406005859375 -379.83987426757812
v -420.45669555664062 638.80712890625 -379.83987426757812
v -420.17123413085938 639.34130859375 -379.83987426757812
v -419.78073120117188 639.81072998046875 -379.83987426757812
v -419.30380249023438 640.1910400390625 -379.83987426757812
v -418.77197265625 640.4622802734375 -379.83987426757812
v -418.22052001953125 640.61865234375 -379.83987426757812
v -417.68161010742188 640.66741943359375 -379.83987426757812
v -420.4490966796875 638.2406005859375 -376.08074951171875
v -420.28018188476562 638.80712890625 -376.09671020507812
v -419.9959716796875 639.34130859375 -376.12356567382812
v -419.60720825195312 639.81072998046875 -376.16030883789062
v -419.13238525390625 640.1910400390625 -376.2052001953125
v -418.60293579101562 640.4622802734375 -376.2552490234375
v -418.05389404296875 640.61865234375 -376.30715942382812
v -417.51742553710938 640.66741943359375 -376.35784912109375
v -419.95352172851562 638.2406005859375 -372.53915405273438
v -419.78671264648438 638.80712890625 -372.57015991210938
v -419.50607299804688 639.34130859375 -372.622314453125
v -419.12213134765625 639.81072998046875 -372.69369506835938
v -418.65322875976562 640.1910400390625 -372.78085327148438
v -418.13037109375 640.4622802734375 -372.87808227539062
v -417.58819580078125 640.61865234375 -372.97885131835938
v -417.05838012695312 640.66741943359375 -373.07736206054688
v -419.15359497070312 638.2406005859375 -369.09320068359375
v -418.99017333984375 638.80712890625 -369.13885498046875
v -418.71524047851562 639.34130859375 -369.21566772460938
v -418.33914184570312 639.81072998046875 -369.32070922851562
v -417.87979125976562 640.1910400390625 -369.44903564453125
v -417.3675537109375 640.4622802734375 -369.59210205078125
v -416.83642578125 640.61865234375 -369.740478515625
v -416.31741333007812 640.66741943359375 -369.88546752929688
v -418.05191040039062 638.2406005859375 -365.7315673828125
v -417.89315795898438 638.80712890625 -365.79150390625
v -417.62612915039062 639.34130859375 -365.892333984375
v -417.26077270507812 639.81072998046875 -366.03024291992188
v -416.8145751953125 640.1910400390625 -366.19869995117188
v -416.31704711914062 640.4622802734375 -366.38653564453125
v -415.80111694335938 640.61865234375 -366.581298828125
v -415.29696655273438 640.66741943359375 -366.77163696289062
v -416.65713500976562 638.2406005859375 -362.4805908203125
v -416.50433349609375 638.80712890625 -362.5543212890625
v -416.24725341796875 639.34130859375 -362.67837524414062
v -415.89553833007812 639.81072998046875 -362.84808349609375
v -415.46600341796875 640.1910400390625 -363.05535888671875
v -414.98699951171875 640.4622802734375 -363.28646850585938
v -414.4903564453125 640.61865234375 -363.526123046875
v -414.0050048828125 640.66741943359375 -363.76031494140625
v -415.00881958007812 638.2406005859375 -359.41378784179688
v -414.86300659179688 638.80712890625 -359.50054931640625
v -414.61770629882812 639.34130859375 -359.64651489257812
v -414.28213500976562 639.81072998046875 -359.84619140625
v -413.87225341796875 640.1910400390625 -360.090087890625
v -413.41522216796875 640.4622802734375 -360.36203002929688
v -412.94131469726562 640.61865234375 -360.64404296875
v -412.47821044921875 640.66741943359375 -360.91958618164062
v -413.12353515625 638.2406005859375 -356.5352783203125
v -412.98574829101562 638.80712890625 -356.63427734375
v -412.75390625 639.34130859375 -356.80081176757812
v -412.43673706054688 639.81072998046875 -357.02862548828125
v -412.04940795898438 640.1910400390625 -357.306884765625
v -411.61746215820312 640.4622802734375 -357.61715698242188
v -411.16958618164062 640.61865234375 -357.93890380859375
v -410.73190307617188 640.66741943359375 -358.2532958984375
v -410.99752807617188 638.2406005859375 -353.8297119140625
v -410.86874389648438 638.80712890625 -353.940185546875
v -410.652099609375 639.34130859375 -354.12606811523438
v -410.35574340820312 639.81072998046875 -354.38034057617188
v -409.9937744140625 640.1910400390625 -354.69088745117188
v -409.59011840820312 640.4622802734375 -355.03720092773438
v -409.17160034179688 640.61865234375 -355.39627075195312
v -408.76260375976562 640.66741943359375 -355.7471923828125
v -408.64654541015625 638.2406005859375 -351.317138671875
v -408.52774047851562 638.80712890625 -351.43829345703125
v -408.32791137695312 639.34130859375 -351.64212036132812
v -408.05450439453125 639.81072998046875 -351.92095947265625
v -407.72061157226562 640.1910400390625 -352.26150512695312
v -407.34829711914062 640.4622802734375 -352.64126586914062
v -406.96221923828125 640.61865234375 -353.03506469726562
v -406.5849609375 640.66741943359375 -353.41983032226562
v -406.08804321289062 638.2406005859375 -349.0162353515625
v -405.9801025390625 638.80712890625 -349.14715576171875
v -405.79855346679688 639.34130859375 -349.367431640625
v -405.5501708984375 639.81072998046875 -349.66876220703125
v -405.246826171875 640.1910400390625 -350.03680419921875
v -404.9085693359375 640.4622802734375 -350.44717407226562
v -404.55780029296875 640.61865234375 -350.87274169921875
v -404.21505737304688 640.66741943359375 -351.28857421875
v -403.34100341796875 638.2406005859375 -346.94406127929688
v -403.2447509765625 638.80712890625 -347.08377075195312
v -403.08282470703125 639.34130859375 -347.31884765625
v -402.86129760742188 639.81072998046875 -347.64044189453125
v -402.59075927734375 640.1910400390625 -348.03323364257812
v -402.2890625 640.4622802734375 -348.47119140625
v -401.97622680664062 640.61865234375 -348.92535400390625
v -401.6705322265625 640.66741943359375 -349.369140625
v -400.42584228515625 638.2406005859375 -345.115966796875
v -400.34194946289062 638.80712890625 -345.26345825195312
v -400.20086669921875 639.34130859375 -345.51162719726562
v -400.00784301757812 639.81072998046875 -345.85107421875
v -399.7720947265625 640.1910400390625 -346.26568603515625
v -399.50921630859375 640.4622802734375 -346.72799682617188
v -399.23663330078125 640.61865234375 -347.2073974609375
v -398.97027587890625 640.66741943359375 -347.67584228515625
v -397.3641357421875 638.2406005859375 -343.54556274414062
v -397.29327392578125 638.80712890625 -343.69973754882812
v -397.174072265625 639.34130859375 -343.9591064453125
v -397.010986328125 639.81072998046875 -344.31393432617188
v -396.81179809570312 640.1910400390625 -344.74725341796875
v -396.58966064453125 640.4622802734375 -345.23049926757812
v -396.35934448242188 640.61865234375 -345.7315673828125
v -396.13430786132812 640.66741943359375 -346.22119140625
v -394.17864990234375 638.2406005859375 -342.2445068359375
v -394.121337890625 638.80712890625 -342.4041748046875
v -394.02487182617188 639.34130859375 -342.6728515625
v -393.89291381835938 639.81072998046875 -343.04037475585938
v -393.73178100585938 640.1910400390625 -343.4892578125
v -393.55206298828125 640.4622802734375 -343.98980712890625
v -393.36575317382812 640.61865234375 -344.50885009765625
v -393.18365478515625 640.66741943359375 -345.01605224609375
v -390.89303588867188 638.2406005859375 -341.22238159179688
v -390.84963989257812 638.80712890625 -341.38641357421875
v -390.77667236328125 639.34130859375 -341.66238403320312
v -390.67684936523438 639.81072998046875 -342.0399169921875
v -390.554931640625 640.1910400390625 -342.50100708007812
v -390.41897583007812 640.4622802734375 -343.01516723632812
v -390.27798461914062 640.61865234375 -343.54830932617188
v -390.14022827148438 640.66741943359375 -344.06927490234375
v -387.5316162109375 638.2406005859375 -340.48684692382812
v -387.50250244140625 638.80712890625 -340.65402221679688
v -387.45355224609375 639.34130859375 -340.93524169921875
v -387.3865966796875 639.81072998046875 -341.3199462890625
v -387.3048095703125 640.1910400390625 -341.78982543945312
v -387.213623046875 640.4622802734375 -342.31378173828125
v -387.11904907226562 640.61865234375 -342.8570556640625
v -387.02664184570312 640.66741943359375 -343.38796997070312
v -383.89508056640625 638.2406005859375 -340.02459716796875
v -383.88143920898438 638.80712890625 -340.1937255859375
v -383.85848999023438 639.34130859375 -340.47824096679688
v -383.82705688476562 639.81072998046875 -340.86749267578125
v -383.7886962890625 640.1910400390625 -341.34286499023438
v -383.74591064453125 640.4622802734375 -341.87298583984375
v -383.7015380859375 640.61865234375 -342.42266845703125
v -383.658203125 640.66741943359375 -342.95977783203125
v -380.68161010742188 638.2406005859375 -339.8951416015625
v -380.68161010742188 638.80712890625 -340.06478881835938
v -380.68161010742188 639.34130859375 -340.35025024414062
v -380.68161010742188 639.81072998046875 -340.74075317382812
v -380.68161010742188 640.1910400390625 -341.21768188476562
v -380.68161010742188 640.4622802734375 -341.74951171875
v -380.68161010742188 640.61865234375 -342.30099487304688
v -380.68161010742188 640.66741943359375 -342.83987426757812
v -376.9224853515625 638.2406005859375 -340.07241821289062
v -376.93844604492188 638.80712890625 -340.2413330078125
v -376.96533203125 639.34130859375 -340.5255126953125
v -377.0020751953125 639.81072998046875 -340.91427612304688
v -377.04696655273438 640.1910400390625 -341.38909912109375
v -377.09701538085938 640.4622802734375 -341.9185791015625
v -377.14889526367188 640.61865234375 -342.46759033203125
v -377.19961547851562 640.66741943359375 -343.00408935546875
v -373.38088989257812 638.2406005859375 -340.56796264648438
v -373.41189575195312 638.80712890625 -340.73480224609375
v -373.46408081054688 639.34130859375 -341.01544189453125
v -373.53546142578125 639.81072998046875 -341.39935302734375
v -373.62261962890625 640.1910400390625 -341.86825561523438
v -373.71981811523438 640.4622802734375 -342.39114379882812
v -373.82061767578125 640.61865234375 -342.93331909179688
v -373.91909790039062 640.66741943359375 -343.46310424804688
v -369.93496704101562 638.2406005859375 -341.367919921875
v -369.98062133789062 638.80712890625 -341.53131103515625
v -370.05740356445312 639.34130859375 -341.80624389648438
v -370.1624755859375 639.81072998046875 -342.182373046875
v -370.290771484375 640.1910400390625 -342.64169311523438
v -370.43386840820312 640.4622802734375 -343.1539306640625
v -370.58224487304688 640.61865234375 -343.68505859375
v -370.72720336914062 640.66741943359375 -344.20407104492188
v -366.57333374023438 638.2406005859375 -342.46957397460938
v -366.63323974609375 638.80712890625 -342.62832641601562
v -366.73406982421875 639.34130859375 -342.8953857421875
v -366.87200927734375 639.81072998046875 -343.26071166992188
v -367.04043579101562 640.1910400390625 -343.7069091796875
v -367.22830200195312 640.4622802734375 -344.2044677734375
v -367.42306518554688 640.61865234375 -344.72036743164062
v -367.6134033203125 640.66741943359375 -345.22451782226562
v -363.32232666015625 638.2406005859375 -343.86434936523438
v -363.39608764648438 638.80712890625 -344.01715087890625
v -363.5201416015625 639.34130859375 -344.27426147460938
v -363.68984985351562 639.81072998046875 -344.62594604492188
v -363.8970947265625 640.1910400390625 -345.05548095703125
v -364.12823486328125 640.4622802734375 -345.53448486328125
v -364.36788940429688 640.61865234375 -346.03115844726562
v -364.60208129882812 640.66741943359375 -346.5164794921875
v -360.25552368164062 638.2406005859375 -345.51266479492188
v -360.34228515625 638.80712890625 -345.65847778320312
v -360.48825073242188 639.34130859375 -345.90377807617188
v -360.68795776367188 639.81072998046875 -346.2393798828125
v -360.93182373046875 640.1910400390625 -346.64923095703125
v -361.20379638671875 640.4622802734375 -347.10626220703125
v -361.48577880859375 640.61865234375 -347.58016967773438
v -361.7613525390625 640.66741943359375 -348.04327392578125
v -357.37701416015625 638.2406005859375 -347.39794921875
v -357.47601318359375 638.80712890625 -347.53573608398438
v -357.64254760742188 639.34130859375 -347.767578125
v -357.87039184570312 639.81072998046875 -348.08474731445312
v -358.14862060546875 640.1910400390625 -348.47210693359375
v -358.45892333984375 640.4622802734375 -348.90402221679688
v -358.7806396484375 640.61865234375 -349.35189819335938
v -359.09506225585938 640.66741943359375 -349.78958129882812
v -354.67144775390625 638.2406005859375 -349.52398681640625
v -354.78192138671875 638.80712890625 -349.65274047851562
v -354.96780395507812 639.34130859375 -349.869384765625
v -355.22207641601562 639.81072998046875 -350.165771484375
v -355.53265380859375 640.1910400390625 -350.5277099609375
v -355.87893676757812 640.4622802734375 -350.93136596679688
v -356.238037109375 640.61865234375 -351.34988403320312
v -356.58892822265625 640.66741943359375 -351.75888061523438
v -352.15890502929688 638.2406005859375 -351.87496948242188
v -352.28005981445312 638.80712890625 -351.99374389648438
v -352.48388671875 639.34130859375 -352.19357299804688
v -352.76272583007812 639.81072998046875 -352.46697998046875
v -353.103271484375 640.1910400390625 -352.80087280273438
v -353.4830322265625 640.4622802734375 -353.17318725585938
v -353.87680053710938 640.61865234375 -353.55926513671875
v -354.2615966796875 640.66741943359375 -353.93655395507812
v -349.85797119140625 638.2406005859375 -354.4334716796875
v -349.98892211914062 638.80712890625 -354.5413818359375
v -350.20919799804688 639.34130859375 -354.72293090820312
v -350.51052856445312 639.81072998046875 -354.9713134765625
v -350.8785400390625 640.1910400390625 -355.274658203125
v -351.2889404296875 640.4622802734375 -355.6129150390625
v -351.7144775390625 640.61865234375 -355.96368408203125
v -352.13031005859375 640.66741943359375 -356.30642700195312
v -347.78579711914062 638.2406005859375 -357.18048095703125
v -347.925537109375 638.80712890625 -357.2767333984375
v -348.16061401367188 639.34130859375 -357.43865966796875
v -348.48220825195312 639.81072998046875 -357.66018676757812
v -348.87496948242188 640.1910400390625 -357.93072509765625
v -349.31295776367188 640.4622802734375 -358.232421875
v -349.76712036132812 640.61865234375 -358.54525756835938
v -350.21090698242188 640.66741943359375 -358.8509521484375
v -345.95773315429688 638.2406005859375 -360.09567260742188
v -346.105224609375 638.80712890625 -360.17953491210938
v -346.35336303710938 639.34130859375 -360.32061767578125
v -346.69284057617188 639.81072998046875 -360.51364135742188
v -347.107421875 640.1910400390625 -360.7493896484375
v -347.56976318359375 640.4622802734375 -361.01226806640625
v -348.04913330078125 640.61865234375 -361.28485107421875
v -348.517578125 640.66741943359375 -361.55120849609375
v -344.3873291015625 638.2406005859375 -363.1573486328125
v -344.54150390625 638.80712890625 -363.22821044921875
v -344.80084228515625 639.34130859375 -363.347412109375
v -345.15567016601562 639.81072998046875 -363.51052856445312
v -345.58901977539062 640.1910400390625 -363.709716796875
v -346.072265625 640.4622802734375 -363.93182373046875
v -346.57330322265625 640.61865234375 -364.16213989257812
v -347.06295776367188 640.66741943359375 -364.38717651367188
v -343.08624267578125 638.2406005859375 -366.34283447265625
v -343.24594116210938 638.80712890625 -366.400146484375
v -343.51458740234375 639.34130859375 -366.49661254882812
v -343.88214111328125 639.81072998046875 -366.62857055664062
v -344.33102416992188 640.1910400390625 -366.78970336914062
v -344.83157348632812 640.4622802734375 -366.96942138671875
v -345.3505859375 640.61865234375 -367.15576171875
v -345.8577880859375 640.66741943359375 -367.33782958984375
v -342.06414794921875 638.2406005859375 -369.62847900390625
v -342.22817993164062 638.80712890625 -369.67184448242188
v -342.504150390625 639.34130859375 -369.74481201171875
v -342.88168334960938 639.81072998046875 -369.84463500976562
v -343.34274291992188 640.1910400390625 -369.966552734375
v -343.85693359375 640.4622802734375 -370.10250854492188
v -344.39004516601562 640.61865234375 -370.24349975585938
v -344.91104125976562 640.66741943359375 -370.38125610351562
v -341.32861328125 638.2406005859375 -372.9898681640625
v -341.49575805664062 638.80712890625 -373.01898193359375
v -341.7769775390625 639.34130859375 -373.06793212890625
v -342.16171264648438 639.81072998046875 -373.1348876953125
v -342.63156127929688 640.1910400390625 -373.2166748046875
v -343.155517578125 640.4622802734375 -373.30789184570312
v -343.69882202148438 640.61865234375 -373.40243530273438
v -344.229736328125 640.66741943359375 -373.494873046875
v -340.86636352539062 638.2406005859375 -376.62640380859375
v -341.03546142578125 638.80712890625 -376.64004516601562
v -341.32000732421875 639.34130859375 -376.66302490234375
v -341.709228515625 639.81072998046875 -376.69442749023438
v -342.18463134765625 640.1910400390625 -376.7327880859375
v -342.7147216796875 640.4622802734375 -376.77557373046875
v -343.264404296875 640.61865234375 -376.8199462890625
v -343.80154418945312 640.66741943359375 -376.86331176757812
v -340.68161010742188 637.66741943359375 -379.83987426757812
v -340.73687744140625 638.2406005859375 -379.83987426757812
v -340.90655517578125 638.80712890625 -379.83987426757812
v -341.1920166015625 639.34130859375 -379.83987426757812
v -341.58251953125 639.81072998046875 -379.83987426757812
v -342.0594482421875 640.1910400390625 -379.83987426757812
v -342.59127807617188 640.4622802734375 -379.83987426757812
v -343.14273071289062 640.61865234375 -379.83987426757812
v -343.68161010742188 640.66741943359375 -379.83987426757812
v -340.76727294921875 637.66741943359375 -382.45599365234375
v -341.02383422851562 637.66741943359375 -385.0609130859375
v -341.4501953125 637.66741943359375 -387.64349365234375
v -342.04458618164062 637.66741943359375 -390.192626953125
v -342.80441284179688 637.66741943359375 -392.69744873046875
v -343.7264404296875 637.66741943359375 -395.147216796875
v -344.80670166015625 637.66741943359375 -397.53140258789062
v -346.04061889648438 637.66741943359375 -399.83987426757812
v -347.4228515625 637.66741943359375 -402.06268310546875
v -348.94747924804688 637.66741943359375 -404.19033813476562
v -350.6080322265625 637.66741943359375 -406.21371459960938
v -352.3973388671875 637.66741943359375 -408.1241455078125
v -354.30780029296875 637.66741943359375 -409.9134521484375
v -356.3311767578125 637.66741943359375 -411.57400512695312
v -358.45880126953125 637.66741943359375 -413.09866333007812
v -360.68161010742188 637.66741943359375 -414.48089599609375
v -362.99008178710938 637.66741943359375 -415.71478271484375
v -365.37429809570312 637.66741943359375 -416.7950439453125
v -367.82403564453125 637.66741943359375 -417.71707153320312
v -370.328857421875 637.66741943359375 -418.47689819335938
v -372.87802124023438 637.66741943359375 -419.0712890625
v -375.4605712890625 637.66741943359375 -419.49765014648438
v -378.06549072265625 637.66741943359375 -419.75421142578125
v -383.29776000976562 637.66741943359375 -419.75421142578125
v -385.90267944335938 637.66741943359375 -419.49765014648438
v -388.4852294921875 637.66741943359375 -419.0712890625
v -391.03439331054688 637.66741943359375 -418.47689819335938
v -393.53921508789062 637.66741943359375 -417.71707153320312
v -395.98895263671875 637.66741943359375 -416.7950439453125
v -398.3731689453125 637.66741943359375 -415.71478271484375
v -400.68161010742188 637.66741943359375 -414.48089599609375
v -402.9044189453125 637.66741943359375 -413.09866333007812
v -405.03207397460938 637.66741943359375 -411.57400512695312
v -407.05545043945312 637.66741943359375 -409.9134521484375
v -408.96588134765625 637.66741943359375 -408.1241455078125
v -410.75521850585938 637.66741943359375 -406.21371459960938
v -412.41574096679688 637.66741943359375 -404.19033813476562
v -413.94039916992188 637.66741943359375 -402.06268310546875
v -415.3226318359375 637.66741943359375 -399.83987426757812
v -416.5565185546875 637.66741943359375 -397.53140258789062
v -417.63681030273438 637.66741943359375 -395.147216796875
v -418.558837890625 637.66741943359375 -392.69744873046875
v -419.31866455078125 637.66741943359375 -390.192626953125
v -419.91302490234375 637.66741943359375 -387.64349365234375
v -420.33941650390625 637.66741943359375 -385.0609130859375
v -420.59597778320312 637.66741943359375 -382.45599365234375
v -420.59597778320312 637.66741943359375 -377.2237548828125
v -420.33941650390625 637.66741943359375 -374.61883544921875
v -419.91302490234375 637.66741943359375 -372.0362548828125
v -419.31866455078125 637.66741943359375 -369.48712158203125
v -418.558837890625 637.66741943359375 -366.9822998046875
v -417.63681030273438 637.66741943359375 -364.53253173828125
v -416.5565185546875 637.66741943359375 -362.1483154296875
v -415.3226318359375 637.66741943359375 -359.83987426757812
v -413.94039916992188 637.66741943359375 -357.6170654296875
v -412.41574096679688 637.66741943359375 -355.48941040039062
v -410.75521850585938 637.66741943359375 -353.46603393554688
v -408.96588134765625 637.66741943359375 -351.55560302734375
v -407.05545043945312 637.66741943359375 -349.76626586914062
v -405.03207397460938 637.66741943359375 -348.10574340820312
v -402.9044189453125 637.66741943359375 -346.58108520507812
v -400.68161010742188 637.66741943359375 -345.1988525390625
v -398.3731689453125 637.66741943359375 -343.9649658203125
v -395.98895263671875 637.66741943359375 -342.88467407226562
v -393.53921508789062 637.66741943359375 -341.96267700195312
v -391.03439331054688 637.66741943359375 -341.20285034179688
v -388.4852294921875 637.66741943359375 -340.60845947265625
v -385.90267944335938 637.66741943359375 -340.18206787109375
v -383.29776000976562 637.66741943359375 -339.92550659179688
v -380.68161010742188 637.66741943359375 -339.83987426757812
v -378.06549072265625 637.66741943359375 -339.92550659179688
v -375.4605712890625 637.66741943359375 -340.18206787109375
v -372.87802124023438 637.66741943359375 -340.60845947265625
v -370.328857421875 637.66741943359375 -341.20285034179688
v -367.82403564453125 637.66741943359375 -341.96267700195312
v -365.37429809570312 637.66741943359375 -342.88467407226562
v -362.99008178710938 637.66741943359375 -343.9649658203125
v -360.68161010742188 637.66741943359375 -345.1988525390625
v -358.45880126953125 637.66741943359375 -346.58108520507812
v -356.3311767578125 637.66741943359375 -348.10574340820312
v -354.30780029296875 637.66741943359375 -349.76626586914062
v -352.3973388671875 637.66741943359375 -351.55560302734375
v -350.6080322265625 637.66741943359375 -353.46603393554688
v -348.94747924804688 637.66741943359375 -355.48941040039062
v -347.4228515625 637.66741943359375 -357.6170654296875
v -346.04061889648438 637.66741943359375 -359.83987426757812
v -344.80670166015625 637.66741943359375 -362.1483154296875
v -343.7264404296875 637.66741943359375 -364.53253173828125
v -342.80441284179688 637.66741943359375 -366.9822998046875
v -342.04458618164062 637.66741943359375 -369.48712158203125
v -341.4501953125 637.66741943359375 -372.0362548828125
v -341.02383422851562 637.66741943359375 -374.61883544921875
v -340.76727294921875 637.66741943359375 -377.2237548828125
v -350.68161010742188 0 -379.83987426757812
v -351.24371337890625 0 -385.61993408203125
v -352.90890502929688 0 -391.18338012695312
v -355.61477661132812 0 -396.32177734375
v -359.25997924804688 0 -400.84255981445312
v -363.7078857421875 0 -404.57632446289062
v -368.85336303710938 0 -407.40963745117188
v -374.54666137695312 0 -409.20587158203125
v -380.68161010742188 0 -409.83987426757812
v -386.461669921875 0 -409.27777099609375
v -392.025146484375 0 -407.61260986328125
v -397.16354370117188 0 -404.90670776367188
v -401.684326171875 0 -401.26150512695312
v -405.4180908203125 0 -396.8135986328125
v -408.25140380859375 0 -391.66812133789062
v -410.04763793945312 0 -385.97482299804688
v -410.68161010742188 0 -379.83987426757812
v -410.11953735351562 0 -374.059814453125
v -408.454345703125 0 -368.496337890625
v -405.74847412109375 0 -363.35794067382812
v -402.103271484375 0 -358.837158203125
v -397.65533447265625 0 -355.1033935546875
v -392.5098876953125 0 -352.27011108398438
v -386.81658935546875 0 -350.473876953125
v -380.68161010742188 0 -349.83987426757812
v -374.90158081054688 0 -350.40194702148438
v -369.33810424804688 0 -352.067138671875
v -364.19970703125 0 -354.77304077148438
v -359.67892456054688 0 -358.418212890625
v -355.94515991210938 0 -362.86614990234375
v -353.11184692382812 0 -368.0115966796875
v -351.31561279296875 0 -373.70489501953125
v -380.68161010742188 0 -379.83987426757812
v -380.68161010742188 0 -394.83987426757812
v -365.68161010742188 0 -379.83987426757812
v -365.68161010742188 0 -394.83987426757812
v -380.68161010742188 0 -364.83987426757812
v -365.68161010742188 0 -364.83987426757812
v -395.68161010742188 0 -379.83987426757812
v -395.68161010742188 0 -394.83987426757812
v -395.68161010742188 0 -364.83987426757812
v -340.68161010742188 45.547672271728516 -379.83987426757812
v -340.68161010742188 91.095344543457031 -379.83987426757812
v -340.68161010742188 136.64302062988281 -379.83987426757812
v -340.68161010742188 182.19068908691406 -379.83987426757812
v -340.68161010742188 227.73837280273438 -379.83987426757812
v -340.68161010742188 273.28604125976562 -379.83987426757812
v -340.68161010742188 318.83370971679688 -379.83987426757812
v -340.68161010742188 364.38137817382812 -379.83987426757812
v -340.68161010742188 409.92904663085938 -379.83987426757812
v -340.68161010742188 455.47674560546875 -379.83987426757812
v -340.68161010742188 501.0244140625 -379.83987426757812
v -340.68161010742188 546.57208251953125 -379.83987426757812
v -340.68161010742188 592.1197509765625 -379.83987426757812
v -340.68161010742188 637.66741943359375 -379.83987426757812
v -341.41842651367188 45.547672271728516 -387.48187255859375
v -341.41842651367188 91.095344543457031 -387.48187255859375
v -341.41842651367188 136.64302062988281 -387.48187255859375
v -341.41842651367188 182.19068908691406 -387.48187255859375
v -341.41842651367188 227.73837280273438 -387.48187255859375
v -341.41842651367188 273.28604125976562 -387.48187255859375
v -341.41842651367188 318.83370971679688 -387.48187255859375
v -341.41842651367188 364.38137817382812 -387.48187255859375
v -341.41842651367188 409.92904663085938 -387.48187255859375
v -341.41842651367188 455.47674560546875 -387.48187255859375
v -341.41842651367188 501.0244140625 -387.48187255859375
v -341.41842651367188 546.57208251953125 -387.48187255859375
v -341.41842651367188 592.1197509765625 -387.48187255859375
v -343.68069458007812 45.547672271728516 -395.03628540039062
v -343.68069458007812 91.095344543457031 -395.03628540039062
v -343.68069458007812 136.64302062988281 -395.03628540039062
v -343.68069458007812 182.19068908691406 -395.03628540039062
v -343.68069458007812 227.73837280273438 -395.03628540039062
v -343.68069458007812 273.28604125976562 -395.03628540039062
v -343.68069458007812 318.83370971679688 -395.03628540039062
v -343.68069458007812 364.38137817382812 -395.03628540039062
v -343.68069458007812 409.92904663085938 -395.03628540039062
v -343.68069458007812 455.47674560546875 -395.03628540039062
v -343.68069458007812 501.0244140625 -395.03628540039062
v -343.68069458007812 546.57208251953125 -395.03628540039062
v -343.68069458007812 592.1197509765625 -395.03628540039062
v -347.48672485351562 45.547672271728516 -402.15798950195312
v -347.48672485351562 91.095344543457031 -402.15798950195312
v -347.48672485351562 136.64302062988281 -402.15798950195312
v -347.48672485351562 182.19068908691406 -402.15798950195312
v -347.48672485351562 227.73837280273438 -402.15798950195312
v -347.48672485351562 273.28604125976562 -402.15798950195312
v -347.48672485351562 318.83370971679688 -402.15798950195312
v -347.48672485351562 364.38137817382812 -402.15798950195312
v -347.48672485351562 409.92904663085938 -402.15798950195312
v -347.48672485351562 455.47674560546875 -402.15798950195312
v -347.48672485351562 501.0244140625 -402.15798950195312
v -347.48672485351562 546.57208251953125 -402.15798950195312
v -347.48672485351562 592.1197509765625 -402.15798950195312
v -352.6934814453125 45.547672271728516 -408.41720581054688
v -352.6934814453125 91.095344543457031 -408.41720581054688
v -352.6934814453125 136.64302062988281 -408.41720581054688
v -352.6934814453125 182.19068908691406 -408.41720581054688
v -352.6934814453125 227.73837280273438 -408.41720581054688
v -352.6934814453125 273.28604125976562 -408.41720581054688
v -352.6934814453125 318.83370971679688 -408.41720581054688
v -352.6934814453125 364.38137817382812 -408.41720581054688
v -352.6934814453125 409.92904663085938 -408.41720581054688
v -352.6934814453125 455.47674560546875 -408.41720581054688
v -352.6934814453125 501.0244140625 -408.41720581054688
v -352.6934814453125 546.57208251953125 -408.41720581054688
v -352.6934814453125 592.1197509765625 -408.41720581054688
v -359.05255126953125 45.547672271728516 -413.48779296875
v -359.05255126953125 91.095344543457031 -413.48779296875
v -359.05255126953125 136.64302062988281 -413.48779296875
v -359.05255126953125 182.19068908691406 -413.48779296875
v -359.05255126953125 227.73837280273438 -413.48779296875
v -359.05255126953125 273.28604125976562 -413.48779296875
v -359.05255126953125 318.83370971679688 -413.48779296875
v -359.05255126953125 364.38137817382812 -413.48779296875
v -359.05255126953125 409.92904663085938 -413.48779296875
v -359.05255126953125 455.47674560546875 -413.48779296875
v -359.05255126953125 501.0244140625 -413.48779296875
v -359.05255126953125 546.57208251953125 -413.48779296875
v -359.05255126953125 592.1197509765625 -413.48779296875
v -366.14364624023438 45.547672271728516 -417.10443115234375
v -366.14364624023438 91.095344543457031 -417.10443115234375
v -366.14364624023438 136.64302062988281 -417.10443115234375
v -366.14364624023438 182.19068908691406 -417.10443115234375
v -366.14364624023438 227.73837280273438 -417.10443115234375
v -366.14364624023438 273.28604125976562 -417.10443115234375
v -366.14364624023438 318.83370971679688 -417.10443115234375
v -366.14364624023438 364.38137817382812 -417.10443115234375
v -366.14364624023438 409.92904663085938 -417.10443115234375
v -366.14364624023438 455.47674560546875 -417.10443115234375
v -366.14364624023438 501.0244140625 -417.10443115234375
v -366.14364624023438 546.57208251953125 -417.10443115234375
v -366.14364624023438 592.1197509765625 -417.10443115234375
v -373.49649047851562 45.547672271728516 -419.18923950195312
v -373.49649047851562 91.095344543457031 -419.18923950195312
v -373.49649047851562 136.64302062988281 -419.18923950195312
v -373.49649047851562 182.19068908691406 -419.18923950195312
v -373.49649047851562 227.73837280273438 -419.18923950195312
v -373.49649047851562 273.28604125976562 -419.18923950195312
v -373.49649047851562 318.83370971679688 -419.18923950195312
v -373.49649047851562 364.38137817382812 -419.18923950195312
v -373.49649047851562 409.92904663085938 -419.18923950195312
v -373.49649047851562 455.47674560546875 -419.18923950195312
v -373.49649047851562 501.0244140625 -419.18923950195312
v -373.49649047851562 546.57208251953125 -419.18923950195312
v -373.49649047851562 592.1197509765625 -419.18923950195312
v -380.68161010742188 45.547672271728516 -419.83987426757812
v -380.68161010742188 91.095344543457031 -419.83987426757812
v -380.68161010742188 136.64302062988281 -419.83987426757812
v -380.68161010742188 182.19068908691406 -419.83987426757812
v -380.68161010742188 227.73837280273438 -419.83987426757812
v -380.68161010742188 273.28604125976562 -419.83987426757812
v -380.68161010742188 318.83370971679688 -419.83987426757812
v -380.68161010742188 364.38137817382812 -419.83987426757812
v -380.68161010742188 409.92904663085938 -419.83987426757812
v -380.68161010742188 455.47674560546875 -419.83987426757812
v -380.68161010742188 501.0244140625 -419.83987426757812
v -380.68161010742188 546.57208251953125 -419.83987426757812
v -380.68161010742188 592.1197509765625 -419.83987426757812
v -380.68161010742188 637.66741943359375 -419.83987426757812
v -388.32363891601562 45.547672271728516 -419.10308837890625
v -388.32363891601562 91.095344543457031 -419.10308837890625
v -388.32363891601562 136.64302062988281 -419.10308837890625
v -388.32363891601562 182.19068908691406 -419.10308837890625
v -388.32363891601562 227.73837280273438 -419.10308837890625
v -388.32363891601562 273.28604125976562 -419.10308837890625
v -388.32363891601562 318.83370971679688 -419.10308837890625
v -388.32363891601562 364.38137817382812 -419.10308837890625
v -388.32363891601562 409.92904663085938 -419.10308837890625
v -388.32363891601562 455.47674560546875 -419.10308837890625
v -388.32363891601562 501.0244140625 -419.10308837890625
v -388.32363891601562 546.57208251953125 -419.10308837890625
v -388.32363891601562 592.1197509765625 -419.10308837890625
v -395.8780517578125 45.547672271728516 -416.84078979492188
v -395.8780517578125 91.095344543457031 -416.84078979492188
v -395.8780517578125 136.64302062988281 -416.84078979492188
v -395.8780517578125 182.19068908691406 -416.84078979492188
v -395.8780517578125 227.73837280273438 -416.84078979492188
v -395.8780517578125 273.28604125976562 -416.84078979492188
v -395.8780517578125 318.83370971679688 -416.84078979492188
v -395.8780517578125 364.38137817382812 -416.84078979492188
v -395.8780517578125 409.92904663085938 -416.84078979492188
v -395.8780517578125 455.47674560546875 -416.84078979492188
v -395.8780517578125 501.0244140625 -416.84078979492188
v -395.8780517578125 546.57208251953125 -416.84078979492188
v -395.8780517578125 592.1197509765625 -416.84078979492188
v -402.99972534179688 45.547672271728516 -413.0347900390625
v -402.99972534179688 91.095344543457031 -413.0347900390625
v -402.99972534179688 136.64302062988281 -413.0347900390625
v -402.99972534179688 182.19068908691406 -413.0347900390625
v -402.99972534179688 227.73837280273438 -413.0347900390625
v -402.99972534179688 273.28604125976562 -413.0347900390625
v -402.99972534179688 318.83370971679688 -413.0347900390625
v -402.99972534179688 364.38137817382812 -413.0347900390625
v -402.99972534179688 409.92904663085938 -413.0347900390625
v -402.99972534179688 455.47674560546875 -413.0347900390625
v -402.99972534179688 501.0244140625 -413.0347900390625
v -402.99972534179688 546.57208251953125 -413.0347900390625
v -402.99972534179688 592.1197509765625 -413.0347900390625
v -409.25894165039062 45.547672271728516 -407.8280029296875
v -409.25894165039062 91.095344543457031 -407.8280029296875
v -409.25894165039062 136.64302062988281 -407.8280029296875
v -409.25894165039062 182.19068908691406 -407.8280029296875
v -409.25894165039062 227.73837280273438 -407.8280029296875
v -409.25894165039062 273.28604125976562 -407.8280029296875
v -409.25894165039062 318.83370971679688 -407.8280029296875
v -409.25894165039062 364.38137817382812 -407.8280029296875
v -409.25894165039062 409.92904663085938 -407.8280029296875
v -409.25894165039062 455.47674560546875 -407.8280029296875
v -409.25894165039062 501.0244140625 -407.8280029296875
v -409.25894165039062 546.57208251953125 -407.8280029296875
v -409.25894165039062 592.1197509765625 -407.8280029296875
v -414.32955932617188 45.547672271728516 -401.46896362304688
v -414.32955932617188 91.095344543457031 -401.46896362304688
v -414.32955932617188 136.64302062988281 -401.46896362304688
v -414.32955932617188 182.19068908691406 -401.46896362304688
v -414.32955932617188 227.73837280273438 -401.46896362304688
v -414.32955932617188 273.28604125976562 -401.46896362304688
v -414.32955932617188 318.83370971679688 -401.46896362304688
v -414.32955932617188 364.38137817382812 -401.46896362304688
v -414.32955932617188 409.92904663085938 -401.46896362304688
v -414.32955932617188 455.47674560546875 -401.46896362304688
v -414.32955932617188 501.0244140625 -401.46896362304688
v -414.32955932617188 546.57208251953125 -401.46896362304688
v -414.32955932617188 592.1197509765625 -401.46896362304688
v -417.9461669921875 45.547672271728516 -394.37783813476562
v -417.9461669921875 91.095344543457031 -394.37783813476562
v -417.9461669921875 136.64302062988281 -394.37783813476562
v -417.9461669921875 182.19068908691406 -394.37783813476562
v -417.9461669921875 227.73837280273438 -394.37783813476562
v -417.9461669921875 273.28604125976562 -394.37783813476562
v -417.9461669921875 318.83370971679688 -394.37783813476562
v -417.9461669921875 364.38137817382812 -394.37783813476562
v -417.9461669921875 409.92904663085938 -394.37783813476562
v -417.9461669921875 455.47674560546875 -394.37783813476562
v -417.9461669921875 501.0244140625 -394.37783813476562
v -417.9461669921875 546.57208251953125 -394.37783813476562
v -417.9461669921875 592.1197509765625 -394.37783813476562
v -420.031005859375 45.547672271728516 -387.02499389648438
v -420.031005859375 91.095344543457031 -387.02499389648438
v -420.031005859375 136.64302062988281 -387.02499389648438
v -420.031005859375 182.19068908691406 -387.02499389648438
v -420.031005859375 227.73837280273438 -387.02499389648438
v -420.031005859375 273.28604125976562 -387.02499389648438
v -420.031005859375 318.83370971679688 -387.02499389648438
v -420.031005859375 364.38137817382812 -387.02499389648438
v -420.031005859375 409.92904663085938 -387.02499389648438
v -420.031005859375 455.47674560546875 -387.02499389648438
v -420.031005859375 501.0244140625 -387.02499389648438
v -420.031005859375 546.57208251953125 -387.02499389648438
v -420.031005859375 592.1197509765625 -387.02499389648438
v -420.68161010742188 45.547672271728516 -379.83987426757812
v -420.68161010742188 91.095344543457031 -379.83987426757812
v -420.68161010742188 136.64302062988281 -379.83987426757812
v -420.68161010742188 182.19068908691406 -379.83987426757812
v -420.68161010742188 227.73837280273438 -379.83987426757812
v -420.68161010742188 273.28604125976562 -379.83987426757812
v -420.68161010742188 318.83370971679688 -379.83987426757812
v -420.68161010742188 364.38137817382812 -379.83987426757812
v -420.68161010742188 409.92904663085938 -379.83987426757812
v -420.68161010742188 455.47674560546875 -379.83987426757812
v -420.68161010742188 501.0244140625 -379.83987426757812
v -420.68161010742188 546.57208251953125 -379.83987426757812
v -420.68161010742188 592.1197509765625 -379.83987426757812
v -420.68161010742188 637.66741943359375 -379.83987426757812
v -419.94482421875 45.547672271728516 -372.19784545898438
v -419.94482421875 91.095344543457031 -372.19784545898438
v -419.94482421875 136.64302062988281 -372.19784545898438
v -419.94482421875 182.19068908691406 -372.19784545898438
v -419.94482421875 227.73837280273438 -372.19784545898438
v -419.94482421875 273.28604125976562 -372.19784545898438
v -419.94482421875 318.83370971679688 -372.19784545898438
v -419.94482421875 364.38137817382812 -372.19784545898438
v -419.94482421875 409.92904663085938 -372.19784545898438
v -419.94482421875 455.47674560546875 -372.19784545898438
v -419.94482421875 501.0244140625 -372.19784545898438
v -419.94482421875 546.57208251953125 -372.19784545898438
v -419.94482421875 592.1197509765625 -372.19784545898438
v -417.68255615234375 45.547672271728516 -364.64346313476562
v -417.68255615234375 91.095344543457031 -364.64346313476562
v -417.68255615234375 136.64302062988281 -364.64346313476562
v -417.68255615234375 182.19068908691406 -364.64346313476562
v -417.68255615234375 227.73837280273438 -364.64346313476562
v -417.68255615234375 273.28604125976562 -364.64346313476562
v -417.68255615234375 318.83370971679688 -364.64346313476562
v -417.68255615234375 364.38137817382812 -364.64346313476562
v -417.68255615234375 409.92904663085938 -364.64346313476562
v -417.68255615234375 455.47674560546875 -364.64346313476562
v -417.68255615234375 501.0244140625 -364.64346313476562
v -417.68255615234375 546.57208251953125 -364.64346313476562
v -417.68255615234375 592.1197509765625 -364.64346313476562
v -413.87652587890625 45.547672271728516 -357.52175903320312
v -413.87652587890625 91.095344543457031 -357.52175903320312
v -413.87652587890625 136.64302062988281 -357.52175903320312
v -413.87652587890625 182.19068908691406 -357.52175903320312
v -413.87652587890625 227.73837280273438 -357.52175903320312
v -413.87652587890625 273.28604125976562 -357.52175903320312
v -413.87652587890625 318.83370971679688 -357.52175903320312
v -413.87652587890625 364.38137817382812 -357.52175903320312
v -413.87652587890625 409.92904663085938 -357.52175903320312
v -413.87652587890625 455.47674560546875 -357.52175903320312
v -413.87652587890625 501.0244140625 -357.52175903320312
v -413.87652587890625 546.57208251953125 -357.52175903320312
v -413.87652587890625 592.1197509765625 -357.52175903320312
v -408.66976928710938 45.547672271728516 -351.26254272460938
v -408.66976928710938 91.095344543457031 -351.26254272460938
v -408.66976928710938 136.64302062988281 -351.26254272460938
v -408.66976928710938 182.19068908691406 -351.26254272460938
v -408.66976928710938 227.73837280273438 -351.26254272460938
v -408.66976928710938 273.28604125976562 -351.26254272460938
v -408.66976928710938 318.83370971679688 -351.26254272460938
v -408.66976928710938 364.38137817382812 -351.26254272460938
v -408.66976928710938 409.92904663085938 -351.26254272460938
v -408.66976928710938 455.47674560546875 -351.26254272460938
v -408.66976928710938 501.0244140625 -351.26254272460938
v -408.66976928710938 546.57208251953125 -351.26254272460938
v -408.66976928710938 592.1197509765625 -351.26254272460938
v -402.31069946289062 45.547672271728516 -346.19195556640625
v -402.31069946289062 91.095344543457031 -346.19195556640625
v -402.31069946289062 136.64302062988281 -346.19195556640625
v -402.31069946289062 182.19068908691406 -346.19195556640625
v -402.31069946289062 227.73837280273438 -346.19195556640625
v -402.31069946289062 273.28604125976562 -346.19195556640625
v -402.31069946289062 318.83370971679688 -346.19195556640625
v -402.31069946289062 364.38137817382812 -346.19195556640625
v -402.31069946289062 409.92904663085938 -346.19195556640625
v -402.31069946289062 455.47674560546875 -346.19195556640625
v -402.31069946289062 501.0244140625 -346.19195556640625
v -402.31069946289062 546.57208251953125 -346.19195556640625
v -402.31069946289062 592.1197509765625 -346.19195556640625
v -395.2196044921875 45.547672271728516 -342.5753173828125
v -395.2196044921875 91.095344543457031 -342.5753173828125
v -395.2196044921875 136.64302062988281 -342.5753173828125
v -395.2196044921875 182.19068908691406 -342.5753173828125
v -395.2196044921875 227.73837280273438 -342.5753173828125
v -395.2196044921875 273.28604125976562 -342.5753173828125
v -395.2196044921875 318.83370971679688 -342.5753173828125
v -395.2196044921875 364.38137817382812 -342.5753173828125
v -395.2196044921875 409.92904663085938 -342.5753173828125
v -395.2196044921875 455.47674560546875 -342.5753173828125
v -395.2196044921875 501.0244140625 -342.5753173828125
v -395.2196044921875 546.57208251953125 -342.5753173828125
v -395.2196044921875 592.1197509765625 -342.5753173828125
v -387.86676025390625 45.547672271728516 -340.490478515625
v -387.86676025390625 91.095344543457031 -340.490478515625
v -387.86676025390625 136.64302062988281 -340.490478515625
v -387.86676025390625 182.19068908691406 -340.490478515625
v -387.86676025390625 227.73837280273438 -340.490478515625
v -387.86676025390625 273.28604125976562 -340.490478515625
v -387.86676025390625 318.83370971679688 -340.490478515625
v -387.86676025390625 364.38137817382812 -340.490478515625
v -387.86676025390625 409.92904663085938 -340.490478515625
v -387.86676025390625 455.47674560546875 -340.490478515625
v -387.86676025390625 501.0244140625 -340.490478515625
v -387.86676025390625 546.57208251953125 -340.490478515625
v -387.86676025390625 592.1197509765625 -340.490478515625
v -380.68161010742188 45.547672271728516 -339.83987426757812
v -380.68161010742188 91.095344543457031 -339.83987426757812
v -380.68161010742188 136.64302062988281 -339.83987426757812
v -380.68161010742188 182.19068908691406 -339.83987426757812
v -380.68161010742188 227.73837280273438 -339.83987426757812
v -380.68161010742188 273.28604125976562 -339.83987426757812
v -380.68161010742188 318.83370971679688 -339.83987426757812
v -380.68161010742188 364.38137817382812 -339.83987426757812
v -380.68161010742188 409.92904663085938 -339.83987426757812
v -380.68161010742188 455.47674560546875 -339.83987426757812
v -380.68161010742188 501.0244140625 -339.83987426757812
v -380.68161010742188 546.57208251953125 -339.83987426757812
v -380.68161010742188 592.1197509765625 -339.83987426757812
v -380.68161010742188 637.66741943359375 -339.83987426757812
v -373.03961181640625 45.547672271728516 -340.57666015625
v -373.03961181640625 91.095344543457031 -340.57666015625
v -373.03961181640625 136.64302062988281 -340.57666015625
v -373.03961181640625 182.19068908691406 -340.57666015625
v -373.03961181640625 227.73837280273438 -340.57666015625
v -373.03961181640625 273.28604125976562 -340.57666015625
v -373.03961181640625 318.83370971679688 -340.57666015625
v -373.03961181640625 364.38137817382812 -340.57666015625
v -373.03961181640625 409.92904663085938 -340.57666015625
v -373.03961181640625 455.47674560546875 -340.57666015625
v -373.03961181640625 501.0244140625 -340.57666015625
v -373.03961181640625 546.57208251953125 -340.57666015625
v -373.03961181640625 592.1197509765625 -340.57666015625
v -365.48519897460938 45.547672271728516 -342.83892822265625
v -365.48519897460938 91.095344543457031 -342.83892822265625
v -365.48519897460938 136.64302062988281 -342.83892822265625
v -365.48519897460938 182.19068908691406 -342.83892822265625
v -365.48519897460938 227.73837280273438 -342.83892822265625
v -365.48519897460938 273.28604125976562 -342.83892822265625
v -365.48519897460938 318.83370971679688 -342.83892822265625
v -365.48519897460938 364.38137817382812 -342.83892822265625
v -365.48519897460938 409.92904663085938 -342.83892822265625
v -365.48519897460938 455.47674560546875 -342.83892822265625
v -365.48519897460938 501.0244140625 -342.83892822265625
v -365.48519897460938 546.57208251953125 -342.83892822265625
v -365.48519897460938 592.1197509765625 -342.83892822265625
v -358.36349487304688 45.547672271728516 -346.64495849609375
v -358.36349487304688 91.095344543457031 -346.64495849609375
v -358.36349487304688 136.64302062988281 -346.64495849609375
v -358.36349487304688 182.19068908691406 -346.64495849609375
v -358.36349487304688 227.73837280273438 -346.64495849609375
v -358.36349487304688 273.28604125976562 -346.64495849609375
v -358.36349487304688 318.83370971679688 -346.64495849609375
v -358.36349487304688 364.38137817382812 -346.64495849609375
v -358.36349487304688 409.92904663085938 -346.64495849609375
v -358.36349487304688 455.47674560546875 -346.64495849609375
v -358.36349487304688 501.0244140625 -346.64495849609375
v -358.36349487304688 546.57208251953125 -346.64495849609375
v -358.36349487304688 592.1197509765625 -346.64495849609375
v -352.10427856445312 45.547672271728516 -351.85171508789062
v -352.10427856445312 91.095344543457031 -351.85171508789062
v -352.10427856445312 136.64302062988281 -351.85171508789062
v -352.10427856445312 182.19068908691406 -351.85171508789062
v -352.10427856445312 227.73837280273438 -351.85171508789062
v -352.10427856445312 273.28604125976562 -351.85171508789062
v -352.10427856445312 318.83370971679688 -351.85171508789062
v -352.10427856445312 364.38137817382812 -351.85171508789062
v -352.10427856445312 409.92904663085938 -351.85171508789062
v -352.10427856445312 455.47674560546875 -351.85171508789062
v -352.10427856445312 501.0244140625 -351.85171508789062
v -352.10427856445312 546.57208251953125 -351.85171508789062
v -352.10427856445312 592.1197509765625 -351.85171508789062
v -347.03369140625 45.547672271728516 -358.21078491210938
v -347.03369140625 91.095344543457031 -358.21078491210938
v -347.03369140625 136.64302062988281 -358.21078491210938
v -347.03369140625 182.19068908691406 -358.21078491210938
v -347.03369140625 227.73837280273438 -358.21078491210938
v -347.03369140625 273.28604125976562 -358.21078491210938
v -347.03369140625 318.83370971679688 -358.21078491210938
v -347.03369140625 364.38137817382812 -358.21078491210938
v -347.03369140625 409.92904663085938 -358.21078491210938
v -347.03369140625 455.47674560546875 -358.21078491210938
v -347.03369140625 501.0244140625 -358.21078491210938
v -347.03369140625 546.57208251953125 -358.21078491210938
v -347.03369140625 592.1197509765625 -358.21078491210938
v -343.41705322265625 45.547672271728516 -365.3018798828125
v -343.41705322265625 91.095344543457031 -365.3018798828125
v -343.41705322265625 136.64302062988281 -365.3018798828125
v -343.41705322265625 182.19068908691406 -365.3018798828125
v -343.41705322265625 227.73837280273438 -365.3018798828125
v -343.41705322265625 273.28604125976562 -365.3018798828125
v -343.41705322265625 318.83370971679688 -365.3018798828125
v -343.41705322265625 364.38137817382812 -365.3018798828125
v -343.41705322265625 409.92904663085938 -365.3018798828125
v -343.41705322265625 455.47674560546875 -365.3018798828125
v -343.41705322265625 501.0244140625 -365.3018798828125
v -343.41705322265625 546.57208251953125 -365.3018798828125
v -343.41705322265625 592.1197509765625 -365.3018798828125
v -341.33224487304688 45.547672271728516 -372.65472412109375
v -341.33224487304688 91.095344543457031 -372.65472412109375
v -341.33224487304688 136.64302062988281 -372.65472412109375
v -341.33224487304688 182.19068908691406 -372.65472412109375
v -341.33224487304688 227.73837280273438 -372.65472412109375
v -341.33224487304688 273.28604125976562 -372.65472412109375
v -341.33224487304688 318.83370971679688 -372.65472412109375
v -341.33224487304688 364.38137817382812 -372.65472412109375
v -341.33224487304688 409.92904663085938 -372.65472412109375
v -341.33224487304688 455.47674560546875 -372.65472412109375
v -341.33224487304688 501.0244140625 -372.65472412109375
v -341.33224487304688 546.57208251953125 -372.65472412109375
v -341.33224487304688 592.1197509765625 -372.65472412109375
v -340.68161010742188 45.547672271728516 -379.83987426757812
v -340.68161010742188 91.095344543457031 -379.83987426757812
v -340.68161010742188 136.64302062988281 -379.83987426757812
v -340.68161010742188 182.19068908691406 -379.83987426757812
v -340.68161010742188 227.73837280273438 -379.83987426757812
v -340.68161010742188 273.28604125976562 -379.83987426757812
v -340.68161010742188 318.83370971679688 -379.83987426757812
v -340.68161010742188 364.38137817382812 -379.83987426757812
v -340.68161010742188 409.92904663085938 -379.83987426757812
v -340.68161010742188 455.47674560546875 -379.83987426757812
v -340.68161010742188 501.0244140625 -379.83987426757812
v -340.68161010742188 546.57208251953125 -379.83987426757812
v -340.68161010742188 592.1197509765625 -379.83987426757812
v -340.68161010742188 637.66741943359375 -379.83987426757812
v -340.76727294921875 637.66741943359375 -377.2237548828125
v -341.02383422851562 637.66741943359375 -374.61883544921875
v -341.4501953125 637.66741943359375 -372.0362548828125
v -342.04458618164062 637.66741943359375 -369.48712158203125
v -342.80441284179688 637.66741943359375 -366.9822998046875
v -343.7264404296875 637.66741943359375 -364.53253173828125
v -344.80670166015625 637.66741943359375 -362.1483154296875
v -346.04061889648438 637.66741943359375 -359.83987426757812
v -347.4228515625 637.66741943359375 -357.6170654296875
v -348.94747924804688 637.66741943359375 -355.48941040039062
v -350.6080322265625 637.66741943359375 -353.46603393554688
v -352.3973388671875 637.66741943359375 -351.55560302734375
v -354.30780029296875 637.66741943359375 -349.76626586914062
v -356.3311767578125 637.66741943359375 -348.10574340820312
v -358.45880126953125 637.66741943359375 -346.58108520507812
v -360.68161010742188 637.66741943359375 -345.1988525390625
v -362.99008178710938 637.66741943359375 -343.9649658203125
v -365.37429809570312 637.66741943359375 -342.88467407226562
v -367.82403564453125 637.66741943359375 -341.96267700195312
v -370.328857421875 637.66741943359375 -341.20285034179688
v -372.87802124023438 637.66741943359375 -340.60845947265625
v -375.4605712890625 637.66741943359375 -340.18206787109375
v -378.06549072265625 637.66741943359375 -339.92550659179688
v -383.29776000976562 637.66741943359375 -339.92550659179688
v -385.90267944335938 637.66741943359375 -340.18206787109375
v -388.4852294921875 637.66741943359375 -340.60845947265625
v -391.03439331054688 637.66741943359375 -341.20285034179688
v -393.53921508789062 637.66741943359375 -341.96267700195312
v -395.98895263671875 637.66741943359375 -342.88467407226562
v -398.3731689453125 637.66741943359375 -343.9649658203125
v -400.68161010742188 637.66741943359375 -345.1988525390625
v -402.9044189453125 637.66741943359375 -346.58108520507812
v -405.03207397460938 637.66741943359375 -348.10574340820312
v -407.05545043945312 637.66741943359375 -349.76626586914062
v -408.96588134765625 637.66741943359375 -351.55560302734375
v -410.75521850585938 637.66741943359375 -353.46603393554688
v -412.41574096679688 637.66741943359375 -355.48941040039062
v -413.94039916992188 637.66741943359375 -357.6170654296875
v -415.3226318359375 637.66741943359375 -359.83987426757812
v -416.5565185546875 637.66741943359375 -362.1483154296875
v -417.63681030273438 637.66741943359375 -364.53253173828125
v -418.558837890625 637.66741943359375 -366.9822998046875
v -419.31866455078125 637.66741943359375 -369.48712158203125
v -419.91302490234375 637.66741943359375 -372.0362548828125
v -420.33941650390625 637.66741943359375 -374.61883544921875
v -420.59597778320312 637.66741943359375 -377.2237548828125
v -420.59597778320312 637.66741943359375 -382.45599365234375
v -420.33941650390625 637.66741943359375 -385.0609130859375
v -419.91302490234375 637.66741943359375 -387.64349365234375
v -419.31866455078125 637.66741943359375 -390.192626953125
v -418.558837890625 637.66741943359375 -392.69744873046875
v -417.63681030273438 637.66741943359375 -395.147216796875
v -416.5565185546875 637.66741943359375 -397.53140258789062
v -415.3226318359375 637.66741943359375 -399.83987426757812
v -413.94039916992188 637.66741943359375 -402.06268310546875
v -412.41574096679688 637.66741943359375 -404.19033813476562
v -410.75521850585938 637.66741943359375 -406.21371459960938
v -408.96588134765625 637.66741943359375 -408.1241455078125
v -407.05545043945312 637.66741943359375 -409.9134521484375
v -405.03207397460938 637.66741943359375 -411.57400512695312
v -402.9044189453125 637.66741943359375 -413.09866333007812
v -400.68161010742188 637.66741943359375 -414.48089599609375
v -398.3731689453125 637.66741943359375 -415.71478271484375
v -395.98895263671875 637.66741943359375 -416.7950439453125
v -393.53921508789062 637.66741943359375 -417.71707153320312
v -391.03439331054688 637.66741943359375 -418.47689819335938
v -388.4852294921875 637.66741943359375 -419.0712890625
v -385.90267944335938 637.66741943359375 -419.49765014648438
v -383.29776000976562 637.66741943359375 -419.75421142578125
v -378.06549072265625 637.66741943359375 -419.75421142578125
v -375.4605712890625 637.66741943359375 -419.49765014648438
v -372.87802124023438 637.66741943359375 -419.0712890625
v -370.328857421875 637.66741943359375 -418.47689819335938
v -367.82403564453125 637.66741943359375 -417.71707153320312
v -365.37429809570312 637.66741943359375 -416.7950439453125
v -362.99008178710938 637.66741943359375 -415.71478271484375
v -360.68161010742188 637.66741943359375 -414.48089599609375
v -358.45880126953125 637.66741943359375 -413.09866333007812
v -356.3311767578125 637.66741943359375 -411.57400512695312
v -354.30780029296875 637.66741943359375 -409.9134521484375
v -352.3973388671875 637.66741943359375 -408.1241455078125
v -350.6080322265625 637.66741943359375 -406.21371459960938
v -348.94747924804688 637.66741943359375 -404.19033813476562
v -347.4228515625 637.66741943359375 -402.06268310546875
v -346.04061889648438 637.66741943359375 -399.83987426757812
v -344.80670166015625 637.66741943359375 -397.53140258789062
v -343.7264404296875 637.66741943359375 -395.147216796875
v -342.80441284179688 637.66741943359375 -392.69744873046875
v -342.04458618164062 637.66741943359375 -390.192626953125
v -341.4501953125 637.66741943359375 -387.64349365234375
v -341.02383422851562 637.66741943359375 -385.0609130859375
v -340.76727294921875 637.66741943359375 -382.45599365234375
v -340.68161010742188 614.89361572265625 -379.83987426757812
v -341.33224487304688 614.89361572265625 -372.65472412109375
v -340.83932495117188 592.1197509765625 -376.29153442382812
v -340.83932495117188 614.89361572265625 -376.29153442382812
v -340.68161010742188 626.280517578125 -379.83987426757812
v -340.83932495117188 626.280517578125 -376.29153442382812
v -340.72039794921875 614.89361572265625 -378.07925415039062
v -340.72039794921875 626.280517578125 -378.07925415039062
v -341.41842651367188 614.89361572265625 -387.48187255859375
v -340.68161010742188 614.89361572265625 -379.83987426757812
v -340.85992431640625 592.1197509765625 -383.61245727539062
v -340.85992431640625 614.89361572265625 -383.61245727539062
v -340.68161010742188 631.97393798828125 -379.83987426757812
v -340.72039794921875 631.97393798828125 -378.07925415039062
v -340.69122314453125 626.280517578125 -378.96322631835938
v -340.69122314453125 631.97393798828125 -378.96322631835938
v -340.85992431640625 626.280517578125 -383.61245727539062
v -340.68161010742188 626.280517578125 -379.83987426757812
v -340.72540283203125 614.89361572265625 -381.71102905273438
v -340.72540283203125 626.280517578125 -381.71102905273438
v -340.83932495117188 631.97393798828125 -376.29153442382812
v -340.76959228515625 626.280517578125 -377.18850708007812
v -340.76959228515625 631.97393798828125 -377.18850708007812
v -341.33224487304688 626.280517578125 -372.65472412109375
v -341.04214477539062 614.89361572265625 -374.4815673828125
v -341.04214477539062 626.280517578125 -374.4815673828125
v -343.41705322265625 614.89361572265625 -365.3018798828125
v -342.18563842773438 592.1197509765625 -368.97430419921875
v -342.18563842773438 614.89361572265625 -368.97430419921875
v -341.04214477539062 631.97393798828125 -374.4815673828125
v -340.93002319335938 626.280517578125 -375.38900756835938
v -340.93002319335938 631.97393798828125 -375.38900756835938
v -342.18563842773438 626.280517578125 -368.97430419921875
v -341.71258544921875 614.89361572265625 -370.81689453125
v -341.71258544921875 626.280517578125 -370.81689453125
v -341.33224487304688 631.97393798828125 -372.65472412109375
v -341.71258544921875 631.97393798828125 -370.81689453125
v -341.51095581054688 626.280517578125 -371.73681640625
v -341.51095581054688 631.97393798828125 -371.73681640625
v -342.18563842773438 631.97393798828125 -368.97430419921875
v -341.9373779296875 626.280517578125 -369.89578247070312
v -341.9373779296875 631.97393798828125 -369.89578247070312
v -343.41705322265625 626.280517578125 -365.3018798828125
v -342.75335693359375 614.89361572265625 -367.1336669921875
v -342.75335693359375 626.280517578125 -367.1336669921875
v -347.03369140625 614.89361572265625 -358.21078491210938
v -345.03427124023438 592.1197509765625 -361.69418334960938
v -345.03427124023438 614.89361572265625 -361.69418334960938
v -342.75335693359375 631.97393798828125 -367.1336669921875
v -343.41705322265625 631.97393798828125 -365.3018798828125
v -343.07315063476562 626.280517578125 -366.21621704101562
v -343.07315063476562 631.97393798828125 -366.21621704101562
v -345.03427124023438 626.280517578125 -361.69418334960938
v -344.1773681640625 614.89361572265625 -363.48626708984375
v -344.1773681640625 626.280517578125 -363.48626708984375
v -344.1773681640625 631.97393798828125 -363.48626708984375
v -343.78512573242188 626.280517578125 -364.3916015625
v -343.78512573242188 631.97393798828125 -364.3916015625
v -345.03427124023438 631.97393798828125 -361.69418334960938
v -344.59378051757812 626.280517578125 -362.58682250976562
v -344.59378051757812 631.97393798828125 -362.58682250976562
v -347.03369140625 626.280517578125 -358.21078491210938
v -345.98687744140625 614.89361572265625 -359.93319702148438
v -345.98687744140625 626.280517578125 -359.93319702148438
v -352.10427856445312 614.89361572265625 -351.85171508789062
v -349.399658203125 592.1197509765625 -354.91116333007812
v -349.399658203125 614.89361572265625 -354.91116333007812
v -345.98687744140625 631.97393798828125 -359.93319702148438
v -347.03369140625 631.97393798828125 -358.21078491210938
v -346.4986572265625 626.280517578125 -359.06671142578125
v -346.4986572265625 631.97393798828125 -359.06671142578125
v -349.399658203125 626.280517578125 -354.91116333007812
v -348.17233276367188 614.89361572265625 -356.53436279296875
v -348.17233276367188 626.280517578125 -356.53436279296875
v -348.17233276367188 631.97393798828125 -356.53436279296875
v -347.59170532226562 626.280517578125 -357.36636352539062
v -347.59170532226562 631.97393798828125 -357.36636352539062
v -349.399658203125 631.97393798828125 -354.91116333007812
v -348.775146484375 626.280517578125 -355.71566772460938
v -348.775146484375 631.97393798828125 -355.71566772460938
v -352.10427856445312 626.280517578125 -351.85171508789062
v -350.71185302734375 614.89361572265625 -353.34811401367188
v -350.71185302734375 626.280517578125 -353.34811401367188
v -358.36349487304688 614.89361572265625 -346.64495849609375
v -355.1083984375 592.1197509765625 -349.08258056640625
v -355.1083984375 614.89361572265625 -349.08258056640625
v -350.71185302734375 631.97393798828125 -353.34811401367188
v -350.04544067382812 626.280517578125 -354.1217041015625
v -350.04544067382812 631.97393798828125 -354.1217041015625
v -355.1083984375 626.280517578125 -349.08258056640625
v -353.57174682617188 614.89361572265625 -350.42803955078125
v -353.57174682617188 626.280517578125 -350.42803955078125
v -352.10427856445312 631.97393798828125 -351.85171508789062
v -353.57174682617188 631.97393798828125 -350.42803955078125
v -352.82901000976562 626.280517578125 -351.13043212890625
v -352.82901000976562 631.97393798828125 -351.13043212890625
v -355.1083984375 631.97393798828125 -349.08258056640625
v -354.33181762695312 626.280517578125 -349.74520874023438
v -354.33181762695312 631.97393798828125 -349.74520874023438
v -358.36349487304688 626.280517578125 -346.64495849609375
v -356.70791625976562 614.89361572265625 -347.82015991210938
v -356.70791625976562 626.280517578125 -347.82015991210938
v -365.48519897460938 614.89361572265625 -342.83892822265625
v -361.85488891601562 592.1197509765625 -344.54745483398438
v -361.85488891601562 614.89361572265625 -344.54745483398438
v -356.70791625976562 631.97393798828125 -347.82015991210938
v -355.90072631835938 626.280517578125 -348.44070434570312
v -355.90072631835938 631.97393798828125 -348.44070434570312
v -361.85488891601562 626.280517578125 -344.54745483398438
v -360.08795166015625 614.89361572265625 -345.5484619140625
v -360.08795166015625 626.280517578125 -345.5484619140625
v -358.36349487304688 631.97393798828125 -346.64495849609375
v -360.08795166015625 631.97393798828125 -345.5484619140625
v -359.21994018554688 626.280517578125 -346.08493041992188
v -359.21994018554688 631.97393798828125 -346.08493041992188
v -361.85488891601562 631.97393798828125 -344.54745483398438
v -360.96658325195312 626.280517578125 -345.035888671875
v -360.96658325195312 631.97393798828125 -345.035888671875
v -365.48519897460938 626.280517578125 -342.83892822265625
v -363.65655517578125 614.89361572265625 -343.6439208984375
v -363.65655517578125 626.280517578125 -343.6439208984375
v -373.03961181640625 614.89361572265625 -340.57666015625
v -369.25375366210938 592.1197509765625 -341.507080078125
v -369.25375366210938 614.89361572265625 -341.507080078125
v -363.65655517578125 631.97393798828125 -343.6439208984375
v -362.75186157226562 626.280517578125 -344.08340454101562
v -362.75186157226562 631.97393798828125 -344.08340454101562
v -365.48519897460938 631.97393798828125 -342.83892822265625
v -364.5679931640625 626.280517578125 -343.22906494140625
v -364.5679931640625 631.97393798828125 -343.22906494140625
v -369.25375366210938 626.280517578125 -341.507080078125
v -367.36349487304688 614.89361572265625 -342.12213134765625
v -367.36349487304688 626.280517578125 -342.12213134765625
v -367.36349487304688 631.97393798828125 -342.12213134765625
v -369.25375366210938 631.97393798828125 -341.507080078125
v -368.3076171875 626.280517578125 -341.80194091796875
v -368.3076171875 631.97393798828125 -341.80194091796875
v -373.03961181640625 626.280517578125 -340.57666015625
v -371.14822387695312 614.89361572265625 -340.9925537109375
v -371.14822387695312 626.280517578125 -340.9925537109375
v -380.68161010742188 614.89361572265625 -339.83987426757812
v -376.90902709960938 592.1197509765625 -340.01815795898438
v -376.90902709960938 614.89361572265625 -340.01815795898438
v -371.14822387695312 631.97393798828125 -340.9925537109375
v -370.200927734375 626.280517578125 -341.23733520507812
v -370.200927734375 631.97393798828125 -341.23733520507812
v -373.03961181640625 631.97393798828125 -340.57666015625
v -372.0947265625 626.280517578125 -340.77243041992188
v -372.0947265625 631.97393798828125 -340.77243041992188
v -376.90902709960938 626.280517578125 -340.01815795898438
v -374.98321533203125 614.89361572265625 -340.24783325195312
v -374.98321533203125 626.280517578125 -340.24783325195312
v -374.98321533203125 631.97393798828125 -340.24783325195312
v -376.90902709960938 631.97393798828125 -340.01815795898438
v -375.94876098632812 626.280517578125 -340.120849609375
v -375.94876098632812 631.97393798828125 -340.120849609375
v -380.68161010742188 626.280517578125 -339.83987426757812
v -378.81045532226562 614.89361572265625 -339.8836669921875
v -378.81045532226562 626.280517578125 -339.8836669921875
v -387.86676025390625 614.89361572265625 -340.490478515625
v -384.22994995117188 592.1197509765625 -339.99755859375
v -384.22994995117188 614.89361572265625 -339.99755859375
v -378.81045532226562 631.97393798828125 -339.8836669921875
v -377.8631591796875 626.280517578125 -339.93930053710938
v -377.8631591796875 631.97393798828125 -339.93930053710938
v -384.22994995117188 626.280517578125 -339.99755859375
v -382.44223022460938 614.89361572265625 -339.87863159179688
v -382.44223022460938 626.280517578125 -339.87863159179688
v -380.68161010742188 631.97393798828125 -339.83987426757812
v -382.44223022460938 631.97393798828125 -339.87863159179688
v -381.55825805664062 626.280517578125 -339.8494873046875
v -381.55825805664062 631.97393798828125 -339.8494873046875
v -384.22994995117188 631.97393798828125 -339.99755859375
v -383.3330078125 626.280517578125 -339.92782592773438
v -383.3330078125 631.97393798828125 -339.92782592773438
v -387.86676025390625 626.280517578125 -340.490478515625
v -386.0399169921875 614.89361572265625 -340.20037841796875
v -386.0399169921875 626.280517578125 -340.20037841796875
v -395.2196044921875 614.89361572265625 -342.5753173828125
v -391.54718017578125 592.1197509765625 -341.34390258789062
v -391.54718017578125 614.89361572265625 -341.34390258789062
v -386.0399169921875 631.97393798828125 -340.20037841796875
v -385.13247680664062 626.280517578125 -340.0882568359375
v -385.13247680664062 631.97393798828125 -340.0882568359375
v -391.54718017578125 626.280517578125 -341.34390258789062
v -389.70458984375 614.89361572265625 -340.87081909179688
v -389.70458984375 626.280517578125 -340.87081909179688
v -387.86676025390625 631.97393798828125 -340.490478515625
v -389.70458984375 631.97393798828125 -340.87081909179688
v -388.78466796875 626.280517578125 -340.66921997070312
v -388.78466796875 631.97393798828125 -340.66921997070312
v -391.54718017578125 631.97393798828125 -341.34390258789062
v -390.62570190429688 626.280517578125 -341.09564208984375
v -390.62570190429688 631.97393798828125 -341.09564208984375
v -395.2196044921875 626.280517578125 -342.5753173828125
v -393.38784790039062 614.89361572265625 -341.91162109375
v -393.38784790039062 626.280517578125 -341.91162109375
v -402.31069946289062 614.89361572265625 -346.19195556640625
v -398.82730102539062 592.1197509765625 -344.1925048828125
v -398.82730102539062 614.89361572265625 -344.1925048828125
v -393.38784790039062 631.97393798828125 -341.91162109375
v -395.2196044921875 631.97393798828125 -342.5753173828125
v -394.30526733398438 626.280517578125 -342.23141479492188
v -394.30526733398438 631.97393798828125 -342.23141479492188
v -398.82730102539062 626.280517578125 -344.1925048828125
v -397.03521728515625 614.89361572265625 -343.33563232421875
v -397.03521728515625 626.280517578125 -343.33563232421875
v -397.03521728515625 631.97393798828125 -343.33563232421875
v -396.1298828125 626.280517578125 -342.94338989257812
v -396.1298828125 631.97393798828125 -342.94338989257812
v -398.82730102539062 631.97393798828125 -344.1925048828125
v -397.93466186523438 626.280517578125 -343.75201416015625
v -397.93466186523438 631.97393798828125 -343.75201416015625
v -402.31069946289062 626.280517578125 -346.19195556640625
v -400.58828735351562 614.89361572265625 -345.1451416015625
v -400.58828735351562 626.280517578125 -345.1451416015625
v -408.66976928710938 614.89361572265625 -351.26254272460938
v -405.61032104492188 592.1197509765625 -348.55792236328125
v -405.61032104492188 614.89361572265625 -348.55792236328125
v -400.58828735351562 631.97393798828125 -345.1451416015625
v -402.31069946289062 631.97393798828125 -346.19195556640625
v -401.45477294921875 626.280517578125 -345.65689086914062
v -401.45477294921875 631.97393798828125 -345.65689086914062
v -405.61032104492188 626.280517578125 -348.55792236328125
v -403.98712158203125 614.89361572265625 -347.33056640625
v -403.98712158203125 626.280517578125 -347.33056640625
v -403.98712158203125 631.97393798828125 -347.33056640625
v -403.15512084960938 626.280517578125 -346.74996948242188
v -403.15512084960938 631.97393798828125 -346.74996948242188
v -405.61032104492188 631.97393798828125 -348.55792236328125
v -404.80581665039062 626.280517578125 -347.93338012695312
v -404.80581665039062 631.97393798828125 -347.93338012695312
v -408.66976928710938 626.280517578125 -351.26254272460938
v -407.17337036132812 614.89361572265625 -349.87008666992188
v -407.17337036132812 626.280517578125 -349.87008666992188
v -413.87652587890625 614.89361572265625 -357.52175903320312
v -411.43890380859375 592.1197509765625 -354.26666259765625
v -411.43890380859375 614.89361572265625 -354.26666259765625
v -407.17337036132812 631.97393798828125 -349.87008666992188
v -406.3997802734375 626.280517578125 -349.20367431640625
v -406.3997802734375 631.97393798828125 -349.20367431640625
v -411.43890380859375 626.280517578125 -354.26666259765625
v -410.09344482421875 614.89361572265625 -352.73001098632812
v -410.09344482421875 626.280517578125 -352.73001098632812
v -408.66976928710938 631.97393798828125 -351.26254272460938
v -410.09344482421875 631.97393798828125 -352.73001098632812
v -409.39105224609375 626.280517578125 -351.98724365234375
v -409.39105224609375 631.97393798828125 -351.98724365234375
v -411.43890380859375 631.97393798828125 -354.26666259765625
v -410.77627563476562 626.280517578125 -353.49005126953125
v -410.77627563476562 631.97393798828125 -353.49005126953125
v -413.87652587890625 626.280517578125 -357.52175903320312
v -412.70132446289062 614.89361572265625 -355.86618041992188
v -412.70132446289062 626.280517578125 -355.86618041992188
v -417.68255615234375 614.89361572265625 -364.64346313476562
v -415.97402954101562 592.1197509765625 -361.01312255859375
v -415.97402954101562 614.89361572265625 -361.01312255859375
v -412.70132446289062 631.97393798828125 -355.86618041992188
v -412.08078002929688 626.280517578125 -355.0589599609375
v -412.08078002929688 631.97393798828125 -355.0589599609375
v -415.97402954101562 626.280517578125 -361.01312255859375
v -414.9730224609375 614.89361572265625 -359.24618530273438
v -414.9730224609375 626.280517578125 -359.24618530273438
v -413.87652587890625 631.97393798828125 -357.52175903320312
v -414.9730224609375 631.97393798828125 -359.24618530273438
v -414.43655395507812 626.280517578125 -358.378173828125
v -414.43655395507812 631.97393798828125 -358.378173828125
v -415.97402954101562 631.97393798828125 -361.01312255859375
v -415.485595703125 626.280517578125 -360.12481689453125
v -415.485595703125 631.97393798828125 -360.12481689453125
v -417.68255615234375 626.280517578125 -364.64346313476562
v -416.8775634765625 614.89361572265625 -362.8148193359375
v -416.8775634765625 626.280517578125 -362.8148193359375
v -419.94482421875 614.89361572265625 -372.19784545898438
v -419.01443481445312 592.1197509765625 -368.4119873046875
v -419.01443481445312 614.89361572265625 -368.4119873046875
v -416.8775634765625 631.97393798828125 -362.8148193359375
v -416.43807983398438 626.280517578125 -361.91009521484375
v -416.43807983398438 631.97393798828125 -361.91009521484375
v -417.68255615234375 631.97393798828125 -364.64346313476562
v -417.29241943359375 626.280517578125 -363.72625732421875
v -417.29241943359375 631.97393798828125 -363.72625732421875
v -419.01443481445312 626.280517578125 -368.4119873046875
v -418.39935302734375 614.89361572265625 -366.52175903320312
v -418.39935302734375 626.280517578125 -366.52175903320312
v -418.39935302734375 631.97393798828125 -366.52175903320312
v -419.01443481445312 631.97393798828125 -368.4119873046875
v -418.71954345703125 626.280517578125 -367.46585083007812
v -418.71954345703125 631.97393798828125 -367.46585083007812
v -419.94482421875 626.280517578125 -372.19784545898438
v -419.5289306640625 614.89361572265625 -370.30645751953125
v -419.5289306640625 626.280517578125 -370.30645751953125
v -420.68161010742188 614.89361572265625 -379.83987426757812
v -420.50332641601562 592.1197509765625 -376.0672607421875
v -420.50332641601562 614.89361572265625 -376.0672607421875
v -419.5289306640625 631.97393798828125 -370.30645751953125
v -419.28414916992188 626.280517578125 -369.35916137695312
v -419.28414916992188 631.97393798828125 -369.35916137695312
v -419.94482421875 631.97393798828125 -372.19784545898438
v -419.74908447265625 626.280517578125 -371.25299072265625
v -419.74908447265625 631.97393798828125 -371.25299072265625
v -420.50332641601562 626.280517578125 -376.0672607421875
v -420.27365112304688 614.89361572265625 -374.1414794921875
v -420.27365112304688 626.280517578125 -374.1414794921875
v -420.27365112304688 631.97393798828125 -374.1414794921875
v -420.50332641601562 631.97393798828125 -376.0672607421875
v -420.400634765625 626.280517578125 -375.10702514648438
v -420.400634765625 631.97393798828125 -375.10702514648438
v -420.68161010742188 626.280517578125 -379.83987426757812
v -420.6378173828125 614.89361572265625 -377.96871948242188
v -420.6378173828125 626.280517578125 -377.96871948242188
v -420.031005859375 614.89361572265625 -387.02499389648438
v -420.52392578125 592.1197509765625 -383.38821411132812
v -420.52392578125 614.89361572265625 -383.38821411132812
v -420.6378173828125 631.97393798828125 -377.96871948242188
v -420.58221435546875 626.280517578125 -377.02142333984375
v -420.58221435546875 631.97393798828125 -377.02142333984375
v -420.68161010742188 631.97393798828125 -379.83987426757812
v -420.6707763671875 626.280517578125 -378.90841674804688
v -420.6707763671875 631.97393798828125 -378.90841674804688
v -420.52392578125 626.280517578125 -383.38821411132812
v -420.64285278320312 614.89361572265625 -381.6004638671875
v -420.64285278320312 626.280517578125 -381.6004638671875
v -420.64285278320312 631.97393798828125 -381.6004638671875
v -420.52392578125 631.97393798828125 -383.38821411132812
v -420.59365844726562 626.280517578125 -382.49124145507812
v -420.59365844726562 631.97393798828125 -382.49124145507812
v -420.031005859375 626.280517578125 -387.02499389648438
v -420.32110595703125 614.89361572265625 -385.19818115234375
v -420.32110595703125 626.280517578125 -385.19818115234375
v -417.9461669921875 614.89361572265625 -394.37783813476562
v -419.17758178710938 592.1197509765625 -390.70541381835938
v -419.17758178710938 614.89361572265625 -390.70541381835938
v -420.32110595703125 631.97393798828125 -385.19818115234375
v -420.4332275390625 626.280517578125 -384.29074096679688
v -420.4332275390625 631.97393798828125 -384.29074096679688
v -419.17758178710938 626.280517578125 -390.70541381835938
v -419.65066528320312 614.89361572265625 -388.86285400390625
v -419.65066528320312 626.280517578125 -388.86285400390625
v -420.031005859375 631.97393798828125 -387.02499389648438
v -419.65066528320312 631.97393798828125 -388.86285400390625
v -419.85226440429688 626.280517578125 -387.94293212890625
v -419.85226440429688 631.97393798828125 -387.94293212890625
v -419.17758178710938 631.97393798828125 -390.70541381835938
v -419.42584228515625 626.280517578125 -389.783935546875
v -419.42584228515625 631.97393798828125 -389.783935546875
v -417.9461669921875 626.280517578125 -394.37783813476562
v -418.60986328125 614.89361572265625 -392.54608154296875
v -418.60986328125 626.280517578125 -392.54608154296875
v -414.32955932617188 614.89361572265625 -401.46896362304688
v -416.3289794921875 592.1197509765625 -397.98553466796875
v -416.3289794921875 614.89361572265625 -397.98553466796875
v -418.60986328125 631.97393798828125 -392.54608154296875
v -417.9461669921875 631.97393798828125 -394.37783813476562
v -418.29006958007812 626.280517578125 -393.46353149414062
v -418.29006958007812 631.97393798828125 -393.46353149414062
v -416.3289794921875 626.280517578125 -397.98553466796875
v -417.18585205078125 614.89361572265625 -396.1934814453125
v -417.18585205078125 626.280517578125 -396.1934814453125
v -417.18585205078125 631.97393798828125 -396.1934814453125
v -417.578125 626.280517578125 -395.28814697265625
v -417.578125 631.97393798828125 -395.28814697265625
v -416.3289794921875 631.97393798828125 -397.98553466796875
v -416.76947021484375 626.280517578125 -397.09292602539062
v -416.76947021484375 631.97393798828125 -397.09292602539062
v -414.32955932617188 626.280517578125 -401.46896362304688
v -415.3763427734375 614.89361572265625 -399.74655151367188
v -415.3763427734375 626.280517578125 -399.74655151367188
v -409.25894165039062 614.89361572265625 -407.8280029296875
v -411.96356201171875 592.1197509765625 -404.7685546875
v -411.96356201171875 614.89361572265625 -404.7685546875
v -415.3763427734375 631.97393798828125 -399.74655151367188
v -414.32955932617188 631.97393798828125 -401.46896362304688
v -414.86459350585938 626.280517578125 -400.613037109375
v -414.86459350585938 631.97393798828125 -400.613037109375
v -411.96356201171875 626.280517578125 -404.7685546875
v -413.19091796875 614.89361572265625 -403.14535522460938
v -413.19091796875 626.280517578125 -403.14535522460938
v -413.19091796875 631.97393798828125 -403.14535522460938
v -413.77151489257812 626.280517578125 -402.3133544921875
v -413.77151489257812 631.97393798828125 -402.3133544921875
v -411.96356201171875 631.97393798828125 -404.7685546875
v -412.58810424804688 626.280517578125 -403.96405029296875
v -412.58810424804688 631.97393798828125 -403.96405029296875
v -409.25894165039062 626.280517578125 -407.8280029296875
v -410.65139770507812 614.89361572265625 -406.33163452148438
v -410.65139770507812 626.280517578125 -406.33163452148438
v -402.99972534179688 614.89361572265625 -413.0347900390625
v -406.25482177734375 592.1197509765625 -410.59716796875
v -406.25482177734375 614.89361572265625 -410.59716796875
v -410.65139770507812 631.97393798828125 -406.33163452148438
v -411.31781005859375 626.280517578125 -405.55801391601562
v -411.31781005859375 631.97393798828125 -405.55801391601562
v -406.25482177734375 626.280517578125 -410.59716796875
v -407.79150390625 614.89361572265625 -409.25167846679688
v -407.79150390625 626.280517578125 -409.25167846679688
v -409.25894165039062 631.97393798828125 -407.8280029296875
v -407.79150390625 631.97393798828125 -409.25167846679688
v -408.53424072265625 626.280517578125 -408.54928588867188
v -408.53424072265625 631.97393798828125 -408.54928588867188
v -406.25482177734375 631.97393798828125 -410.59716796875
v -407.03143310546875 626.280517578125 -409.93450927734375
v -407.03143310546875 631.97393798828125 -409.93450927734375
v -402.99972534179688 626.280517578125 -413.0347900390625
v -404.65533447265625 614.89361572265625 -411.85958862304688
v -404.65533447265625 626.280517578125 -411.85958862304688
v -395.8780517578125 614.89361572265625 -416.84078979492188
v -399.50836181640625 592.1197509765625 -415.13226318359375
v -399.50836181640625 614.89361572265625 -415.13226318359375
v -404.65533447265625 631.97393798828125 -411.85958862304688
v -405.4625244140625 626.280517578125 -411.239013671875
v -405.4625244140625 631.97393798828125 -411.239013671875
v -399.50836181640625 626.280517578125 -415.13226318359375
v -401.27529907226562 614.89361572265625 -414.13128662109375
v -401.27529907226562 626.280517578125 -414.13128662109375
v -402.99972534179688 631.97393798828125 -413.0347900390625
v -401.27529907226562 631.97393798828125 -414.13128662109375
v -402.143310546875 626.280517578125 -413.59481811523438
v -402.143310546875 631.97393798828125 -413.59481811523438
v -399.50836181640625 631.97393798828125 -415.13226318359375
v -400.39666748046875 626.280517578125 -414.64385986328125
v -400.39666748046875 631.97393798828125 -414.64385986328125
v -395.8780517578125 626.280517578125 -416.84078979492188
v -397.70669555664062 614.89361572265625 -416.03582763671875
v -397.70669555664062 626.280517578125 -416.03582763671875
v -388.32363891601562 614.89361572265625 -419.10308837890625
v -392.1094970703125 592.1197509765625 -418.17266845703125
v -392.1094970703125 614.89361572265625 -418.17266845703125
v -397.70669555664062 631.97393798828125 -416.03582763671875
v -398.61138916015625 626.280517578125 -415.5963134765625
v -398.61138916015625 631.97393798828125 -415.5963134765625
v -395.8780517578125 631.97393798828125 -416.84078979492188
v -396.79525756835938 626.280517578125 -416.45068359375
v -396.79525756835938 631.97393798828125 -416.45068359375
v -392.1094970703125 626.280517578125 -418.17266845703125
v -393.99972534179688 614.89361572265625 -417.5576171875
v -393.99972534179688 626.280517578125 -417.5576171875
v -393.99972534179688 631.97393798828125 -417.5576171875
v -392.1094970703125 631.97393798828125 -418.17266845703125
v -393.05563354492188 626.280517578125 -417.8778076171875
v -393.05563354492188 631.97393798828125 -417.8778076171875
v -388.32363891601562 626.280517578125 -419.10308837890625
v -390.21502685546875 614.89361572265625 -418.68719482421875
v -390.21502685546875 626.280517578125 -418.68719482421875
v -380.68161010742188 614.89361572265625 -419.83987426757812
v -384.4542236328125 592.1197509765625 -419.66156005859375
v -384.4542236328125 614.89361572265625 -419.66156005859375
v -390.21502685546875 631.97393798828125 -418.68719482421875
v -391.16232299804688 626.280517578125 -418.4423828125
v -391.16232299804688 631.97393798828125 -418.4423828125
v -388.32363891601562 631.97393798828125 -419.10308837890625
v -389.26849365234375 626.280517578125 -418.90731811523438
v -389.26849365234375 631.97393798828125 -418.90731811523438
v -384.4542236328125 626.280517578125 -419.66156005859375
v -386.3800048828125 614.89361572265625 -419.431884765625
v -386.3800048828125 626.280517578125 -419.431884765625
v -386.3800048828125 631.97393798828125 -419.431884765625
v -384.4542236328125 631.97393798828125 -419.66156005859375
v -385.41445922851562 626.280517578125 -419.55886840820312
v -385.41445922851562 631.97393798828125 -419.55886840820312
v -380.68161010742188 626.280517578125 -419.83987426757812
v -382.55279541015625 614.89361572265625 -419.79608154296875
v -382.55279541015625 626.280517578125 -419.79608154296875
v -373.49649047851562 614.89361572265625 -419.18923950195312
v -377.13327026367188 592.1197509765625 -419.68215942382812
v -377.13327026367188 614.89361572265625 -419.68215942382812
v -382.55279541015625 631.97393798828125 -419.79608154296875
v -383.50006103515625 626.280517578125 -419.74044799804688
v -383.50006103515625 631.97393798828125 -419.74044799804688
v -377.13327026367188 626.280517578125 -419.68215942382812
v -378.9210205078125 614.89361572265625 -419.80111694335938
v -378.9210205078125 626.280517578125 -419.80111694335938
v -380.68161010742188 631.97393798828125 -419.83987426757812
v -378.9210205078125 631.97393798828125 -419.80111694335938
v -379.80499267578125 626.280517578125 -419.83026123046875
v -379.80499267578125 631.97393798828125 -419.83026123046875
v -377.13327026367188 631.97393798828125 -419.68215942382812
v -378.03024291992188 626.280517578125 -419.75189208984375
v -378.03024291992188 631.97393798828125 -419.75189208984375
v -373.49649047851562 626.280517578125 -419.18923950195312
v -375.32330322265625 614.89361572265625 -419.47933959960938
v -375.32330322265625 626.280517578125 -419.47933959960938
v -366.14364624023438 614.89361572265625 -417.10443115234375
v -369.81607055664062 592.1197509765625 -418.33584594726562
v -369.81607055664062 614.89361572265625 -418.33584594726562
v -375.32330322265625 631.97393798828125 -419.47933959960938
v -376.23074340820312 626.280517578125 -419.59146118164062
v -376.23074340820312 631.97393798828125 -419.59146118164062
v -369.81607055664062 626.280517578125 -418.33584594726562
v -371.65866088867188 614.89361572265625 -418.80889892578125
v -371.65866088867188 626.280517578125 -418.80889892578125
v -373.49649047851562 631.97393798828125 -419.18923950195312
v -371.65866088867188 631.97393798828125 -418.80889892578125
v -372.57855224609375 626.280517578125 -419.01052856445312
v -372.57855224609375 631.97393798828125 -419.01052856445312
v -369.81607055664062 631.97393798828125 -418.33584594726562
v -370.737548828125 626.280517578125 -418.5841064453125
v -370.737548828125 631.97393798828125 -418.5841064453125
v -366.14364624023438 626.280517578125 -417.10443115234375
v -367.97540283203125 614.89361572265625 -417.76812744140625
v -367.97540283203125 626.280517578125 -417.76812744140625
v -359.05255126953125 614.89361572265625 -413.48779296875
v -362.53594970703125 592.1197509765625 -415.48724365234375
v -362.53594970703125 614.89361572265625 -415.48724365234375
v -367.97540283203125 631.97393798828125 -417.76812744140625
v -366.14364624023438 631.97393798828125 -417.10443115234375
v -367.05795288085938 626.280517578125 -417.44833374023438
v -367.05795288085938 631.97393798828125 -417.44833374023438
v -362.53594970703125 626.280517578125 -415.48724365234375
v -364.3280029296875 614.89361572265625 -416.3441162109375
v -364.3280029296875 626.280517578125 -416.3441162109375
v -364.3280029296875 631.97393798828125 -416.3441162109375
v -365.23333740234375 626.280517578125 -416.73635864257812
v -365.23333740234375 631.97393798828125 -416.73635864257812
v -362.53594970703125 631.97393798828125 -415.48724365234375
v -363.42855834960938 626.280517578125 -415.92770385742188
v -363.42855834960938 631.97393798828125 -415.92770385742188
v -359.05255126953125 626.280517578125 -413.48779296875
v -360.77496337890625 614.89361572265625 -414.53460693359375
v -360.77496337890625 626.280517578125 -414.53460693359375
v -352.6934814453125 614.89361572265625 -408.41720581054688
v -355.7529296875 592.1197509765625 -411.121826171875
v -355.7529296875 614.89361572265625 -411.121826171875
v -360.77496337890625 631.97393798828125 -414.53460693359375
v -359.05255126953125 631.97393798828125 -413.48779296875
v -359.908447265625 626.280517578125 -414.0228271484375
v -359.908447265625 631.97393798828125 -414.0228271484375
v -355.7529296875 626.280517578125 -411.121826171875
v -357.37612915039062 614.89361572265625 -412.34915161132812
v -357.37612915039062 626.280517578125 -412.34915161132812
v -357.37612915039062 631.97393798828125 -412.34915161132812
v -358.2081298828125 626.280517578125 -412.92977905273438
v -358.2081298828125 631.97393798828125 -412.92977905273438
v -355.7529296875 631.97393798828125 -411.121826171875
v -356.55743408203125 626.280517578125 -411.746337890625
v -356.55743408203125 631.97393798828125 -411.746337890625
v -352.6934814453125 626.280517578125 -408.41720581054688
v -354.18988037109375 614.89361572265625 -409.80963134765625
v -354.18988037109375 626.280517578125 -409.80963134765625
v -347.48672485351562 614.89361572265625 -402.15798950195312
v -349.92431640625 592.1197509765625 -405.4130859375
v -349.92431640625 614.89361572265625 -405.4130859375
v -354.18988037109375 631.97393798828125 -409.80963134765625
v -354.96347045898438 626.280517578125 -410.47607421875
v -354.96347045898438 631.97393798828125 -410.47607421875
v -349.92431640625 626.280517578125 -405.4130859375
v -351.26980590820312 614.89361572265625 -406.94973754882812
v -351.26980590820312 626.280517578125 -406.94973754882812
v -352.6934814453125 631.97393798828125 -408.41720581054688
v -351.26980590820312 631.97393798828125 -406.94973754882812
v -351.97219848632812 626.280517578125 -407.6925048828125
v -351.97219848632812 631.97393798828125 -407.6925048828125
v -349.92431640625 631.97393798828125 -405.4130859375
v -350.58697509765625 626.280517578125 -406.18966674804688
v -350.58697509765625 631.97393798828125 -406.18966674804688
v -347.48672485351562 626.280517578125 -402.15798950195312
v -348.66192626953125 614.89361572265625 -403.81356811523438
v -348.66192626953125 626.280517578125 -403.81356811523438
v -343.68069458007812 614.89361572265625 -395.03628540039062
v -345.38922119140625 592.1197509765625 -398.6666259765625
v -345.38922119140625 614.89361572265625 -398.6666259765625
v -348.66192626953125 631.97393798828125 -403.81356811523438
v -349.282470703125 626.280517578125 -404.62075805664062
v -349.282470703125 631.97393798828125 -404.62075805664062
v -345.38922119140625 626.280517578125 -398.6666259765625
v -346.39022827148438 614.89361572265625 -400.43353271484375
v -346.39022827148438 626.280517578125 -400.43353271484375
v -347.48672485351562 631.97393798828125 -402.15798950195312
v -346.39022827148438 631.97393798828125 -400.43353271484375
v -346.92669677734375 626.280517578125 -401.30154418945312
v -346.92669677734375 631.97393798828125 -401.30154418945312
v -345.38922119140625 631.97393798828125 -398.6666259765625
v -345.87765502929688 626.280517578125 -399.55490112304688
v -345.87765502929688 631.97393798828125 -399.55490112304688
v -343.68069458007812 626.280517578125 -395.03628540039062
v -344.48565673828125 614.89361572265625 -396.86492919921875
v -344.48565673828125 626.280517578125 -396.86492919921875
v -342.34881591796875 592.1197509765625 -391.26776123046875
v -342.34881591796875 614.89361572265625 -391.26776123046875
v -344.48565673828125 631.97393798828125 -396.86492919921875
v -344.9251708984375 626.280517578125 -397.76962280273438
v -344.9251708984375 631.97393798828125 -397.76962280273438
v -343.68069458007812 631.97393798828125 -395.03628540039062
v -344.07080078125 626.280517578125 -395.9534912109375
v -344.07080078125 631.97393798828125 -395.9534912109375
v -342.34881591796875 626.280517578125 -391.26776123046875
v -342.96389770507812 614.89361572265625 -393.15798950195312
v -342.96389770507812 626.280517578125 -393.15798950195312
v -342.96389770507812 631.97393798828125 -393.15798950195312
v -342.34881591796875 631.97393798828125 -391.26776123046875
v -342.64370727539062 626.280517578125 -392.2138671875
v -342.64370727539062 631.97393798828125 -392.2138671875
v -341.41842651367188 626.280517578125 -387.48187255859375
v -341.83428955078125 614.89361572265625 -389.37326049804688
v -341.83428955078125 626.280517578125 -389.37326049804688
v -341.83428955078125 631.97393798828125 -389.37326049804688
v -342.0791015625 626.280517578125 -390.32058715820312
v -342.0791015625 631.97393798828125 -390.32058715820312
v -341.41842651367188 631.97393798828125 -387.48187255859375
v -341.61416625976562 626.280517578125 -388.4267578125
v -341.61416625976562 631.97393798828125 -388.4267578125
v -341.089599609375 614.89361572265625 -385.53826904296875
v -341.089599609375 626.280517578125 -385.53826904296875
v -341.089599609375 631.97393798828125 -385.53826904296875
v -340.85992431640625 631.97393798828125 -383.61245727539062
v -340.96261596679688 626.280517578125 -384.57272338867188
v -340.96261596679688 631.97393798828125 -384.57272338867188
v -340.72540283203125 631.97393798828125 -381.71102905273438
v -340.78103637695312 626.280517578125 -382.6583251953125
v -340.78103637695312 631.97393798828125 -382.6583251953125
v -340.68161010742188 631.97393798828125 -379.83987426757812
v -340.69247436523438 626.280517578125 -380.77133178710938
v -340.69247436523438 631.97393798828125 -380.77133178710938
v -340.68161010742188 10 -379.83987426757812
v -341.10787963867188 10 -385.66390991210938
v -342.37759399414062 10 -391.36383056640625
v -344.46368408203125 10 -396.81814575195312
v -347.32171630859375 10 -401.91058349609375
v -350.8907470703125 10 -406.53262329101562
v -355.09469604492188 10 -410.58575439453125
v -359.843994140625 10 -413.98358154296875
v -365.03744506835938 10 -416.65371704101562
v -370.56430053710938 10 -418.53921508789062
v -376.3067626953125 10 -419.59991455078125
v -382.14251708984375 10 -419.81317138671875
v -387.94708251953125 10 -419.17449951171875
v -393.59683227539062 10 -417.69744873046875
v -398.9713134765625 10 -415.41354370117188
v -403.95596313476562 10 -412.3714599609375
v -408.444580078125 10 -408.63601684570312
v -412.34149169921875 10 -404.28680419921875
v -415.5635986328125 10 -399.41659545898438
v -418.04226684570312 10 -394.12908935546875
v -419.72467041015625 10 -388.53707885742188
v -420.57492065429688 10 -382.75967407226562
v -420.57492065429688 10 -376.9200439453125
v -419.72467041015625 10 -371.14266967773438
v -418.04226684570312 10 -365.55062866210938
v -415.5635986328125 10 -360.26315307617188
v -412.34149169921875 10 -355.39291381835938
v -408.444580078125 10 -351.04373168945312
v -403.95596313476562 10 -347.30828857421875
v -398.9713134765625 10 -344.26617431640625
v -393.59683227539062 10 -341.98226928710938
v -387.94708251953125 10 -340.5052490234375
v -382.14251708984375 10 -339.86654663085938
v -376.3067626953125 10 -340.079833984375
v -370.56430053710938 10 -341.14053344726562
v -365.03744506835938 10 -343.02603149414062
v -359.843994140625 10 -345.69613647460938
v -355.09469604492188 10 -349.093994140625
v -350.8907470703125 10 -353.14712524414062
v -347.32171630859375 10 -357.7691650390625
v -344.46368408203125 10 -362.86160278320312
v -342.37759399414062 10 -368.31591796875
v -341.10787963867188 10 -374.01580810546875
v -340.68161010742188 10 -379.83987426757812
v -341.41842651367188 22.773836135864258 -387.48187255859375
v -340.85992431640625 45.547672271728516 -383.61245727539062
v -340.68161010742188 22.773836135864258 -379.83987426757812
v -340.85992431640625 22.773836135864258 -383.61245727539062
v -343.68069458007812 22.773836135864258 -395.03628540039062
v -342.34881591796875 45.547672271728516 -391.26776123046875
v -342.34881591796875 22.773836135864258 -391.26776123046875
v -347.48672485351562 22.773836135864258 -402.15798950195312
v -345.38922119140625 45.547672271728516 -398.6666259765625
v -345.38922119140625 22.773836135864258 -398.6666259765625
v -352.6934814453125 22.773836135864258 -408.41720581054688
v -349.92431640625 45.547672271728516 -405.4130859375
v -349.92431640625 22.773836135864258 -405.4130859375
v -359.05255126953125 22.773836135864258 -413.48779296875
v -355.7529296875 45.547672271728516 -411.121826171875
v -355.7529296875 22.773836135864258 -411.121826171875
v -366.14364624023438 22.773836135864258 -417.10443115234375
v -362.53594970703125 45.547672271728516 -415.48724365234375
v -362.53594970703125 22.773836135864258 -415.48724365234375
v -373.49649047851562 22.773836135864258 -419.18923950195312
v -369.81607055664062 45.547672271728516 -418.33584594726562
v -369.81607055664062 22.773836135864258 -418.33584594726562
v -380.68161010742188 22.773836135864258 -419.83987426757812
v -377.13327026367188 45.547672271728516 -419.68215942382812
v -377.13327026367188 22.773836135864258 -419.68215942382812
v -388.32363891601562 22.773836135864258 -419.10308837890625
v -384.4542236328125 45.547672271728516 -419.66156005859375
v -384.4542236328125 22.773836135864258 -419.66156005859375
v -395.8780517578125 22.773836135864258 -416.84078979492188
v -392.1094970703125 45.547672271728516 -418.17266845703125
v -392.1094970703125 22.773836135864258 -418.17266845703125
v -402.99972534179688 22.773836135864258 -413.0347900390625
v -399.50836181640625 45.547672271728516 -415.13226318359375
v -399.50836181640625 22.773836135864258 -415.13226318359375
v -409.25894165039062 22.773836135864258 -407.8280029296875
v -406.25482177734375 45.547672271728516 -410.59716796875
v -406.25482177734375 22.773836135864258 -410.59716796875
v -414.32955932617188 22.773836135864258 -401.46896362304688
v -411.96356201171875 45.547672271728516 -404.7685546875
v -411.96356201171875 22.773836135864258 -404.7685546875
v -417.9461669921875 22.773836135864258 -394.37783813476562
v -416.3289794921875 45.547672271728516 -397.98553466796875
v -416.3289794921875 22.773836135864258 -397.98553466796875
v -420.031005859375 22.773836135864258 -387.02499389648438
v -419.17758178710938 45.547672271728516 -390.70541381835938
v -419.17758178710938 22.773836135864258 -390.70541381835938
v -420.68161010742188 22.773836135864258 -379.83987426757812
v -420.52392578125 45.547672271728516 -383.38821411132812
v -420.52392578125 22.773836135864258 -383.38821411132812
v -419.94482421875 22.773836135864258 -372.19784545898438
v -420.50332641601562 45.547672271728516 -376.0672607421875
v -420.50332641601562 22.773836135864258 -376.0672607421875
v -417.68255615234375 22.773836135864258 -364.64346313476562
v -419.01443481445312 45.547672271728516 -368.4119873046875
v -419.01443481445312 22.773836135864258 -368.4119873046875
v -413.87652587890625 22.773836135864258 -357.52175903320312
v -415.97402954101562 45.547672271728516 -361.01312255859375
v -415.97402954101562 22.773836135864258 -361.01312255859375
v -408.66976928710938 22.773836135864258 -351.26254272460938
v -411.43890380859375 45.547672271728516 -354.26666259765625
v -411.43890380859375 22.773836135864258 -354.26666259765625
v -402.31069946289062 22.773836135864258 -346.19195556640625
v -405.61032104492188 45.547672271728516 -348.55792236328125
v -405.61032104492188 22.773836135864258 -348.55792236328125
v -395.2196044921875 22.773836135864258 -342.5753173828125
v -398.82730102539062 45.547672271728516 -344.1925048828125
v -398.82730102539062 22.773836135864258 -344.1925048828125
v -387.86676025390625 22.773836135864258 -340.490478515625
v -391.54718017578125 45.547672271728516 -341.34390258789062
v -391.54718017578125 22.773836135864258 -341.34390258789062
v -380.68161010742188 22.773836135864258 -339.83987426757812
v -384.22994995117188 45.547672271728516 -339.99755859375
v -384.22994995117188 22.773836135864258 -339.99755859375
v -373.03961181640625 22.773836135864258 -340.57666015625
v -376.90902709960938 45.547672271728516 -340.01815795898438
v -376.90902709960938 22.773836135864258 -340.01815795898438
v -365.48519897460938 22.773836135864258 -342.83892822265625
v -369.25375366210938 45.547672271728516 -341.507080078125
v -369.25375366210938 22.773836135864258 -341.507080078125
v -358.36349487304688 22.773836135864258 -346.64495849609375
v -361.85488891601562 45.547672271728516 -344.54745483398438
v -361.85488891601562 22.773836135864258 -344.54745483398438
v -352.10427856445312 22.773836135864258 -351.85171508789062
v -355.1083984375 45.547672271728516 -349.08258056640625
v -355.1083984375 22.773836135864258 -349.08258056640625
v -347.03369140625 22.773836135864258 -358.21078491210938
v -349.399658203125 45.547672271728516 -354.91116333007812
v -349.399658203125 22.773836135864258 -354.91116333007812
v -343.41705322265625 22.773836135864258 -365.3018798828125
v -345.03427124023438 45.547672271728516 -361.69418334960938
v -345.03427124023438 22.773836135864258 -361.69418334960938
v -341.33224487304688 22.773836135864258 -372.65472412109375
v -342.18563842773438 45.547672271728516 -368.97430419921875
v -342.18563842773438 22.773836135864258 -368.97430419921875
v -340.68161010742188 22.773836135864258 -379.83987426757812
v -340.83932495117188 45.547672271728516 -376.29153442382812
v -340.83932495117188 22.773836135864258 -376.29153442382812
v -350.68161010742188 0 -379.83987426757812
v -348.7711181640625 0.18419788777828217 -379.83987426757812
v -346.88250732421875 0.74976718425750732 -379.83987426757812
v -345.10208129882812 1.7012733221054077 -379.83987426757812
v -343.53729248046875 3.0029640197753906 -379.83987426757812
v -342.2696533203125 4.5927295684814453 -379.83987426757812
v -341.365478515625 6.3655052185058594 -379.83987426757812
v -340.84426879882812 8.2037172317504883 -379.83987426757812
v -340.68161010742188 10 -379.83987426757812
v -351.31561279296875 0 -373.70489501953125
v -349.44549560546875 0.18419788777828217 -373.314208984375
v -347.5968017578125 0.74976718425750732 -372.92800903320312
v -345.85400390625 1.7012733221054077 -372.56390380859375
v -344.322265625 3.0029640197753906 -372.243896484375
v -343.0814208984375 4.5927295684814453 -371.98468017578125
v -342.19635009765625 6.3655052185058594 -371.79977416992188
v -341.6861572265625 8.2037172317504883 -371.69317626953125
v -353.11184692382812 0 -368.0115966796875
v -351.35610961914062 0.18419788777828217 -367.25833129882812
v -349.62051391601562 0.74976718425750732 -366.51370239257812
v -347.98431396484375 1.7012733221054077 -365.81173706054688
v -346.5462646484375 3.0029640197753906 -365.19476318359375
v -345.38131713867188 4.5927295684814453 -364.69497680664062
v -344.55038452148438 6.3655052185058594 -364.33847045898438
v -344.0714111328125 8.2037172317504883 -364.13296508789062
v -355.94515991210938 0 -362.86614990234375
v -354.36984252929688 0.18419788777828217 -361.78518676757812
v -352.8126220703125 0.74976718425750732 -360.71664428710938
v -351.34457397460938 1.7012733221054077 -359.70928955078125
v -350.0543212890625 3.0029640197753906 -358.82394409179688
v -349.00906372070312 4.5927295684814453 -358.10671997070312
v -348.2635498046875 6.3655052185058594 -357.59515380859375
v -347.83377075195312 8.2037172317504883 -357.30026245117188
v -359.67892456054688 0 -358.418212890625
v -358.34140014648438 0.18419788777828217 -357.05401611328125
v -357.01919555664062 0.74976718425750732 -355.7054443359375
v -355.77276611328125 1.7012733221054077 -354.43414306640625
v -354.67724609375 3.0029640197753906 -353.3167724609375
v -353.789794921875 4.5927295684814453 -352.41162109375
v -353.15679931640625 6.3655052185058594 -351.7659912109375
v -352.79190063476562 8.2037172317504883 -351.39382934570312
v -364.19970703125 0 -354.77304077148438
v -363.15008544921875 0.18419788777828217 -353.17669677734375
v -362.11248779296875 0.74976718425750732 -351.5986328125
v -361.13433837890625 1.7012733221054077 -350.11099243164062
v -360.27462768554688 3.0029640197753906 -348.80349731445312
v -359.57818603515625 4.5927295684814453 -347.74429321289062
v -359.08145141601562 6.3655052185058594 -346.98883056640625
v -358.79510498046875 8.2037172317504883 -346.55331420898438
v -369.33810424804688 0 -352.067138671875
v -368.61572265625 0.18419788777828217 -350.2984619140625
v -367.901611328125 0.74976718425750732 -348.55007934570312
v -367.2283935546875 1.7012733221054077 -346.90185546875
v -366.63671875 3.0029640197753906 -345.45321655273438
v -366.15737915039062 4.5927295684814453 -344.27969360351562
v -365.81552124023438 6.3655052185058594 -343.44265747070312
v -365.61843872070312 8.2037172317504883 -342.96014404296875
v -374.90158081054688 0 -350.40194702148438
v -374.53347778320312 0.18419788777828217 -348.52725219726562
v -374.16958618164062 0.74976718425750732 -346.67404174804688
v -373.82656860351562 1.7012733221054077 -344.92697143554688
v -373.52508544921875 3.0029640197753906 -343.3914794921875
v -373.28085327148438 4.5927295684814453 -342.1475830078125
v -373.10662841796875 6.3655052185058594 -341.26034545898438
v -373.0062255859375 8.2037172317504883 -340.74893188476562
v -380.68161010742188 0 -349.83987426757812
v -380.68161010742188 0.18419788777828217 -347.92935180664062
v -380.68161010742188 0.74976718425750732 -346.040771484375
v -380.68161010742188 1.7012733221054077 -344.26034545898438
v -380.68161010742188 3.0029640197753906 -342.69552612304688
v -380.68161010742188 4.5927295684814453 -341.42788696289062
v -380.68161010742188 6.3655052185058594 -340.52374267578125
v -380.68161010742188 8.2037172317504883 -340.00253295898438
v -386.81658935546875 0 -350.473876953125
v -387.207275390625 0.18419788777828217 -348.60372924804688
v -387.593505859375 0.74976718425750732 -346.75503540039062
v -387.95758056640625 1.7012733221054077 -345.01223754882812
v -388.277587890625 3.0029640197753906 -343.48049926757812
v -388.53680419921875 4.5927295684814453 -342.23965454101562
v -388.72171020507812 6.3655052185058594 -341.3546142578125
v -388.82830810546875 8.2037172317504883 -340.84442138671875
v -392.5098876953125 0 -352.27011108398438
v -393.26315307617188 0.18419788777828217 -350.51437377929688
v -394.00778198242188 0.74976718425750732 -348.77874755859375
v -394.70974731445312 1.7012733221054077 -347.14254760742188
v -395.32672119140625 3.0029640197753906 -345.70452880859375
v -395.8265380859375 4.5927295684814453 -344.53955078125
v -396.18301391601562 6.3655052185058594 -343.70864868164062
v -396.38851928710938 8.2037172317504883 -343.22964477539062
v -397.65533447265625 0 -355.1033935546875
v -398.73629760742188 0.18419788777828217 -353.52810668945312
v -399.80484008789062 0.74976718425750732 -351.97085571289062
v -400.81219482421875 1.7012733221054077 -350.5028076171875
v -401.69754028320312 3.0029640197753906 -349.21255493164062
v -402.41476440429688 4.5927295684814453 -348.16732788085938
v -402.92633056640625 6.3655052185058594 -347.42178344726562
v -403.22122192382812 8.2037172317504883 -346.99203491210938
v -402.103271484375 0 -358.837158203125
v -403.46746826171875 0.18419788777828217 -357.4996337890625
v -404.8160400390625 0.74976718425750732 -356.17745971679688
v -406.08734130859375 1.7012733221054077 -354.93099975585938
v -407.2047119140625 3.0029640197753906 -353.83551025390625
v -408.10986328125 4.5927295684814453 -352.94802856445312
v -408.7554931640625 6.3655052185058594 -352.31503295898438
v -409.12765502929688 8.2037172317504883 -351.95013427734375
v -405.74847412109375 0 -363.35794067382812
v -407.34481811523438 0.18419788777828217 -362.30831909179688
v -408.9228515625 0.74976718425750732 -361.270751953125
v -410.41049194335938 1.7012733221054077 -360.29257202148438
v -411.71798706054688 3.0029640197753906 -359.43289184570312
v -412.77719116210938 4.5927295684814453 -358.7364501953125
v -413.53265380859375 6.3655052185058594 -358.23968505859375
v -413.96817016601562 8.2037172317504883 -357.95333862304688
v -408.454345703125 0 -368.496337890625
v -410.2230224609375 0.18419788777828217 -367.77395629882812
v -411.97140502929688 0.74976718425750732 -367.05984497070312
v -413.61962890625 1.7012733221054077 -366.38662719726562
v -415.06826782226562 3.0029640197753906 -365.79495239257812
v -416.2418212890625 4.5927295684814453 -365.31564331054688
v -417.07882690429688 6.3655052185058594 -364.9737548828125
v -417.56134033203125 8.2037172317504883 -364.77667236328125
v -410.11953735351562 0 -374.059814453125
v -411.9942626953125 0.18419788777828217 -373.69171142578125
v -413.84747314453125 0.74976718425750732 -373.32785034179688
v -415.59454345703125 1.7012733221054077 -372.98480224609375
v -417.1300048828125 3.0029640197753906 -372.68331909179688
v -418.3739013671875 4.5927295684814453 -372.4390869140625
v -419.26113891601562 6.3655052185058594 -372.264892578125
v -419.7725830078125 8.2037172317504883 -372.16445922851562
v -410.68161010742188 0 -379.83987426757812
v -412.59213256835938 0.18419788777828217 -379.83987426757812
v -414.480712890625 0.74976718425750732 -379.83987426757812
v -416.26113891601562 1.7012733221054077 -379.83987426757812
v -417.82595825195312 3.0029640197753906 -379.83987426757812
v -419.09359741210938 4.5927295684814453 -379.83987426757812
v -419.99777221679688 6.3655052185058594 -379.83987426757812
v -420.51898193359375 8.2037172317504883 -379.83987426757812
v -410.04763793945312 0 -385.97482299804688
v -411.91775512695312 0.18419788777828217 -386.36550903320312
v -413.76644897460938 0.74976718425750732 -386.75173950195312
v -415.50924682617188 1.7012733221054077 -387.1158447265625
v -417.04098510742188 3.0029640197753906 -387.43582153320312
v -418.28182983398438 4.5927295684814453 -387.695068359375
v -419.16690063476562 6.3655052185058594 -387.87997436523438
v -419.67709350585938 8.2037172317504883 -387.98654174804688
v -408.25140380859375 0 -391.66812133789062
v -410.00714111328125 0.18419788777828217 -392.42138671875
v -411.74273681640625 0.74976718425750732 -393.166015625
v -413.37893676757812 1.7012733221054077 -393.86801147460938
v -414.81698608398438 3.0029640197753906 -394.4849853515625
v -415.98193359375 4.5927295684814453 -394.98477172851562
v -416.81283569335938 6.3655052185058594 -395.34124755859375
v -417.29183959960938 8.2037172317504883 -395.5467529296875
v -405.4180908203125 0 -396.8135986328125
v -406.99337768554688 0.18419788777828217 -397.89453125
v -408.55062866210938 0.74976718425750732 -398.96310424804688
v -410.0186767578125 1.7012733221054077 -399.97042846679688
v -411.30892944335938 3.0029640197753906 -400.85580444335938
v -412.35418701171875 4.5927295684814453 -401.57302856445312
v -413.09970092773438 6.3655052185058594 -402.08456420898438
v -413.52944946289062 8.2037172317504883 -402.37948608398438
v -401.684326171875 0 -401.26150512695312
v -403.0218505859375 0.18419788777828217 -402.62570190429688
v -404.34402465820312 0.74976718425750732 -403.97427368164062
v -405.59048461914062 1.7012733221054077 -405.24560546875
v -406.68600463867188 3.0029640197753906 -406.36294555664062
v -407.57345581054688 4.5927295684814453 -407.26812744140625
v -408.20645141601562 6.3655052185058594 -407.91372680664062
v -408.57135009765625 8.2037172317504883 -408.28591918945312
v -397.16354370117188 0 -404.90670776367188
v -398.21316528320312 0.18419788777828217 -406.5030517578125
v -399.25076293945312 0.74976718425750732 -408.08108520507812
v -400.22891235351562 1.7012733221054077 -409.56875610351562
v -401.088623046875 3.0029640197753906 -410.87625122070312
v -401.78506469726562 4.5927295684814453 -411.9354248046875
v -402.28179931640625 6.3655052185058594 -412.69091796875
v -402.56814575195312 8.2037172317504883 -413.12640380859375
v -392.025146484375 0 -407.61260986328125
v -392.74752807617188 0.18419788777828217 -409.38125610351562
v -393.46163940429688 0.74976718425750732 -411.129638671875
v -394.13485717773438 1.7012733221054077 -412.77789306640625
v -394.72653198242188 3.0029640197753906 -414.22653198242188
v -395.20584106445312 4.5927295684814453 -415.40005493164062
v -395.5477294921875 6.3655052185058594 -416.23709106445312
v -395.74481201171875 8.2037172317504883 -416.7196044921875
v -386.461669921875 0 -409.27777099609375
v -386.82977294921875 0.18419788777828217 -411.15249633789062
v -387.19363403320312 0.74976718425750732 -413.00570678710938
v -387.53668212890625 1.7012733221054077 -414.75277709960938
v -387.83816528320312 3.0029640197753906 -416.28826904296875
v -388.0823974609375 4.5927295684814453 -417.53216552734375
v -388.256591796875 6.3655052185058594 -418.41937255859375
v -388.35702514648438 8.2037172317504883 -418.93081665039062
v -380.68161010742188 0 -409.83987426757812
v -380.68161010742188 0.18419788777828217 -411.7503662109375
v -380.68161010742188 0.74976718425750732 -413.63897705078125
v -380.68161010742188 1.7012733221054077 -415.41940307617188
v -380.68161010742188 3.0029640197753906 -416.98419189453125
v -380.68161010742188 4.5927295684814453 -418.25186157226562
v -380.68161010742188 6.3655052185058594 -419.156005859375
v -380.68161010742188 8.2037172317504883 -419.67721557617188
v -374.54666137695312 0 -409.20587158203125
v -374.15597534179688 0.18419788777828217 -411.07598876953125
v -373.76974487304688 0.74976718425750732 -412.9246826171875
v -373.40567016601562 1.7012733221054077 -414.66748046875
v -373.08566284179688 3.0029640197753906 -416.19921875
v -372.826416015625 4.5927295684814453 -417.44009399414062
v -372.64154052734375 6.3655052185058594 -418.32513427734375
v -372.53494262695312 8.2037172317504883 -418.8353271484375
v -368.85336303710938 0 -407.40963745117188
v -368.10009765625 0.18419788777828217 -409.16537475585938
v -367.35546875 0.74976718425750732 -410.90097045898438
v -366.65347290039062 1.7012733221054077 -412.53717041015625
v -366.03652954101562 3.0029640197753906 -413.9752197265625
v -365.53671264648438 4.5927295684814453 -415.14016723632812
v -365.18023681640625 6.3655052185058594 -415.97109985351562
v -364.9747314453125 8.2037172317504883 -416.4500732421875
v -363.7078857421875 0 -404.57632446289062
v -362.626953125 0.18419788777828217 -406.15164184570312
v -361.55841064453125 0.74976718425750732 -407.70889282226562
v -360.55105590820312 1.7012733221054077 -409.17694091796875
v -359.66571044921875 3.0029640197753906 -410.46719360351562
v -358.948486328125 4.5927295684814453 -411.51242065429688
v -358.43692016601562 6.3655052185058594 -412.2579345703125
v -358.14202880859375 8.2037172317504883 -412.68771362304688
v -359.25997924804688 0 -400.84255981445312
v -357.89578247070312 0.18419788777828217 -402.18008422851562
v -356.54721069335938 0.74976718425750732 -403.50228881835938
v -355.27587890625 1.7012733221054077 -404.74874877929688
v -354.15853881835938 3.0029640197753906 -405.84423828125
v -353.25335693359375 4.5927295684814453 -406.73171997070312
v -352.60775756835938 6.3655052185058594 -407.36471557617188
v -352.23556518554688 8.2037172317504883 -407.72958374023438
v -355.61477661132812 0 -396.32177734375
v -354.0184326171875 0.18419788777828217 -397.37139892578125
v -352.44039916992188 0.74976718425750732 -398.40899658203125
v -350.95272827148438 1.7012733221054077 -399.38714599609375
v -349.645263671875 3.0029640197753906 -400.24685668945312
v -348.5860595703125 4.5927295684814453 -400.94329833984375
v -347.83056640625 6.3655052185058594 -401.44003295898438
v -347.39508056640625 8.2037172317504883 -401.72637939453125
v -352.90890502929688 0 -391.18338012695312
v -351.14022827148438 0.18419788777828217 -391.90579223632812
v -349.391845703125 0.74976718425750732 -392.61990356445312
v -347.74359130859375 1.7012733221054077 -393.2930908203125
v -346.29498291015625 3.0029640197753906 -393.88479614257812
v -345.12142944335938 4.5927295684814453 -394.36410522460938
v -344.28439331054688 6.3655052185058594 -394.70599365234375
v -343.8018798828125 8.2037172317504883 -394.90304565429688
v -351.24371337890625 0 -385.61993408203125
v -349.36898803710938 0.18419788777828217 -385.98800659179688
v -347.51577758789062 0.74976718425750732 -386.35189819335938
v -345.76870727539062 1.7012733221054077 -386.69491577148438
v -344.23321533203125 3.0029640197753906 -386.99639892578125
v -342.98931884765625 4.5927295684814453 -387.24066162109375
v -342.10211181640625 6.3655052185058594 -387.41485595703125
v -341.59066772460938 8.2037172317504883 -387.5152587890625
v -350.68161010742188 0 -379.83987426757812
v -348.7711181640625 0.18419788777828217 -379.83987426757812
v -346.88250732421875 0.74976718425750732 -379.83987426757812
v -345.10208129882812 1.7012733221054077 -379.83987426757812
v -343.53729248046875 3.0029640197753906 -379.83987426757812
v -342.2696533203125 4.5927295684814453 -379.83987426757812
v -341.365478515625 6.3655052185058594 -379.83987426757812
v -340.84426879882812 8.2037172317504883 -379.83987426757812
v -340.68161010742188 10 -379.83987426757812
v -341.10787963867188 10 -385.66390991210938
v -342.37759399414062 10 -391.36383056640625
v -344.46368408203125 10 -396.81814575195312
v -347.32171630859375 10 -401.91058349609375
v -350.8907470703125 10 -406.53262329101562
v -355.09469604492188 10 -410.58575439453125
v -359.843994140625 10 -413.98358154296875
v -365.03744506835938 10 -416.65371704101562
v -370.56430053710938 10 -418.53921508789062
v -376.3067626953125 10 -419.59991455078125
v -382.14251708984375 10 -419.81317138671875
v -387.94708251953125 10 -419.17449951171875
v -393.59683227539062 10 -417.69744873046875
v -398.9713134765625 10 -415.41354370117188
v -403.95596313476562 10 -412.3714599609375
v -408.444580078125 10 -408.63601684570312
v -412.34149169921875 10 -404.28680419921875
v -415.5635986328125 10 -399.41659545898438
v -418.04226684570312 10 -394.12908935546875
v -419.72467041015625 10 -388.53707885742188
v -420.57492065429688 10 -382.75967407226562
v -420.57492065429688 10 -376.9200439453125
v -419.72467041015625 10 -371.14266967773438
v -418.04226684570312 10 -365.55062866210938
v -415.5635986328125 10 -360.26315307617188
v -412.34149169921875 10 -355.39291381835938
v -408.444580078125 10 -351.04373168945312
v -403.95596313476562 10 -347.30828857421875
v -398.9713134765625 10 -344.26617431640625
v -393.59683227539062 10 -341.98226928710938
v -387.94708251953125 10 -340.5052490234375
v -382.14251708984375 10 -339.86654663085938
v -376.3067626953125 10 -340.079833984375
v -370.56430053710938 10 -341.14053344726562
v -365.03744506835938 10 -343.02603149414062
v -359.843994140625 10 -345.69613647460938
v -355.09469604492188 10 -349.093994140625
v -350.8907470703125 10 -353.14712524414062
v -347.32171630859375 10 -357.7691650390625
v -344.46368408203125 10 -362.86160278320312
v -342.37759399414062 10 -368.31591796875
v -341.10787963867188 10 -374.01580810546875
vt -0.058948416262865067 0.24455849826335907
vt -0.064495950937271118 0.24430014193058014
vt -0.069722458720207214 0.24357788264751434
vt -0.074807785451412201 0.24241204559803009
vt -0.079768717288970947 0.2408064603805542
vt -0.084566354751586914 0.23877370357513428
vt -0.089092202484607697 0.23637142777442932
vt -0.093340151011943817 0.23362378776073456
vt -0.097332894802093506 0.23052529990673065
vt -0.10104081034660339 0.22709894180297852
vt -0.10443637520074844 0.22337014973163605
vt -0.10749438405036926 0.21936659514904022
vt -0.11019216477870941 0.21511797606945038
vt -0.11250969022512436 0.21065583825111389
vt -0.11442975699901581 0.2060132771730423
vt -0.11593812704086304 0.20122474431991577
vt -0.11702359467744827 0.19632577896118164
vt -0.11770576983690262 0.19102586805820465
vt -0.11789683252573013 0.1863425076007843
vt -0.11763521283864975 0.18086390197277069
vt -0.1169038787484169 0.17570233345031738
vt -0.1157233715057373 0.17068019509315491
vt -0.11409758031368256 0.16578088700771332
vt -0.11203924566507339 0.16104285418987274
vt -0.10960675776004791 0.15657325088977814
vt -0.10682455450296402 0.15237808227539062
vt -0.10368707031011581 0.14843495190143585
vt -0.10021761059761047 0.14477311074733734
vt -0.096441902220249176 0.14141973853111267
vt -0.092387981712818146 0.13839970529079437
vt -0.088085904717445374 0.13573545217514038
vt -0.083567626774311066 0.13344672322273254
vt -0.078866660594940186 0.13155050575733185
vt -0.074017882347106934 0.13006088137626648
vt -0.069057285785675049 0.12898890674114227
vt -0.063690692186355591 0.12831521034240723
vt -0.058948416262865067 0.12812651693820953
vt -0.053400881588459015 0.12838487327098846
vt -0.04817437008023262 0.12910713255405426
vt -0.043089047074317932 0.13027296960353851
vt -0.038128111511468887 0.1318785548210144
vt -0.033330470323562622 0.13391131162643433
vt -0.028804630041122437 0.13631358742713928
vt -0.024556679651141167 0.13906122744083405
vt -0.020563933998346329 0.14215971529483795
vt -0.016856024041771889 0.14558607339859009
vt -0.013460460118949413 0.14931486546993256
vt -0.010402443818747997 0.15331842005252838
vt -0.0077046644873917103 0.15756703913211823
vt -0.0053871418349444866 0.16202917695045471
vt -0.0034670738968998194 0.16667173802852631
vt -0.0019587075803428888 0.17146027088165283
vt -0.0008732363348826766 0.17635923624038696
vt -0.00019106251420453191 0.18165916204452515
vt 0 0.1863425076007843
vt -0.00026161514688283205 0.19182111322879791
vt -0.00099295296240597963 0.19698268175125122
vt -0.0021734547335654497 0.20200483500957489
vt -0.0037992480210959911 0.20690412819385529
vt -0.0058575812727212906 0.21164214611053467
vt -0.008290071040391922 0.21611176431179047
vt -0.011072281748056412 0.22030693292617798
vt -0.01420976035296917 0.22425006330013275
vt -0.017679223790764809 0.22791191935539246
vt -0.021454926580190659 0.23126529157161713
vt -0.025508854538202286 0.23428530991077423
vt -0.029810918495059013 0.23694956302642822
vt -0.034329202026128769 0.23923829197883606
vt -0.039030171930789948 0.24113450944423676
vt -0.043878946453332901 0.24262413382530212
vt -0.048839543014764786 0.24369612336158752
vt -0.054206140339374542 0.24436981976032257
vt -0.058948416262865067 0.1863425076007843
vt -0.088422626256942749 0.1863425076007843
vt -0.058948416262865067 0.21545051038265228
vt -0.088422626256942749 0.21545051038265228
vt -0.088422626256942749 0.23000450432300568
vt -0.073685519397258759 0.21545051038265228
vt -0.058948416262865067 0.23000450432300568
vt -0.073685519397258759 0.23000450432300568
vt -0.029474208131432533 0.1863425076007843
vt -0.029474208131432533 0.21545051038265228
vt -0.073685519397258759 0.23728150129318237
vt -0.066316969692707062 0.23000450432300568
vt -0.058948416262865067 0.23728150129318237
vt -0.066316969692707062 0.23728150129318237
vt -0.044211313128471375 0.21545051038265228
vt -0.029474208131432533 0.23000450432300568
vt -0.044211313128471375 0.23000450432300568
vt -0.051579862833023071 0.23000450432300568
vt -0.044211313128471375 0.23728150129318237
vt -0.051579862833023071 0.23728150129318237
vt -0.10315972566604614 0.21545051038265228
vt -0.10315972566604614 0.1863425076007843
vt -0.088422626256942749 0.2008965015411377
vt -0.10315972566604614 0.2008965015411377
vt -0.058948416262865067 0.15723450481891632
vt -0.088422626256942749 0.15723450481891632
vt -0.11052827537059784 0.2008965015411377
vt -0.11052827537059784 0.1863425076007843
vt -0.10315972566604614 0.193619504570961
vt -0.11052827537059784 0.193619504570961
vt -0.10315972566604614 0.15723450481891632
vt -0.088422626256942749 0.17178851366043091
vt -0.10315972566604614 0.17178851366043091
vt -0.088422626256942749 0.14268051087856293
vt -0.073685519397258759 0.15723450481891632
vt -0.058948416262865067 0.14268051087856293
vt -0.073685519397258759 0.14268051087856293
vt -0.029474208131432533 0.15723450481891632
vt -0.066316969692707062 0.14268051087856293
vt -0.073685519397258759 0.13540351390838623
vt -0.058948416262865067 0.13540351390838623
vt -0.066316969692707062 0.13540351390838623
vt -0.044211313128471375 0.15723450481891632
vt -0.029474208131432533 0.14268051087856293
vt -0.044211313128471375 0.14268051087856293
vt -0.014737104065716267 0.15723450481891632
vt -0.014737104065716267 0.1863425076007843
vt -0.029474208131432533 0.17178851366043091
vt -0.014737104065716267 0.17178851366043091
vt -0.0073685520328581333 0.1863425076007843
vt -0.014737104065716267 0.1790655106306076
vt -0.0073685520328581333 0.17178851366043091
vt -0.0073685520328581333 0.1790655106306076
vt -0.014737104065716267 0.21545051038265228
vt -0.029474208131432533 0.2008965015411377
vt -0.014737104065716267 0.2008965015411377
vt 0 0.0060431156307458878
vt 0 0.0052507859654724598
vt 0 0.0044839382171630859
vt 0 0.0037294600624591112
vt 0 0.0029835680034011602
vt 0 0.0022376759443432093
vt 0 0.0014917838852852583
vt 0 0.00074589211726561189
vt 0 0
vt -0.0060063675045967102 0.0052507859654724598
vt -0.0060063675045967102 0.0044839382171630859
vt -0.0060063675045967102 0.0037294600624591112
vt -0.0060063675045967102 0.0029835680034011602
vt -0.0060063675045967102 0.0022376759443432093
vt -0.0060063675045967102 0.0014917838852852583
vt -0.0060063675045967102 0.00074589211726561189
vt -0.0060063675045967102 0
vt -0.011713738553225994 0.0052507859654724598
vt -0.011713738553225994 0.0044839382171630859
vt -0.011713738553225994 0.0037294600624591112
vt -0.011713738553225994 0.0029835680034011602
vt -0.011713738553225994 0.0022376759443432093
vt -0.011713738553225994 0.0014917838852852583
vt -0.011713738553225994 0.00074589211726561189
vt -0.011713738553225994 0
vt -0.017359552904963493 0.0052507859654724598
vt -0.017359552904963493 0.0044839382171630859
vt -0.017359552904963493 0.0037294600624591112
vt -0.017359552904963493 0.0029835680034011602
vt -0.017359552904963493 0.0022376759443432093
vt -0.017359552904963493 0.0014917838852852583
vt -0.017359552904963493 0.00074589211726561189
vt -0.017359552904963493 0
vt -0.023005364462733269 0.0052507859654724598
vt -0.023005364462733269 0.0044839382171630859
vt -0.023005364462733269 0.0037294600624591112
vt -0.023005364462733269 0.0029835680034011602
vt -0.023005364462733269 0.0022376759443432093
vt -0.023005364462733269 0.0014917838852852583
vt -0.023005364462733269 0.00074589211726561189
vt -0.023005364462733269 0
vt -0.028651177883148193 0.0052507859654724598
vt -0.028651177883148193 0.0044839382171630859
vt -0.028651177883148193 0.0037294600624591112
vt -0.028651177883148193 0.0029835680034011602
vt -0.028651177883148193 0.0022376759443432093
vt -0.028651177883148193 0.0014917838852852583
vt -0.028651177883148193 0.00074589211726561189
vt -0.028651177883148193 0
vt -0.034207791090011597 0.0052507859654724598
vt -0.034207791090011597 0.0044839382171630859
vt -0.034207791090011597 0.0037294600624591112
vt -0.034207791090011597 0.0029835680034011602
vt -0.034207791090011597 0.0022376759443432093
vt -0.034207791090011597 0.0014917838852852583
vt -0.034207791090011597 0.00074589211726561189
vt -0.034207791090011597 0
vt -0.039699319750070572 0.0052507859654724598
vt -0.039699319750070572 0.0044839382171630859
vt -0.039699319750070572 0.0037294600624591112
vt -0.039699319750070572 0.0029835680034011602
vt -0.039699319750070572 0.0022376759443432093
vt -0.039699319750070572 0.0014917838852852583
vt -0.039699319750070572 0.00074589211726561189
vt -0.039699319750070572 0
vt -0.045190848410129547 0.0052507859654724598
vt -0.045190848410129547 0.0044839382171630859
vt -0.045190848410129547 0.0037294600624591112
vt -0.045190848410129547 0.0029835680034011602
vt -0.045190848410129547 0.0022376759443432093
vt -0.045190848410129547 0.0014917838852852583
vt -0.045190848410129547 0.00074589211726561189
vt -0.045190848410129547 0
vt -0.050682373344898224 0.0052507859654724598
vt -0.050682373344898224 0.0044839382171630859
vt -0.050682373344898224 0.0037294600624591112
vt -0.050682373344898224 0.0029835680034011602
vt -0.050682373344898224 0.0022376759443432093
vt -0.050682373344898224 0.0014917838852852583
vt -0.050682373344898224 0.00074589211726561189
vt -0.050682373344898224 0
vt -0.056173902004957199 0.0052507859654724598
vt -0.056173902004957199 0.0044839382171630859
vt -0.056173902004957199 0.0037294600624591112
vt -0.056173902004957199 0.0029835680034011602
vt -0.056173902004957199 0.0022376759443432093
vt -0.056173902004957199 0.0014917838852852583
vt -0.056173902004957199 0.00074589211726561189
vt -0.056173902004957199 0
vt -0.061665430665016174 0.0052507859654724598
vt -0.061665430665016174 0.0044839382171630859
vt -0.061665430665016174 0.0037294600624591112
vt -0.061665430665016174 0.0029835680034011602
vt -0.061665430665016174 0.0022376759443432093
vt -0.061665430665016174 0.0014917838852852583
vt -0.061665430665016174 0.00074589211726561189
vt -0.061665430665016174 0
vt -0.067156955599784851 0.0052507859654724598
vt -0.067156955599784851 0.0044839382171630859
vt -0.067156955599784851 0.0037294600624591112
vt -0.067156955599784851 0.0029835680034011602
vt -0.067156955599784851 0.0022376759443432093
vt -0.067156955599784851 0.0014917838852852583
vt -0.067156955599784851 0.00074589211726561189
vt -0.067156955599784851 0
vt -0.072648487985134125 0.0052507859654724598
vt -0.072648487985134125 0.0044839382171630859
vt -0.072648487985134125 0.0037294600624591112
vt -0.072648487985134125 0.0029835680034011602
vt -0.072648487985134125 0.0022376759443432093
vt -0.072648487985134125 0.0014917838852852583
vt -0.072648487985134125 0.00074589211726561189
vt -0.072648487985134125 0
vt -0.078140012919902802 0.0052507859654724598
vt -0.078140012919902802 0.0044839382171630859
vt -0.078140012919902802 0.0037294600624591112
vt -0.078140012919902802 0.0029835680034011602
vt -0.078140012919902802 0.0022376759443432093
vt -0.078140012919902802 0.0014917838852852583
vt -0.078140012919902802 0.00074589211726561189
vt -0.078140012919902802 0
vt -0.083631545305252075 0.0052507859654724598
vt -0.083631545305252075 0.0044839382171630859
vt -0.083631545305252075 0.0037294600624591112
vt -0.083631545305252075 0.0029835680034011602
vt -0.083631545305252075 0.0022376759443432093
vt -0.083631545305252075 0.0014917838852852583
vt -0.083631545305252075 0.00074589211726561189
vt -0.083631545305252075 0
vt -0.089123062789440155 0.0052507859654724598
vt -0.089123062789440155 0.0044839382171630859
vt -0.089123062789440155 0.0037294600624591112
vt -0.089123062789440155 0.0029835680034011602
vt -0.089123062789440155 0.0022376759443432093
vt -0.089123062789440155 0.0014917838852852583
vt -0.089123062789440155 0.00074589211726561189
vt -0.089123062789440155 0
vt -0.094973668456077576 0.0052507859654724598
vt -0.094973668456077576 0.0044839382171630859
vt -0.094973668456077576 0.0037294600624591112
vt -0.094973668456077576 0.0029835680034011602
vt -0.094973668456077576 0.0022376759443432093
vt -0.094973668456077576 0.0014917838852852583
vt -0.094973668456077576 0.00074589211726561189
vt -0.094973668456077576 0
vt -0.1001061275601387 0.0060431156307458878
vt -0.1001061275601387 0.0052507859654724598
vt -0.1001061275601387 0.0044839382171630859
vt -0.1001061275601387 0.0037294600624591112
vt -0.1001061275601387 0.0029835680034011602
vt -0.1001061275601387 0.0022376759443432093
vt -0.1001061275601387 0.0014917838852852583
vt -0.1001061275601387 0.00074589211726561189
vt -0.1001061275601387 0
vt -0.10611248761415482 0.0052507859654724598
vt -0.10611248761415482 0.0044839382171630859
vt -0.10611248761415482 0.0037294600624591112
vt -0.10611248761415482 0.0029835680034011602
vt -0.10611248761415482 0.0022376759443432093
vt -0.10611248761415482 0.0014917838852852583
vt -0.10611248761415482 0.00074589211726561189
vt -0.10611248761415482 0
vt -0.11181986331939697 0.0052507859654724598
vt -0.11181986331939697 0.0044839382171630859
vt -0.11181986331939697 0.0037294600624591112
vt -0.11181986331939697 0.0029835680034011602
vt -0.11181986331939697 0.0022376759443432093
vt -0.11181986331939697 0.0014917838852852583
vt -0.11181986331939697 0.00074589211726561189
vt -0.11181986331939697 0
vt -0.11746567487716675 0.0052507859654724598
vt -0.11746567487716675 0.0044839382171630859
vt -0.11746567487716675 0.0037294600624591112
vt -0.11746567487716675 0.0029835680034011602
vt -0.11746567487716675 0.0022376759443432093
vt -0.11746567487716675 0.0014917838852852583
vt -0.11746567487716675 0.00074589211726561189
vt -0.11746567487716675 0
vt -0.12311148643493652 0.0052507859654724598
vt -0.12311148643493652 0.0044839382171630859
vt -0.12311148643493652 0.0037294600624591112
vt -0.12311148643493652 0.0029835680034011602
vt -0.12311148643493652 0.0022376759443432093
vt -0.12311148643493652 0.0014917838852852583
vt -0.12311148643493652 0.00074589211726561189
vt -0.12311148643493652 0
vt -0.1287572979927063 0.0052507859654724598
vt -0.1287572979927063 0.0044839382171630859
vt -0.1287572979927063 0.0037294600624591112
vt -0.1287572979927063 0.0029835680034011602
vt -0.1287572979927063 0.0022376759443432093
vt -0.1287572979927063 0.0014917838852852583
vt -0.1287572979927063 0.00074589211726561189
vt -0.1287572979927063 0
vt -0.1343139111995697 0.0052507859654724598
vt -0.1343139111995697 0.0044839382171630859
vt -0.1343139111995697 0.0037294600624591112
vt -0.1343139111995697 0.0029835680034011602
vt -0.1343139111995697 0.0022376759443432093
vt -0.1343139111995697 0.0014917838852852583
vt -0.1343139111995697 0.00074589211726561189
vt -0.1343139111995697 0
vt -0.13980545103549957 0.0052507859654724598
vt -0.13980545103549957 0.0044839382171630859
vt -0.13980545103549957 0.0037294600624591112
vt -0.13980545103549957 0.0029835680034011602
vt -0.13980545103549957 0.0022376759443432093
vt -0.13980545103549957 0.0014917838852852583
vt -0.13980545103549957 0.00074589211726561189
vt -0.13980545103549957 0
vt -0.14529697597026825 0.0052507859654724598
vt -0.14529697597026825 0.0044839382171630859
vt -0.14529697597026825 0.0037294600624591112
vt -0.14529697597026825 0.0029835680034011602
vt -0.14529697597026825 0.0022376759443432093
vt -0.14529697597026825 0.0014917838852852583
vt -0.14529697597026825 0.00074589211726561189
vt -0.14529697597026825 0
vt -0.15078850090503693 0.0052507859654724598
vt -0.15078850090503693 0.0044839382171630859
vt -0.15078850090503693 0.0037294600624591112
vt -0.15078850090503693 0.0029835680034011602
vt -0.15078850090503693 0.0022376759443432093
vt -0.15078850090503693 0.0014917838852852583
vt -0.15078850090503693 0.00074589211726561189
vt -0.15078850090503693 0
vt -0.1562800258398056 0.0052507859654724598
vt -0.1562800258398056 0.0044839382171630859
vt -0.1562800258398056 0.0037294600624591112
vt -0.1562800258398056 0.0029835680034011602
vt -0.1562800258398056 0.0022376759443432093
vt -0.1562800258398056 0.0014917838852852583
vt -0.1562800258398056 0.00074589211726561189
vt -0.1562800258398056 0
vt -0.16177155077457428 0.0052507859654724598
vt -0.16177155077457428 0.0044839382171630859
vt -0.16177155077457428 0.0037294600624591112
vt -0.16177155077457428 0.0029835680034011602
vt -0.16177155077457428 0.0022376759443432093
vt -0.16177155077457428 0.0014917838852852583
vt -0.16177155077457428 0.00074589211726561189
vt -0.16177155077457428 0
vt -0.16726309061050415 0.0052507859654724598
vt -0.16726309061050415 0.0044839382171630859
vt -0.16726309061050415 0.0037294600624591112
vt -0.16726309061050415 0.0029835680034011602
vt -0.16726309061050415 0.0022376759443432093
vt -0.16726309061050415 0.0014917838852852583
vt -0.16726309061050415 0.00074589211726561189
vt -0.16726309061050415 0
vt -0.17275461554527283 0.0052507859654724598
vt -0.17275461554527283 0.0044839382171630859
vt -0.17275461554527283 0.0037294600624591112
vt -0.17275461554527283 0.0029835680034011602
vt -0.17275461554527283 0.0022376759443432093
vt -0.17275461554527283 0.0014917838852852583
vt -0.17275461554527283 0.00074589211726561189
vt -0.17275461554527283 0
vt -0.17824612557888031 0.0052507859654724598
vt -0.17824612557888031 0.0044839382171630859
vt -0.17824612557888031 0.0037294600624591112
vt -0.17824612557888031 0.0029835680034011602
vt -0.17824612557888031 0.0022376759443432093
vt -0.17824612557888031 0.0014917838852852583
vt -0.17824612557888031 0.00074589211726561189
vt -0.17824612557888031 0
vt -0.18373766541481018 0.0052507859654724598
vt -0.18373766541481018 0.0044839382171630859
vt -0.18373766541481018 0.0037294600624591112
vt -0.18373766541481018 0.0029835680034011602
vt -0.18373766541481018 0.0022376759443432093
vt -0.18373766541481018 0.0014917838852852583
vt -0.18373766541481018 0.00074589211726561189
vt -0.18373766541481018 0
vt -0.18922919034957886 0.0052507859654724598
vt -0.18922919034957886 0.0044839382171630859
vt -0.18922919034957886 0.0037294600624591112
vt -0.18922919034957886 0.0029835680034011602
vt -0.18922919034957886 0.0022376759443432093
vt -0.18922919034957886 0.0014917838852852583
vt -0.18922919034957886 0.00074589211726561189
vt -0.18922919034957886 0
vt -0.19507978856563568 0.0052507859654724598
vt -0.19507978856563568 0.0044839382171630859
vt -0.19507978856563568 0.0037294600624591112
vt -0.19507978856563568 0.0029835680034011602
vt -0.19507978856563568 0.0022376759443432093
vt -0.19507978856563568 0.0014917838852852583
vt -0.19507978856563568 0.00074589211726561189
vt -0.19507978856563568 0
vt -0.2002122551202774 0.0060431156307458878
vt -0.2002122551202774 0.0052507859654724598
vt -0.2002122551202774 0.0044839382171630859
vt -0.2002122551202774 0.0037294600624591112
vt -0.2002122551202774 0.0029835680034011602
vt -0.2002122551202774 0.0022376759443432093
vt -0.2002122551202774 0.0014917838852852583
vt -0.2002122551202774 0.00074589211726561189
vt -0.2002122551202774 0
vt -0.20621861517429352 0.0052507859654724598
vt -0.20621861517429352 0.0044839382171630859
vt -0.20621861517429352 0.0037294600624591112
vt -0.20621861517429352 0.0029835680034011602
vt -0.20621861517429352 0.0022376759443432093
vt -0.20621861517429352 0.0014917838852852583
vt -0.20621861517429352 0.00074589211726561189
vt -0.20621861517429352 0
vt -0.21192598342895508 0.0052507859654724598
vt -0.21192598342895508 0.0044839382171630859
vt -0.21192598342895508 0.0037294600624591112
vt -0.21192598342895508 0.0029835680034011602
vt -0.21192598342895508 0.0022376759443432093
vt -0.21192598342895508 0.0014917838852852583
vt -0.21192598342895508 0.00074589211726561189
vt -0.21192598342895508 0
vt -0.21757179498672485 0.0052507859654724598
vt -0.21757179498672485 0.0044839382171630859
vt -0.21757179498672485 0.0037294600624591112
vt -0.21757179498672485 0.0029835680034011602
vt -0.21757179498672485 0.0022376759443432093
vt -0.21757179498672485 0.0014917838852852583
vt -0.21757179498672485 0.00074589211726561189
vt -0.21757179498672485 0
vt -0.22321760654449463 0.0052507859654724598
vt -0.22321760654449463 0.0044839382171630859
vt -0.22321760654449463 0.0037294600624591112
vt -0.22321760654449463 0.0029835680034011602
vt -0.22321760654449463 0.0022376759443432093
vt -0.22321760654449463 0.0014917838852852583
vt -0.22321760654449463 0.00074589211726561189
vt -0.22321760654449463 0
vt -0.2288634330034256 0.0052507859654724598
vt -0.2288634330034256 0.0044839382171630859
vt -0.2288634330034256 0.0037294600624591112
vt -0.2288634330034256 0.0029835680034011602
vt -0.2288634330034256 0.0022376759443432093
vt -0.2288634330034256 0.0014917838852852583
vt -0.2288634330034256 0.00074589211726561189
vt -0.2288634330034256 0
vt -0.234420046210289 0.0052507859654724598
vt -0.234420046210289 0.0044839382171630859
vt -0.234420046210289 0.0037294600624591112
vt -0.234420046210289 0.0029835680034011602
vt -0.234420046210289 0.0022376759443432093
vt -0.234420046210289 0.0014917838852852583
vt -0.234420046210289 0.00074589211726561189
vt -0.234420046210289 0
vt -0.23991157114505768 0.0052507859654724598
vt -0.23991157114505768 0.0044839382171630859
vt -0.23991157114505768 0.0037294600624591112
vt -0.23991157114505768 0.0029835680034011602
vt -0.23991157114505768 0.0022376759443432093
vt -0.23991157114505768 0.0014917838852852583
vt -0.23991157114505768 0.00074589211726561189
vt -0.23991157114505768 0
vt -0.24540309607982635 0.0052507859654724598
vt -0.24540309607982635 0.0044839382171630859
vt -0.24540309607982635 0.0037294600624591112
vt -0.24540309607982635 0.0029835680034011602
vt -0.24540309607982635 0.0022376759443432093
vt -0.24540309607982635 0.0014917838852852583
vt -0.24540309607982635 0.00074589211726561189
vt -0.24540309607982635 0
vt -0.25089460611343384 0.0052507859654724598
vt -0.25089460611343384 0.0044839382171630859
vt -0.25089460611343384 0.0037294600624591112
vt -0.25089460611343384 0.0029835680034011602
vt -0.25089460611343384 0.0022376759443432093
vt -0.25089460611343384 0.0014917838852852583
vt -0.25089460611343384 0.00074589211726561189
vt -0.25089460611343384 0
vt -0.25638613104820251 0.0052507859654724598
vt -0.25638613104820251 0.0044839382171630859
vt -0.25638613104820251 0.0037294600624591112
vt -0.25638613104820251 0.0029835680034011602
vt -0.25638613104820251 0.0022376759443432093
vt -0.25638613104820251 0.0014917838852852583
vt -0.25638613104820251 0.00074589211726561189
vt -0.25638613104820251 0
vt -0.26187768578529358 0.0052507859654724598
vt -0.26187768578529358 0.0044839382171630859
vt -0.26187768578529358 0.0037294600624591112
vt -0.26187768578529358 0.0029835680034011602
vt -0.26187768578529358 0.0022376759443432093
vt -0.26187768578529358 0.0014917838852852583
vt -0.26187768578529358 0.00074589211726561189
vt -0.26187768578529358 0
vt -0.26736921072006226 0.0052507859654724598
vt -0.26736921072006226 0.0044839382171630859
vt -0.26736921072006226 0.0037294600624591112
vt -0.26736921072006226 0.0029835680034011602
vt -0.26736921072006226 0.0022376759443432093
vt -0.26736921072006226 0.0014917838852852583
vt -0.26736921072006226 0.00074589211726561189
vt -0.26736921072006226 0
vt -0.27286073565483093 0.0052507859654724598
vt -0.27286073565483093 0.0044839382171630859
vt -0.27286073565483093 0.0037294600624591112
vt -0.27286073565483093 0.0029835680034011602
vt -0.27286073565483093 0.0022376759443432093
vt -0.27286073565483093 0.0014917838852852583
vt -0.27286073565483093 0.00074589211726561189
vt -0.27286073565483093 0
vt -0.27835226058959961 0.0052507859654724598
vt -0.27835226058959961 0.0044839382171630859
vt -0.27835226058959961 0.0037294600624591112
vt -0.27835226058959961 0.0029835680034011602
vt -0.27835226058959961 0.0022376759443432093
vt -0.27835226058959961 0.0014917838852852583
vt -0.27835226058959961 0.00074589211726561189
vt -0.27835226058959961 0
vt -0.28384378552436829 0.0052507859654724598
vt -0.28384378552436829 0.0044839382171630859
vt -0.28384378552436829 0.0037294600624591112
vt -0.28384378552436829 0.0029835680034011602
vt -0.28384378552436829 0.0022376759443432093
vt -0.28384378552436829 0.0014917838852852583
vt -0.28384378552436829 0.00074589211726561189
vt -0.28384378552436829 0
vt -0.28933534026145935 0.0052507859654724598
vt -0.28933534026145935 0.0044839382171630859
vt -0.28933534026145935 0.0037294600624591112
vt -0.28933534026145935 0.0029835680034011602
vt -0.28933534026145935 0.0022376759443432093
vt -0.28933534026145935 0.0014917838852852583
vt -0.28933534026145935 0.00074589211726561189
vt -0.28933534026145935 0
vt -0.29518592357635498 0.0052507859654724598
vt -0.29518592357635498 0.0044839382171630859
vt -0.29518592357635498 0.0037294600624591112
vt -0.29518592357635498 0.0029835680034011602
vt -0.29518592357635498 0.0022376759443432093
vt -0.29518592357635498 0.0014917838852852583
vt -0.29518592357635498 0.00074589211726561189
vt -0.29518592357635498 0
vt -0.30031836032867432 0.0052507859654724598
vt -0.30031836032867432 0.0044839382171630859
vt -0.30031836032867432 0.0037294600624591112
vt -0.30031836032867432 0.0029835680034011602
vt -0.30031836032867432 0.0022376759443432093
vt -0.30031836032867432 0.0014917838852852583
vt -0.30031836032867432 0.00074589211726561189
vt -0.30031836032867432 0
vt -0.30632472038269043 0.0052507859654724598
vt -0.30632472038269043 0.0044839382171630859
vt -0.30632472038269043 0.0037294600624591112
vt -0.30632472038269043 0.0029835680034011602
vt -0.30632472038269043 0.0022376759443432093
vt -0.30632472038269043 0.0014917838852852583
vt -0.30632472038269043 0.00074589211726561189
vt -0.30632472038269043 0
vt -0.31203210353851318 0.0052507859654724598
vt -0.31203210353851318 0.0044839382171630859
vt -0.31203210353851318 0.0037294600624591112
vt -0.31203210353851318 0.0029835680034011602
vt -0.31203210353851318 0.0022376759443432093
vt -0.31203210353851318 0.0014917838852852583
vt -0.31203210353851318 0.00074589211726561189
vt -0.31203210353851318 0
vt -0.31767791509628296 0.0052507859654724598
vt -0.31767791509628296 0.0044839382171630859
vt -0.31767791509628296 0.0037294600624591112
vt -0.31767791509628296 0.0029835680034011602
vt -0.31767791509628296 0.0022376759443432093
vt -0.31767791509628296 0.0014917838852852583
vt -0.31767791509628296 0.00074589211726561189
vt -0.31767791509628296 0
vt -0.32332372665405273 0.0052507859654724598
vt -0.32332372665405273 0.0044839382171630859
vt -0.32332372665405273 0.0037294600624591112
vt -0.32332372665405273 0.0029835680034011602
vt -0.32332372665405273 0.0022376759443432093
vt -0.32332372665405273 0.0014917838852852583
vt -0.32332372665405273 0.00074589211726561189
vt -0.32332372665405273 0
vt -0.3289695680141449 0.0052507859654724598
vt -0.3289695680141449 0.0044839382171630859
vt -0.3289695680141449 0.0037294600624591112
vt -0.3289695680141449 0.0029835680034011602
vt -0.3289695680141449 0.0022376759443432093
vt -0.3289695680141449 0.0014917838852852583
vt -0.3289695680141449 0.00074589211726561189
vt -0.3289695680141449 0
vt -0.3345261812210083 0.0052507859654724598
vt -0.3345261812210083 0.0044839382171630859
vt -0.3345261812210083 0.0037294600624591112
vt -0.3345261812210083 0.0029835680034011602
vt -0.3345261812210083 0.0022376759443432093
vt -0.3345261812210083 0.0014917838852852583
vt -0.3345261812210083 0.00074589211726561189
vt -0.3345261812210083 0
vt -0.34001770615577698 0.0052507859654724598
vt -0.34001770615577698 0.0044839382171630859
vt -0.34001770615577698 0.0037294600624591112
vt -0.34001770615577698 0.0029835680034011602
vt -0.34001770615577698 0.0022376759443432093
vt -0.34001770615577698 0.0014917838852852583
vt -0.34001770615577698 0.00074589211726561189
vt -0.34001770615577698 0
vt -0.34550923109054565 0.0052507859654724598
vt -0.34550923109054565 0.0044839382171630859
vt -0.34550923109054565 0.0037294600624591112
vt -0.34550923109054565 0.0029835680034011602
vt -0.34550923109054565 0.0022376759443432093
vt -0.34550923109054565 0.0014917838852852583
vt -0.34550923109054565 0.00074589211726561189
vt -0.34550923109054565 0
vt -0.35100072622299194 0.0052507859654724598
vt -0.35100072622299194 0.0044839382171630859
vt -0.35100072622299194 0.0037294600624591112
vt -0.35100072622299194 0.0029835680034011602
vt -0.35100072622299194 0.0022376759443432093
vt -0.35100072622299194 0.0014917838852852583
vt -0.35100072622299194 0.00074589211726561189
vt -0.35100072622299194 0
vt -0.35649225115776062 0.0052507859654724598
vt -0.35649225115776062 0.0044839382171630859
vt -0.35649225115776062 0.0037294600624591112
vt -0.35649225115776062 0.0029835680034011602
vt -0.35649225115776062 0.0022376759443432093
vt -0.35649225115776062 0.0014917838852852583
vt -0.35649225115776062 0.00074589211726561189
vt -0.35649225115776062 0
vt -0.36198380589485168 0.0052507859654724598
vt -0.36198380589485168 0.0044839382171630859
vt -0.36198380589485168 0.0037294600624591112
vt -0.36198380589485168 0.0029835680034011602
vt -0.36198380589485168 0.0022376759443432093
vt -0.36198380589485168 0.0014917838852852583
vt -0.36198380589485168 0.00074589211726561189
vt -0.36198380589485168 0
vt -0.36747533082962036 0.0052507859654724598
vt -0.36747533082962036 0.0044839382171630859
vt -0.36747533082962036 0.0037294600624591112
vt -0.36747533082962036 0.0029835680034011602
vt -0.36747533082962036 0.0022376759443432093
vt -0.36747533082962036 0.0014917838852852583
vt -0.36747533082962036 0.00074589211726561189
vt -0.36747533082962036 0
vt -0.37296685576438904 0.0052507859654724598
vt -0.37296685576438904 0.0044839382171630859
vt -0.37296685576438904 0.0037294600624591112
vt -0.37296685576438904 0.0029835680034011602
vt -0.37296685576438904 0.0022376759443432093
vt -0.37296685576438904 0.0014917838852852583
vt -0.37296685576438904 0.00074589211726561189
vt -0.37296685576438904 0
vt -0.37845838069915771 0.0052507859654724598
vt -0.37845838069915771 0.0044839382171630859
vt -0.37845838069915771 0.0037294600624591112
vt -0.37845838069915771 0.0029835680034011602
vt -0.37845838069915771 0.0022376759443432093
vt -0.37845838069915771 0.0014917838852852583
vt -0.37845838069915771 0.00074589211726561189
vt -0.37845838069915771 0
vt -0.38394990563392639 0.0052507859654724598
vt -0.38394990563392639 0.0044839382171630859
vt -0.38394990563392639 0.0037294600624591112
vt -0.38394990563392639 0.0029835680034011602
vt -0.38394990563392639 0.0022376759443432093
vt -0.38394990563392639 0.0014917838852852583
vt -0.38394990563392639 0.00074589211726561189
vt -0.38394990563392639 0
vt -0.38944146037101746 0.0052507859654724598
vt -0.38944146037101746 0.0044839382171630859
vt -0.38944146037101746 0.0037294600624591112
vt -0.38944146037101746 0.0029835680034011602
vt -0.38944146037101746 0.0022376759443432093
vt -0.38944146037101746 0.0014917838852852583
vt -0.38944146037101746 0.00074589211726561189
vt -0.38944146037101746 0
vt -0.39529204368591309 0.0052507859654724598
vt -0.39529204368591309 0.0044839382171630859
vt -0.39529204368591309 0.0037294600624591112
vt -0.39529204368591309 0.0029835680034011602
vt -0.39529204368591309 0.0022376759443432093
vt -0.39529204368591309 0.0014917838852852583
vt -0.39529204368591309 0.00074589211726561189
vt -0.39529204368591309 0
vt -0.40042451024055481 0.0060431156307458878
vt -0.40042451024055481 0.0052507859654724598
vt -0.40042451024055481 0.0044839382171630859
vt -0.40042451024055481 0.0037294600624591112
vt -0.40042451024055481 0.0029835680034011602
vt -0.40042451024055481 0.0022376759443432093
vt -0.40042451024055481 0.0014917838852852583
vt -0.40042451024055481 0.00074589211726561189
vt -0.40042451024055481 0
vt -0.0041710888035595417 0.0060431156307458878
vt -0.0083421776071190834 0.0060431156307458878
vt -0.012513265945017338 0.0060431156307458878
vt -0.016684355214238167 0.0060431156307458878
vt -0.020855441689491272 0.0060431156307458878
vt -0.025026531890034676 0.0060431156307458878
vt -0.029197618365287781 0.0060431156307458878
vt -0.033368710428476334 0.0060431156307458878
vt -0.03753979504108429 0.0060431156307458878
vt -0.041710883378982544 0.0060431156307458878
vt -0.045881975442171097 0.0060431156307458878
vt -0.050053063780069351 0.0060431156307458878
vt -0.054224152117967606 0.0060431156307458878
vt -0.058395236730575562 0.0060431156307458878
vt -0.062566325068473816 0.0060431156307458878
vt -0.066737420856952667 0.0060431156307458878
vt -0.070908501744270325 0.0060431156307458878
vt -0.075079590082168579 0.0060431156307458878
vt -0.07925068587064743 0.0060431156307458878
vt -0.083421766757965088 0.0060431156307458878
vt -0.087592855095863342 0.0060431156307458878
vt -0.091763950884342194 0.0060431156307458878
vt -0.095935031771659851 0.0060431156307458878
vt -0.10427720844745636 0.0060431156307458878
vt -0.10844830423593521 0.0060431156307458878
vt -0.11261939257383347 0.0060431156307458878
vt -0.11679047346115112 0.0060431156307458878
vt -0.12096156924962997 0.0060431156307458878
vt -0.12513265013694763 0.0060431156307458878
vt -0.12930373847484589 0.0060431156307458878
vt -0.13347484171390533 0.0060431156307458878
vt -0.1376459151506424 0.0060431156307458878
vt -0.14181700348854065 0.0060431156307458878
vt -0.1459881067276001 0.0060431156307458878
vt -0.15015918016433716 0.0060431156307458878
vt -0.15433026850223541 0.0060431156307458878
vt -0.15850137174129486 0.0060431156307458878
vt -0.16267244517803192 0.0060431156307458878
vt -0.16684353351593018 0.0060431156307458878
vt -0.17101463675498962 0.0060431156307458878
vt -0.17518571019172668 0.0060431156307458878
vt -0.17935679852962494 0.0060431156307458878
vt -0.18352790176868439 0.0060431156307458878
vt -0.18769899010658264 0.0060431156307458878
vt -0.1918700635433197 0.0060431156307458878
vt -0.19604116678237915 0.0060431156307458878
vt -0.20438334345817566 0.0060431156307458878
vt -0.20855441689491272 0.0060431156307458878
vt -0.21272552013397217 0.0060431156307458878
vt -0.21689660847187042 0.0060431156307458878
vt -0.22106768190860748 0.0060431156307458878
vt -0.22523878514766693 0.0060431156307458878
vt -0.22940987348556519 0.0060431156307458878
vt -0.23358094692230225 0.0060431156307458878
vt -0.23775205016136169 0.0060431156307458878
vt -0.24192313849925995 0.0060431156307458878
vt -0.24609421193599701 0.0060431156307458878
vt -0.25026530027389526 0.0060431156307458878
vt -0.25443640351295471 0.0060431156307458878
vt -0.25860747694969177 0.0060431156307458878
vt -0.26277858018875122 0.0060431156307458878
vt -0.26694968342781067 0.0060431156307458878
vt -0.27112075686454773 0.0060431156307458878
vt -0.27529183030128479 0.0060431156307458878
vt -0.27946293354034424 0.0060431156307458878
vt -0.2836340069770813 0.0060431156307458878
vt -0.28780511021614075 0.0060431156307458878
vt -0.2919762134552002 0.0060431156307458878
vt -0.29614728689193726 0.0060431156307458878
vt -0.30031836032867432 0.0060431156307458878
vt -0.30448946356773376 0.0060431156307458878
vt -0.30866053700447083 0.0060431156307458878
vt -0.31283164024353027 0.0060431156307458878
vt -0.31700274348258972 0.0060431156307458878
vt -0.32117381691932678 0.0060431156307458878
vt -0.32534489035606384 0.0060431156307458878
vt -0.32951599359512329 0.0060431156307458878
vt -0.33368706703186035 0.0060431156307458878
vt -0.3378581702709198 0.0060431156307458878
vt -0.34202927350997925 0.0060431156307458878
vt -0.34620034694671631 0.0060431156307458878
vt -0.35037142038345337 0.0060431156307458878
vt -0.35454252362251282 0.0060431156307458878
vt -0.35871359705924988 0.0060431156307458878
vt -0.36288470029830933 0.0060431156307458878
vt -0.36705580353736877 0.0060431156307458878
vt -0.37122687697410583 0.0060431156307458878
vt -0.37539798021316528 0.0060431156307458878
vt -0.37956905364990234 0.0060431156307458878
vt -0.3837401270866394 0.0060431156307458878
vt -0.38791123032569885 0.0060431156307458878
vt -0.3920823335647583 0.0060431156307458878
vt -0.39625340700149536 0.0060431156307458878
vt -0.095592021942138672 0.054571550339460373
vt -0.094696514308452606 0.045503880828619003
vt -0.092043541371822357 0.036775995045900345
vt -0.087732516229152679 0.028714949265122414
vt -0.081924982368946075 0.021622803062200546
vt -0.074838556349277496 0.015765320509672165
vt -0.066640809178352356 0.011320473626255989
vt -0.057570233941078186 0.0085025625303387642
vt -0.047796010971069336 0.0075079593807458878
vt -0.038587227463722229 0.0083897486329078674
vt -0.0297235157340765 0.011002065613865852
vt -0.021537018939852715 0.015247030183672905
vt -0.014334505423903465 0.020965572446584702
vt -0.0083858668804168701 0.027943404391407967
vt -0.0038718469440937042 0.036015525460243225
vt -0.0010100802173838019 0.044947110116481781
vt 0 0.054571550339460373
vt -0.00089551048586145043 0.063639223575592041
vt -0.0035484852269291878 0.072367109358310699
vt -0.0078595113009214401 0.080428153276443481
vt -0.013667046092450619 0.087520293891429901
vt -0.020753467455506325 0.093377776443958282
vt -0.028951212763786316 0.097822621464729309
vt -0.038021795451641083 0.10064053535461426
vt -0.047796010971069336 0.10163514316082001
vt -0.057004794478416443 0.10075335204601288
vt -0.065868504345417023 0.098141029477119446
vt -0.074055001139640808 0.093896068632602692
vt -0.081257522106170654 0.088177524507045746
vt -0.087206162512302399 0.081199698150157928
vt -0.091720178723335266 0.073127575218677521
vt -0.094581939280033112 0.064195990562438965
vt -0.047796010971069336 0.054571550339460373
vt -0.047796010971069336 0.031039753928780556
vt -0.071694016456604004 0.054571550339460373
vt -0.071694016456604004 0.031039753928780556
vt -0.047796010971069336 0.078103348612785339
vt -0.071694016456604004 0.078103348612785339
vt -0.023898005485534668 0.054571550339460373
vt -0.023898005485534668 0.031039753928780556
vt -0.023898005485534668 0.078103348612785339
vt -0.056551605463027954 0.24602334201335907
vt -0.12901188433170319 0.24602334201335907
vt -0.20147214829921722 0.24602334201335907
vt -0.27393242716789246 0.24602334201335907
vt -0.34639269113540649 0.24602334201335907
vt -0.41885295510292053 0.24602334201335907
vt -0.49131324887275696 0.24602334201335907
vt -0.563773512840271 0.24602334201335907
vt -0.63623380661010742 0.24602334201335907
vt -0.70869410037994385 0.24602334201335907
vt -0.7811543345451355 0.24602334201335907
vt -0.85361462831497192 0.24602334201335907
vt -0.92607486248016357 0.24602334201335907
vt -0.99853515625 0.24602334201335907
vt -0.056551605463027954 0.2591005265712738
vt -0.12901188433170319 0.2591005265712738
vt -0.20147214829921722 0.2591005265712738
vt -0.27393242716789246 0.2591005265712738
vt -0.34639269113540649 0.2591005265712738
vt -0.41885295510292053 0.2591005265712738
vt -0.49131324887275696 0.2591005265712738
vt -0.563773512840271 0.2591005265712738
vt -0.63623380661010742 0.2591005265712738
vt -0.70869410037994385 0.2591005265712738
vt -0.7811543345451355 0.2591005265712738
vt -0.85361462831497192 0.2591005265712738
vt -0.92607486248016357 0.2591005265712738
vt -0.056551605463027954 0.27175712585449219
vt -0.12901188433170319 0.27175712585449219
vt -0.20147214829921722 0.27175712585449219
vt -0.27393242716789246 0.27175712585449219
vt -0.34639269113540649 0.27175712585449219
vt -0.41885295510292053 0.27175712585449219
vt -0.49131324887275696 0.27175712585449219
vt -0.563773512840271 0.27175712585449219
vt -0.63623380661010742 0.27175712585449219
vt -0.70869410037994385 0.27175712585449219
vt -0.7811543345451355 0.27175712585449219
vt -0.85361462831497192 0.27175712585449219
vt -0.92607486248016357 0.27175712585449219
vt -0.056551605463027954 0.28420957922935486
vt -0.12901188433170319 0.28420957922935486
vt -0.20147214829921722 0.28420957922935486
vt -0.27393242716789246 0.28420957922935486
vt -0.34639269113540649 0.28420957922935486
vt -0.41885295510292053 0.28420957922935486
vt -0.49131324887275696 0.28420957922935486
vt -0.563773512840271 0.28420957922935486
vt -0.63623380661010742 0.28420957922935486
vt -0.70869410037994385 0.28420957922935486
vt -0.7811543345451355 0.28420957922935486
vt -0.85361462831497192 0.28420957922935486
vt -0.92607486248016357 0.28420957922935486
vt -0.056551605463027954 0.29652032256126404
vt -0.12901188433170319 0.29652032256126404
vt -0.20147214829921722 0.29652032256126404
vt -0.27393242716789246 0.29652032256126404
vt -0.34639269113540649 0.29652032256126404
vt -0.41885295510292053 0.29652032256126404
vt -0.49131324887275696 0.29652032256126404
vt -0.563773512840271 0.29652032256126404
vt -0.63623380661010742 0.29652032256126404
vt -0.70869410037994385 0.29652032256126404
vt -0.7811543345451355 0.29652032256126404
vt -0.85361462831497192 0.29652032256126404
vt -0.92607486248016357 0.29652032256126404
vt -0.056551605463027954 0.30883103609085083
vt -0.12901188433170319 0.30883103609085083
vt -0.20147214829921722 0.30883103609085083
vt -0.27393242716789246 0.30883103609085083
vt -0.34639269113540649 0.30883103609085083
vt -0.41885295510292053 0.30883103609085083
vt -0.49131324887275696 0.30883103609085083
vt -0.563773512840271 0.30883103609085083
vt -0.63623380661010742 0.30883103609085083
vt -0.70869410037994385 0.30883103609085083
vt -0.7811543345451355 0.30883103609085083
vt -0.85361462831497192 0.30883103609085083
vt -0.92607486248016357 0.30883103609085083
vt -0.056551605463027954 0.32114177942276001
vt -0.12901188433170319 0.32114177942276001
vt -0.20147214829921722 0.32114177942276001
vt -0.27393242716789246 0.32114177942276001
vt -0.34639269113540649 0.32114177942276001
vt -0.41885295510292053 0.32114177942276001
vt -0.49131324887275696 0.32114177942276001
vt -0.563773512840271 0.32114177942276001
vt -0.63623380661010742 0.32114177942276001
vt -0.70869410037994385 0.32114177942276001
vt -0.7811543345451355 0.32114177942276001
vt -0.85361462831497192 0.32114177942276001
vt -0.92607486248016357 0.32114177942276001
vt -0.056551605463027954 0.33345252275466919
vt -0.12901188433170319 0.33345252275466919
vt -0.20147214829921722 0.33345252275466919
vt -0.27393242716789246 0.33345252275466919
vt -0.34639269113540649 0.33345252275466919
vt -0.41885295510292053 0.33345252275466919
vt -0.49131324887275696 0.33345252275466919
vt -0.563773512840271 0.33345252275466919
vt -0.63623380661010742 0.33345252275466919
vt -0.70869410037994385 0.33345252275466919
vt -0.7811543345451355 0.33345252275466919
vt -0.85361462831497192 0.33345252275466919
vt -0.92607486248016357 0.33345252275466919
vt -0.056551605463027954 0.34576326608657837
vt -0.12901188433170319 0.34576326608657837
vt -0.20147214829921722 0.34576326608657837
vt -0.27393242716789246 0.34576326608657837
vt -0.34639269113540649 0.34576326608657837
vt -0.41885295510292053 0.34576326608657837
vt -0.49131324887275696 0.34576326608657837
vt -0.563773512840271 0.34576326608657837
vt -0.63623380661010742 0.34576326608657837
vt -0.70869410037994385 0.34576326608657837
vt -0.7811543345451355 0.34576326608657837
vt -0.85361462831497192 0.34576326608657837
vt -0.92607486248016357 0.34576326608657837
vt -0.99853515625 0.34576326608657837
vt -0.056551605463027954 0.35884043574333191
vt -0.12901188433170319 0.35884043574333191
vt -0.20147214829921722 0.35884043574333191
vt -0.27393242716789246 0.35884043574333191
vt -0.34639269113540649 0.35884043574333191
vt -0.41885295510292053 0.35884043574333191
vt -0.49131324887275696 0.35884043574333191
vt -0.563773512840271 0.35884043574333191
vt -0.63623380661010742 0.35884043574333191
vt -0.70869410037994385 0.35884043574333191
vt -0.7811543345451355 0.35884043574333191
vt -0.85361462831497192 0.35884043574333191
vt -0.92607486248016357 0.35884043574333191
vt -0.056551605463027954 0.37149706482887268
vt -0.12901188433170319 0.37149706482887268
vt -0.20147214829921722 0.37149706482887268
vt -0.27393242716789246 0.37149706482887268
vt -0.34639269113540649 0.37149706482887268
vt -0.41885295510292053 0.37149706482887268
vt -0.49131324887275696 0.37149706482887268
vt -0.563773512840271 0.37149706482887268
vt -0.63623380661010742 0.37149706482887268
vt -0.70869410037994385 0.37149706482887268
vt -0.7811543345451355 0.37149706482887268
vt -0.85361462831497192 0.37149706482887268
vt -0.92607486248016357 0.37149706482887268
vt -0.056551605463027954 0.38394948840141296
vt -0.12901188433170319 0.38394948840141296
vt -0.20147214829921722 0.38394948840141296
vt -0.27393242716789246 0.38394948840141296
vt -0.34639269113540649 0.38394948840141296
vt -0.41885295510292053 0.38394948840141296
vt -0.49131324887275696 0.38394948840141296
vt -0.563773512840271 0.38394948840141296
vt -0.63623380661010742 0.38394948840141296
vt -0.70869410037994385 0.38394948840141296
vt -0.7811543345451355 0.38394948840141296
vt -0.85361462831497192 0.38394948840141296
vt -0.92607486248016357 0.38394948840141296
vt -0.056551605463027954 0.39626023173332214
vt -0.12901188433170319 0.39626023173332214
vt -0.20147214829921722 0.39626023173332214
vt -0.27393242716789246 0.39626023173332214
vt -0.34639269113540649 0.39626023173332214
vt -0.41885295510292053 0.39626023173332214
vt -0.49131324887275696 0.39626023173332214
vt -0.563773512840271 0.39626023173332214
vt -0.63623380661010742 0.39626023173332214
vt -0.70869410037994385 0.39626023173332214
vt -0.7811543345451355 0.39626023173332214
vt -0.85361462831497192 0.39626023173332214
vt -0.92607486248016357 0.39626023173332214
vt -0.056551605463027954 0.40857097506523132
vt -0.12901188433170319 0.40857097506523132
vt -0.20147214829921722 0.40857097506523132
vt -0.27393242716789246 0.40857097506523132
vt -0.34639269113540649 0.40857097506523132
vt -0.41885295510292053 0.40857097506523132
vt -0.49131324887275696 0.40857097506523132
vt -0.563773512840271 0.40857097506523132
vt -0.63623380661010742 0.40857097506523132
vt -0.70869410037994385 0.40857097506523132
vt -0.7811543345451355 0.40857097506523132
vt -0.85361462831497192 0.40857097506523132
vt -0.92607486248016357 0.40857097506523132
vt -0.056551605463027954 0.42088168859481812
vt -0.12901188433170319 0.42088168859481812
vt -0.20147214829921722 0.42088168859481812
vt -0.27393242716789246 0.42088168859481812
vt -0.34639269113540649 0.42088168859481812
vt -0.41885295510292053 0.42088168859481812
vt -0.49131324887275696 0.42088168859481812
vt -0.563773512840271 0.42088168859481812
vt -0.63623380661010742 0.42088168859481812
vt -0.70869410037994385 0.42088168859481812
vt -0.7811543345451355 0.42088168859481812
vt -0.85361462831497192 0.42088168859481812
vt -0.92607486248016357 0.42088168859481812
vt -0.056551605463027954 0.43319243192672729
vt -0.12901188433170319 0.43319243192672729
vt -0.20147214829921722 0.43319243192672729
vt -0.27393242716789246 0.43319243192672729
vt -0.34639269113540649 0.43319243192672729
vt -0.41885295510292053 0.43319243192672729
vt -0.49131324887275696 0.43319243192672729
vt -0.563773512840271 0.43319243192672729
vt -0.63623380661010742 0.43319243192672729
vt -0.70869410037994385 0.43319243192672729
vt -0.7811543345451355 0.43319243192672729
vt -0.85361462831497192 0.43319243192672729
vt -0.92607486248016357 0.43319243192672729
vt -0.056551605463027954 0.44550317525863647
vt -0.12901188433170319 0.44550317525863647
vt -0.20147214829921722 0.44550317525863647
vt -0.27393242716789246 0.44550317525863647
vt -0.34639269113540649 0.44550317525863647
vt -0.41885295510292053 0.44550317525863647
vt -0.49131324887275696 0.44550317525863647
vt -0.563773512840271 0.44550317525863647
vt -0.63623380661010742 0.44550317525863647
vt -0.70869410037994385 0.44550317525863647
vt -0.7811543345451355 0.44550317525863647
vt -0.85361462831497192 0.44550317525863647
vt -0.92607486248016357 0.44550317525863647
vt -0.99853515625 0.44550317525863647
vt -0.056551605463027954 0.45858034491539001
vt -0.12901188433170319 0.45858034491539001
vt -0.20147214829921722 0.45858034491539001
vt -0.27393242716789246 0.45858034491539001
vt -0.34639269113540649 0.45858034491539001
vt -0.41885295510292053 0.45858034491539001
vt -0.49131324887275696 0.45858034491539001
vt -0.563773512840271 0.45858034491539001
vt -0.63623380661010742 0.45858034491539001
vt -0.70869410037994385 0.45858034491539001
vt -0.7811543345451355 0.45858034491539001
vt -0.85361462831497192 0.45858034491539001
vt -0.92607486248016357 0.45858034491539001
vt -0.056551605463027954 0.47123697400093079
vt -0.12901188433170319 0.47123697400093079
vt -0.20147214829921722 0.47123697400093079
vt -0.27393242716789246 0.47123697400093079
vt -0.34639269113540649 0.47123697400093079
vt -0.41885295510292053 0.47123697400093079
vt -0.49131324887275696 0.47123697400093079
vt -0.563773512840271 0.47123697400093079
vt -0.63623380661010742 0.47123697400093079
vt -0.70869410037994385 0.47123697400093079
vt -0.7811543345451355 0.47123697400093079
vt -0.85361462831497192 0.47123697400093079
vt -0.92607486248016357 0.47123697400093079
vt -0.056551605463027954 0.48368939757347107
vt -0.12901188433170319 0.48368939757347107
vt -0.20147214829921722 0.48368939757347107
vt -0.27393242716789246 0.48368939757347107
vt -0.34639269113540649 0.48368939757347107
vt -0.41885295510292053 0.48368939757347107
vt -0.49131324887275696 0.48368939757347107
vt -0.563773512840271 0.48368939757347107
vt -0.63623380661010742 0.48368939757347107
vt -0.70869410037994385 0.48368939757347107
vt -0.7811543345451355 0.48368939757347107
vt -0.85361462831497192 0.48368939757347107
vt -0.92607486248016357 0.48368939757347107
vt -0.056551605463027954 0.49600014090538025
vt -0.12901188433170319 0.49600014090538025
vt -0.20147214829921722 0.49600014090538025
vt -0.27393242716789246 0.49600014090538025
vt -0.34639269113540649 0.49600014090538025
vt -0.41885295510292053 0.49600014090538025
vt -0.49131324887275696 0.49600014090538025
vt -0.563773512840271 0.49600014090538025
vt -0.63623380661010742 0.49600014090538025
vt -0.70869410037994385 0.49600014090538025
vt -0.7811543345451355 0.49600014090538025
vt -0.85361462831497192 0.49600014090538025
vt -0.92607486248016357 0.49600014090538025
vt -0.056551605463027954 0.50831085443496704
vt -0.12901188433170319 0.50831085443496704
vt -0.20147214829921722 0.50831085443496704
vt -0.27393242716789246 0.50831085443496704
vt -0.34639269113540649 0.50831085443496704
vt -0.41885295510292053 0.50831085443496704
vt -0.49131324887275696 0.50831085443496704
vt -0.563773512840271 0.50831085443496704
vt -0.63623380661010742 0.50831085443496704
vt -0.70869410037994385 0.50831085443496704
vt -0.7811543345451355 0.50831085443496704
vt -0.85361462831497192 0.50831085443496704
vt -0.92607486248016357 0.50831085443496704
vt -0.056551605463027954 0.52062159776687622
vt -0.12901188433170319 0.52062159776687622
vt -0.20147214829921722 0.52062159776687622
vt -0.27393242716789246 0.52062159776687622
vt -0.34639269113540649 0.52062159776687622
vt -0.41885295510292053 0.52062159776687622
vt -0.49131324887275696 0.52062159776687622
vt -0.563773512840271 0.52062159776687622
vt -0.63623380661010742 0.52062159776687622
vt -0.70869410037994385 0.52062159776687622
vt -0.7811543345451355 0.52062159776687622
vt -0.85361462831497192 0.52062159776687622
vt -0.92607486248016357 0.52062159776687622
vt -0.056551605463027954 0.5329323410987854
vt -0.12901188433170319 0.5329323410987854
vt -0.20147214829921722 0.5329323410987854
vt -0.27393242716789246 0.5329323410987854
vt -0.34639269113540649 0.5329323410987854
vt -0.41885295510292053 0.5329323410987854
vt -0.49131324887275696 0.5329323410987854
vt -0.563773512840271 0.5329323410987854
vt -0.63623380661010742 0.5329323410987854
vt -0.70869410037994385 0.5329323410987854
vt -0.7811543345451355 0.5329323410987854
vt -0.85361462831497192 0.5329323410987854
vt -0.92607486248016357 0.5329323410987854
vt -0.056551605463027954 0.54524308443069458
vt -0.12901188433170319 0.54524308443069458
vt -0.20147214829921722 0.54524308443069458
vt -0.27393242716789246 0.54524308443069458
vt -0.34639269113540649 0.54524308443069458
vt -0.41885295510292053 0.54524308443069458
vt -0.49131324887275696 0.54524308443069458
vt -0.563773512840271 0.54524308443069458
vt -0.63623380661010742 0.54524308443069458
vt -0.70869410037994385 0.54524308443069458
vt -0.7811543345451355 0.54524308443069458
vt -0.85361462831497192 0.54524308443069458
vt -0.92607486248016357 0.54524308443069458
vt -0.99853515625 0.54524308443069458
vt -0.056551605463027954 0.55832028388977051
vt -0.12901188433170319 0.55832028388977051
vt -0.20147214829921722 0.55832028388977051
vt -0.27393242716789246 0.55832028388977051
vt -0.34639269113540649 0.55832028388977051
vt -0.41885295510292053 0.55832028388977051
vt -0.49131324887275696 0.55832028388977051
vt -0.563773512840271 0.55832028388977051
vt -0.63623380661010742 0.55832028388977051
vt -0.70869410037994385 0.55832028388977051
vt -0.7811543345451355 0.55832028388977051
vt -0.85361462831497192 0.55832028388977051
vt -0.92607486248016357 0.55832028388977051
vt -0.056551605463027954 0.5709768533706665
vt -0.12901188433170319 0.5709768533706665
vt -0.20147214829921722 0.5709768533706665
vt -0.27393242716789246 0.5709768533706665
vt -0.34639269113540649 0.5709768533706665
vt -0.41885295510292053 0.5709768533706665
vt -0.49131324887275696 0.5709768533706665
vt -0.563773512840271 0.5709768533706665
vt -0.63623380661010742 0.5709768533706665
vt -0.70869410037994385 0.5709768533706665
vt -0.7811543345451355 0.5709768533706665
vt -0.85361462831497192 0.5709768533706665
vt -0.92607486248016357 0.5709768533706665
vt -0.056551605463027954 0.58342933654785156
vt -0.12901188433170319 0.58342933654785156
vt -0.20147214829921722 0.58342933654785156
vt -0.27393242716789246 0.58342933654785156
vt -0.34639269113540649 0.58342933654785156
vt -0.41885295510292053 0.58342933654785156
vt -0.49131324887275696 0.58342933654785156
vt -0.563773512840271 0.58342933654785156
vt -0.63623380661010742 0.58342933654785156
vt -0.70869410037994385 0.58342933654785156
vt -0.7811543345451355 0.58342933654785156
vt -0.85361462831497192 0.58342933654785156
vt -0.92607486248016357 0.58342933654785156
vt -0.056551605463027954 0.59574002027511597
vt -0.12901188433170319 0.59574002027511597
vt -0.20147214829921722 0.59574002027511597
vt -0.27393242716789246 0.59574002027511597
vt -0.34639269113540649 0.59574002027511597
vt -0.41885295510292053 0.59574002027511597
vt -0.49131324887275696 0.59574002027511597
vt -0.563773512840271 0.59574002027511597
vt -0.63623380661010742 0.59574002027511597
vt -0.70869410037994385 0.59574002027511597
vt -0.7811543345451355 0.59574002027511597
vt -0.85361462831497192 0.59574002027511597
vt -0.92607486248016357 0.59574002027511597
vt -0.056551605463027954 0.60805076360702515
vt -0.12901188433170319 0.60805076360702515
vt -0.20147214829921722 0.60805076360702515
vt -0.27393242716789246 0.60805076360702515
vt -0.34639269113540649 0.60805076360702515
vt -0.41885295510292053 0.60805076360702515
vt -0.49131324887275696 0.60805076360702515
vt -0.563773512840271 0.60805076360702515
vt -0.63623380661010742 0.60805076360702515
vt -0.70869410037994385 0.60805076360702515
vt -0.7811543345451355 0.60805076360702515
vt -0.85361462831497192 0.60805076360702515
vt -0.92607486248016357 0.60805076360702515
vt -0.056551605463027954 0.62036150693893433
vt -0.12901188433170319 0.62036150693893433
vt -0.20147214829921722 0.62036150693893433
vt -0.27393242716789246 0.62036150693893433
vt -0.34639269113540649 0.62036150693893433
vt -0.41885295510292053 0.62036150693893433
vt -0.49131324887275696 0.62036150693893433
vt -0.563773512840271 0.62036150693893433
vt -0.63623380661010742 0.62036150693893433
vt -0.70869410037994385 0.62036150693893433
vt -0.7811543345451355 0.62036150693893433
vt -0.85361462831497192 0.62036150693893433
vt -0.92607486248016357 0.62036150693893433
vt -0.056551605463027954 0.63267225027084351
vt -0.12901188433170319 0.63267225027084351
vt -0.20147214829921722 0.63267225027084351
vt -0.27393242716789246 0.63267225027084351
vt -0.34639269113540649 0.63267225027084351
vt -0.41885295510292053 0.63267225027084351
vt -0.49131324887275696 0.63267225027084351
vt -0.563773512840271 0.63267225027084351
vt -0.63623380661010742 0.63267225027084351
vt -0.70869410037994385 0.63267225027084351
vt -0.7811543345451355 0.63267225027084351
vt -0.85361462831497192 0.63267225027084351
vt -0.92607486248016357 0.63267225027084351
vt -0.056551605463027954 0.64498299360275269
vt -0.12901188433170319 0.64498299360275269
vt -0.20147214829921722 0.64498299360275269
vt -0.27393242716789246 0.64498299360275269
vt -0.34639269113540649 0.64498299360275269
vt -0.41885295510292053 0.64498299360275269
vt -0.49131324887275696 0.64498299360275269
vt -0.563773512840271 0.64498299360275269
vt -0.63623380661010742 0.64498299360275269
vt -0.70869410037994385 0.64498299360275269
vt -0.7811543345451355 0.64498299360275269
vt -0.85361462831497192 0.64498299360275269
vt -0.92607486248016357 0.64498299360275269
vt -0.99853515625 0.64498299360275269
vt -0.99853515625 0.64042717218399048
vt -0.99853515625 0.6359822154045105
vt -0.99853515625 0.63163501024246216
vt -0.99853515625 0.62737321853637695
vt -0.99853515625 0.62318563461303711
vt -0.99853515625 0.61906147003173828
vt -0.99853515625 0.61499059200286865
vt -0.99853515625 0.61096358299255371
vt -0.99853515625 0.60697108507156372
vt -0.99853515625 0.60300427675247192
vt -0.99853515625 0.59905445575714111
vt -0.99853515625 0.59511303901672363
vt -0.99853515625 0.59117162227630615
vt -0.99853515625 0.58722180128097534
vt -0.99853515625 0.58325499296188354
vt -0.99853515625 0.57926249504089355
vt -0.99853515625 0.57523548603057861
vt -0.99853515625 0.57116466760635376
vt -0.99853515625 0.56704044342041016
vt -0.99853515625 0.56285285949707031
vt -0.99853515625 0.55859106779098511
vt -0.99853515625 0.55424386262893677
vt -0.99853515625 0.54979890584945679
vt -0.99853515625 0.54068726301193237
vt -0.99853515625 0.53624230623245239
vt -0.99853515625 0.53189510107040405
vt -0.99853515625 0.52763330936431885
vt -0.99853515625 0.523445725440979
vt -0.99853515625 0.5193215012550354
vt -0.99853515625 0.51525068283081055
vt -0.99853515625 0.51122367382049561
vt -0.99853515625 0.50723117589950562
vt -0.99853515625 0.50326436758041382
vt -0.99853515625 0.49931451678276062
vt -0.99853515625 0.49537312984466553
vt -0.99853515625 0.49143174290657043
vt -0.99853515625 0.48748189210891724
vt -0.99853515625 0.48351508378982544
vt -0.99853515625 0.47952258586883545
vt -0.99853515625 0.47549554705619812
vt -0.99853515625 0.47142472863197327
vt -0.99853515625 0.46730053424835205
vt -0.99853515625 0.46311292052268982
vt -0.99853515625 0.45885118842124939
vt -0.99853515625 0.45450395345687866
vt -0.99853515625 0.45005899667739868
vt -0.99853515625 0.44094732403755188
vt -0.99853515625 0.43650239706039429
vt -0.99853515625 0.43215516209602356
vt -0.99853515625 0.42789342999458313
vt -0.99853515625 0.42370578646659851
vt -0.99853515625 0.41958162188529968
vt -0.99853515625 0.41551080346107483
vt -0.99853515625 0.41148373484611511
vt -0.99853515625 0.40749126672744751
vt -0.99853515625 0.40352442860603333
vt -0.99853515625 0.39957460761070251
vt -0.99853515625 0.39563322067260742
vt -0.99853515625 0.39169183373451233
vt -0.99853515625 0.38774198293685913
vt -0.99853515625 0.38377517461776733
vt -0.99853515625 0.37978267669677734
vt -0.99853515625 0.37575563788414001
vt -0.99853515625 0.37168481945991516
vt -0.99853515625 0.36756065487861633
vt -0.99853515625 0.36337301135063171
vt -0.99853515625 0.35911127924919128
vt -0.99853515625 0.35476404428482056
vt -0.99853515625 0.35031908750534058
vt -0.99853515625 0.34120741486549377
vt -0.99853515625 0.33676248788833618
vt -0.99853515625 0.33241525292396545
vt -0.99853515625 0.32815352082252502
vt -0.99853515625 0.32396587729454041
vt -0.99853515625 0.31984171271324158
vt -0.99853515625 0.31577089428901672
vt -0.99853515625 0.31174382567405701
vt -0.99853515625 0.3077513575553894
vt -0.99853515625 0.30378451943397522
vt -0.99853515625 0.29983466863632202
vt -0.99853515625 0.29589331150054932
vt -0.99853515625 0.29195192456245422
vt -0.99853515625 0.28800207376480103
vt -0.99853515625 0.28403526544570923
vt -0.99853515625 0.28004276752471924
vt -0.99853515625 0.27601572871208191
vt -0.99853515625 0.27194491028785706
vt -0.99853515625 0.26782071590423584
vt -0.99853515625 0.26363310217857361
vt -0.99853515625 0.25937134027481079
vt -0.99853515625 0.25502413511276245
vt -0.99853515625 0.25057917833328247
vt -0.96230500936508179 0.64498299360275269
vt -0.96230500936508179 0.63267225027084351
vt -0.92607486248016357 0.6388276219367981
vt -0.96230500936508179 0.6388276219367981
vt -0.98042011260986328 0.64498299360275269
vt -0.98042011260986328 0.6388276219367981
vt -0.96230500936508179 0.64190530776977539
vt -0.98042011260986328 0.64190530776977539
vt -0.96230500936508179 0.2591005265712738
vt -0.96230500936508179 0.24602334201335907
vt -0.92607486248016357 0.25256192684173584
vt -0.96230500936508179 0.25256192684173584
vt -0.98947763442993164 0.64498299360275269
vt -0.98947763442993164 0.64190530776977539
vt -0.98042011260986328 0.64344418048858643
vt -0.98947763442993164 0.64344418048858643
vt -0.98042011260986328 0.25256192684173584
vt -0.98042011260986328 0.24602334201335907
vt -0.96230500936508179 0.24929264187812805
vt -0.98042011260986328 0.24929264187812805
vt -0.98947763442993164 0.6388276219367981
vt -0.98042011260986328 0.64036649465560913
vt -0.98947763442993164 0.64036649465560913
vt -0.98042011260986328 0.63267225027084351
vt -0.96230500936508179 0.6357499361038208
vt -0.98042011260986328 0.6357499361038208
vt -0.96230500936508179 0.62036150693893433
vt -0.92607486248016357 0.62651687860488892
vt -0.96230500936508179 0.62651687860488892
vt -0.98947763442993164 0.6357499361038208
vt -0.98042011260986328 0.63728880882263184
vt -0.98947763442993164 0.63728880882263184
vt -0.98042011260986328 0.62651687860488892
vt -0.96230500936508179 0.62959456443786621
vt -0.98042011260986328 0.62959456443786621
vt -0.98947763442993164 0.63267225027084351
vt -0.98947763442993164 0.62959456443786621
vt -0.98042011260986328 0.63113343715667725
vt -0.98947763442993164 0.63113343715667725
vt -0.98947763442993164 0.62651687860488892
vt -0.98042011260986328 0.62805575132369995
vt -0.98947763442993164 0.62805575132369995
vt -0.98042011260986328 0.62036150693893433
vt -0.96230500936508179 0.62343919277191162
vt -0.98042011260986328 0.62343919277191162
vt -0.96230500936508179 0.60805076360702515
vt -0.92607486248016357 0.61420619487762451
vt -0.96230500936508179 0.61420619487762451
vt -0.98947763442993164 0.62343919277191162
vt -0.98947763442993164 0.62036150693893433
vt -0.98042011260986328 0.62190037965774536
vt -0.98947763442993164 0.62190037965774536
vt -0.98042011260986328 0.61420619487762451
vt -0.96230500936508179 0.61728388071060181
vt -0.98042011260986328 0.61728388071060181
vt -0.98947763442993164 0.61728388071060181
vt -0.98042011260986328 0.61882269382476807
vt -0.98947763442993164 0.61882269382476807
vt -0.98947763442993164 0.61420619487762451
vt -0.98042011260986328 0.61574500799179077
vt -0.98947763442993164 0.61574500799179077
vt -0.98042011260986328 0.60805076360702515
vt -0.96230500936508179 0.61112850904464722
vt -0.98042011260986328 0.61112850904464722
vt -0.96230500936508179 0.59574002027511597
vt -0.92607486248016357 0.60189539194107056
vt -0.96230500936508179 0.60189539194107056
vt -0.98947763442993164 0.61112850904464722
vt -0.98947763442993164 0.60805076360702515
vt -0.98042011260986328 0.60958963632583618
vt -0.98947763442993164 0.60958963632583618
vt -0.98042011260986328 0.60189539194107056
vt -0.96230500936508179 0.60497307777404785
vt -0.98042011260986328 0.60497307777404785
vt -0.98947763442993164 0.60497307777404785
vt -0.98042011260986328 0.60651195049285889
vt -0.98947763442993164 0.60651195049285889
vt -0.98947763442993164 0.60189539194107056
vt -0.98042011260986328 0.60343426465988159
vt -0.98947763442993164 0.60343426465988159
vt -0.98042011260986328 0.59574002027511597
vt -0.96230500936508179 0.59881770610809326
vt -0.98042011260986328 0.59881770610809326
vt -0.96230500936508179 0.58342933654785156
vt -0.92607486248016357 0.58958470821380615
vt -0.96230500936508179 0.58958470821380615
vt -0.98947763442993164 0.59881770610809326
vt -0.98042011260986328 0.6003565788269043
vt -0.98947763442993164 0.6003565788269043
vt -0.98042011260986328 0.58958470821380615
vt -0.96230500936508179 0.59266233444213867
vt -0.98042011260986328 0.59266233444213867
vt -0.98947763442993164 0.59574002027511597
vt -0.98947763442993164 0.59266233444213867
vt -0.98042011260986328 0.59420120716094971
vt -0.98947763442993164 0.59420120716094971
vt -0.98947763442993164 0.58958470821380615
vt -0.98042011260986328 0.59112352132797241
vt -0.98947763442993164 0.59112352132797241
vt -0.98042011260986328 0.58342933654785156
vt -0.96230500936508179 0.58650702238082886
vt -0.98042011260986328 0.58650702238082886
vt -0.96230500936508179 0.5709768533706665
vt -0.92607486248016357 0.57720309495925903
vt -0.96230500936508179 0.57720309495925903
vt -0.98947763442993164 0.58650702238082886
vt -0.98042011260986328 0.58804583549499512
vt -0.98947763442993164 0.58804583549499512
vt -0.98042011260986328 0.57720309495925903
vt -0.96230500936508179 0.58031618595123291
vt -0.98042011260986328 0.58031618595123291
vt -0.98947763442993164 0.58342933654785156
vt -0.98947763442993164 0.58031618595123291
vt -0.98042011260986328 0.58187276124954224
vt -0.98947763442993164 0.58187276124954224
vt -0.98947763442993164 0.57720309495925903
vt -0.98042011260986328 0.57875967025756836
vt -0.98947763442993164 0.57875967025756836
vt -0.98042011260986328 0.5709768533706665
vt -0.96230500936508179 0.57409000396728516
vt -0.98042011260986328 0.57409000396728516
vt -0.96230500936508179 0.55832028388977051
vt -0.92607486248016357 0.56464856863021851
vt -0.96230500936508179 0.56464856863021851
vt -0.98947763442993164 0.57409000396728516
vt -0.98042011260986328 0.57564651966094971
vt -0.98947763442993164 0.57564651966094971
vt -0.98947763442993164 0.5709768533706665
vt -0.98042011260986328 0.57253342866897583
vt -0.98947763442993164 0.57253342866897583
vt -0.98042011260986328 0.56464856863021851
vt -0.96230500936508179 0.56781274080276489
vt -0.98042011260986328 0.56781274080276489
vt -0.98947763442993164 0.56781274080276489
vt -0.98947763442993164 0.56464856863021851
vt -0.98042011260986328 0.5662306547164917
vt -0.98947763442993164 0.5662306547164917
vt -0.98042011260986328 0.55832028388977051
vt -0.96230500936508179 0.56148439645767212
vt -0.98042011260986328 0.56148439645767212
vt -0.96230500936508179 0.54524308443069458
vt -0.92607486248016357 0.55178165435791016
vt -0.96230500936508179 0.55178165435791016
vt -0.98947763442993164 0.56148439645767212
vt -0.98042011260986328 0.56306648254394531
vt -0.98947763442993164 0.56306648254394531
vt -0.98947763442993164 0.55832028388977051
vt -0.98042011260986328 0.55990231037139893
vt -0.98947763442993164 0.55990231037139893
vt -0.98042011260986328 0.55178165435791016
vt -0.96230500936508179 0.55505096912384033
vt -0.98042011260986328 0.55505096912384033
vt -0.98947763442993164 0.55505096912384033
vt -0.98947763442993164 0.55178165435791016
vt -0.98042011260986328 0.55341631174087524
vt -0.98947763442993164 0.55341631174087524
vt -0.98042011260986328 0.54524308443069458
vt -0.96230500936508179 0.54851239919662476
vt -0.98042011260986328 0.54851239919662476
vt -0.96230500936508179 0.5329323410987854
vt -0.92607486248016357 0.53908771276473999
vt -0.96230500936508179 0.53908771276473999
vt -0.98947763442993164 0.54851239919662476
vt -0.98042011260986328 0.55014705657958984
vt -0.98947763442993164 0.55014705657958984
vt -0.98042011260986328 0.53908771276473999
vt -0.96230500936508179 0.54216539859771729
vt -0.98042011260986328 0.54216539859771729
vt -0.98947763442993164 0.54524308443069458
vt -0.98947763442993164 0.54216539859771729
vt -0.98042011260986328 0.54370427131652832
vt -0.98947763442993164 0.54370427131652832
vt -0.98947763442993164 0.53908771276473999
vt -0.98042011260986328 0.54062658548355103
vt -0.98947763442993164 0.54062658548355103
vt -0.98042011260986328 0.5329323410987854
vt -0.96230500936508179 0.5360100269317627
vt -0.98042011260986328 0.5360100269317627
vt -0.96230500936508179 0.52062159776687622
vt -0.92607486248016357 0.52677696943283081
vt -0.96230500936508179 0.52677696943283081
vt -0.98947763442993164 0.5360100269317627
vt -0.98042011260986328 0.53754889965057373
vt -0.98947763442993164 0.53754889965057373
vt -0.98042011260986328 0.52677696943283081
vt -0.96230500936508179 0.52985465526580811
vt -0.98042011260986328 0.52985465526580811
vt -0.98947763442993164 0.5329323410987854
vt -0.98947763442993164 0.52985465526580811
vt -0.98042011260986328 0.53139352798461914
vt -0.98947763442993164 0.53139352798461914
vt -0.98947763442993164 0.52677696943283081
vt -0.98042011260986328 0.52831584215164185
vt -0.98947763442993164 0.52831584215164185
vt -0.98042011260986328 0.52062159776687622
vt -0.96230500936508179 0.52369928359985352
vt -0.98042011260986328 0.52369928359985352
vt -0.96230500936508179 0.50831085443496704
vt -0.92607486248016357 0.51446622610092163
vt -0.96230500936508179 0.51446622610092163
vt -0.98947763442993164 0.52369928359985352
vt -0.98947763442993164 0.52062159776687622
vt -0.98042011260986328 0.52216047048568726
vt -0.98947763442993164 0.52216047048568726
vt -0.98042011260986328 0.51446622610092163
vt -0.96230500936508179 0.51754391193389893
vt -0.98042011260986328 0.51754391193389893
vt -0.98947763442993164 0.51754391193389893
vt -0.98042011260986328 0.51908278465270996
vt -0.98947763442993164 0.51908278465270996
vt -0.98947763442993164 0.51446622610092163
vt -0.98042011260986328 0.51600509881973267
vt -0.98947763442993164 0.51600509881973267
vt -0.98042011260986328 0.50831085443496704
vt -0.96230500936508179 0.51138859987258911
vt -0.98042011260986328 0.51138859987258911
vt -0.96230500936508179 0.49600014090538025
vt -0.92607486248016357 0.50215548276901245
vt -0.96230500936508179 0.50215548276901245
vt -0.98947763442993164 0.51138859987258911
vt -0.98947763442993164 0.50831085443496704
vt -0.98042011260986328 0.50984972715377808
vt -0.98947763442993164 0.50984972715377808
vt -0.98042011260986328 0.50215548276901245
vt -0.96230500936508179 0.50523316860198975
vt -0.98042011260986328 0.50523316860198975
vt -0.98947763442993164 0.50523316860198975
vt -0.98042011260986328 0.50677204132080078
vt -0.98947763442993164 0.50677204132080078
vt -0.98947763442993164 0.50215548276901245
vt -0.98042011260986328 0.50369435548782349
vt -0.98947763442993164 0.50369435548782349
vt -0.98042011260986328 0.49600014090538025
vt -0.96230500936508179 0.49907782673835754
vt -0.98042011260986328 0.49907782673835754
vt -0.96230500936508179 0.48368939757347107
vt -0.92607486248016357 0.48984476923942566
vt -0.96230500936508179 0.48984476923942566
vt -0.98947763442993164 0.49907782673835754
vt -0.98042011260986328 0.50061666965484619
vt -0.98947763442993164 0.50061666965484619
vt -0.98042011260986328 0.48984476923942566
vt -0.96230500936508179 0.49292245507240295
vt -0.98042011260986328 0.49292245507240295
vt -0.98947763442993164 0.49600014090538025
vt -0.98947763442993164 0.49292245507240295
vt -0.98042011260986328 0.4944612979888916
vt -0.98947763442993164 0.4944612979888916
vt -0.98947763442993164 0.48984476923942566
vt -0.98042011260986328 0.49138361215591431
vt -0.98947763442993164 0.49138361215591431
vt -0.98042011260986328 0.48368939757347107
vt -0.96230500936508179 0.48676708340644836
vt -0.98042011260986328 0.48676708340644836
vt -0.96230500936508179 0.47123697400093079
vt -0.92607486248016357 0.47746315598487854
vt -0.96230500936508179 0.47746315598487854
vt -0.98947763442993164 0.48676708340644836
vt -0.98042011260986328 0.48830592632293701
vt -0.98947763442993164 0.48830592632293701
vt -0.98042011260986328 0.47746315598487854
vt -0.96230500936508179 0.4805762767791748
vt -0.98042011260986328 0.4805762767791748
vt -0.98947763442993164 0.48368939757347107
vt -0.98947763442993164 0.4805762767791748
vt -0.98042011260986328 0.48213285207748413
vt -0.98947763442993164 0.48213285207748413
vt -0.98947763442993164 0.47746315598487854
vt -0.98042011260986328 0.47901973128318787
vt -0.98947763442993164 0.47901973128318787
vt -0.98042011260986328 0.47123697400093079
vt -0.96230500936508179 0.47435006499290466
vt -0.98042011260986328 0.47435006499290466
vt -0.96230500936508179 0.45858034491539001
vt -0.92607486248016357 0.4649086594581604
vt -0.96230500936508179 0.4649086594581604
vt -0.98947763442993164 0.47435006499290466
vt -0.98042011260986328 0.47590664029121399
vt -0.98947763442993164 0.47590664029121399
vt -0.98947763442993164 0.47123697400093079
vt -0.98042011260986328 0.47279351949691772
vt -0.98947763442993164 0.47279351949691772
vt -0.98042011260986328 0.4649086594581604
vt -0.96230500936508179 0.4680728018283844
vt -0.98042011260986328 0.4680728018283844
vt -0.98947763442993164 0.4680728018283844
vt -0.98947763442993164 0.4649086594581604
vt -0.98042011260986328 0.46649071574211121
vt -0.98947763442993164 0.46649071574211121
vt -0.98042011260986328 0.45858034491539001
vt -0.96230500936508179 0.46174448728561401
vt -0.98042011260986328 0.46174448728561401
vt -0.96230500936508179 0.44550317525863647
vt -0.92607486248016357 0.45204174518585205
vt -0.96230500936508179 0.45204174518585205
vt -0.98947763442993164 0.46174448728561401
vt -0.98042011260986328 0.46332657337188721
vt -0.98947763442993164 0.46332657337188721
vt -0.98947763442993164 0.45858034491539001
vt -0.98042011260986328 0.46016243100166321
vt -0.98947763442993164 0.46016243100166321
vt -0.98042011260986328 0.45204174518585205
vt -0.96230500936508179 0.45531105995178223
vt -0.98042011260986328 0.45531105995178223
vt -0.98947763442993164 0.45531105995178223
vt -0.98947763442993164 0.45204174518585205
vt -0.98042011260986328 0.45367640256881714
vt -0.98947763442993164 0.45367640256881714
vt -0.98042011260986328 0.44550317525863647
vt -0.96230500936508179 0.44877246022224426
vt -0.98042011260986328 0.44877246022224426
vt -0.96230500936508179 0.43319243192672729
vt -0.92607486248016357 0.43934780359268188
vt -0.96230500936508179 0.43934780359268188
vt -0.98947763442993164 0.44877246022224426
vt -0.98042011260986328 0.45040711760520935
vt -0.98947763442993164 0.45040711760520935
vt -0.98947763442993164 0.44550317525863647
vt -0.98042011260986328 0.44713783264160156
vt -0.98947763442993164 0.44713783264160156
vt -0.98042011260986328 0.43934780359268188
vt -0.96230500936508179 0.44242548942565918
vt -0.98042011260986328 0.44242548942565918
vt -0.98947763442993164 0.44242548942565918
vt -0.98947763442993164 0.43934780359268188
vt -0.98042011260986328 0.44088664650917053
vt -0.98947763442993164 0.44088664650917053
vt -0.98042011260986328 0.43319243192672729
vt -0.96230500936508179 0.43627011775970459
vt -0.98042011260986328 0.43627011775970459
vt -0.96230500936508179 0.42088168859481812
vt -0.92607486248016357 0.42703706026077271
vt -0.96230500936508179 0.42703706026077271
vt -0.98947763442993164 0.43627011775970459
vt -0.98042011260986328 0.43780896067619324
vt -0.98947763442993164 0.43780896067619324
vt -0.98042011260986328 0.42703706026077271
vt -0.96230500936508179 0.43011474609375
vt -0.98042011260986328 0.43011474609375
vt -0.98947763442993164 0.43319243192672729
vt -0.98947763442993164 0.43011474609375
vt -0.98042011260986328 0.43165358901023865
vt -0.98947763442993164 0.43165358901023865
vt -0.98947763442993164 0.42703706026077271
vt -0.98042011260986328 0.42857590317726135
vt -0.98947763442993164 0.42857590317726135
vt -0.98042011260986328 0.42088168859481812
vt -0.96230500936508179 0.42395937442779541
vt -0.98042011260986328 0.42395937442779541
vt -0.96230500936508179 0.40857097506523132
vt -0.92607486248016357 0.41472631692886353
vt -0.96230500936508179 0.41472631692886353
vt -0.98947763442993164 0.42395937442779541
vt -0.98947763442993164 0.42088168859481812
vt -0.98042011260986328 0.42242053151130676
vt -0.98947763442993164 0.42242053151130676
vt -0.98042011260986328 0.41472631692886353
vt -0.96230500936508179 0.41780400276184082
vt -0.98042011260986328 0.41780400276184082
vt -0.98947763442993164 0.41780400276184082
vt -0.98042011260986328 0.41934284567832947
vt -0.98947763442993164 0.41934284567832947
vt -0.98947763442993164 0.41472631692886353
vt -0.98042011260986328 0.41626515984535217
vt -0.98947763442993164 0.41626515984535217
vt -0.98042011260986328 0.40857097506523132
vt -0.96230500936508179 0.41164866089820862
vt -0.98042011260986328 0.41164866089820862
vt -0.96230500936508179 0.39626023173332214
vt -0.92607486248016357 0.40241560339927673
vt -0.96230500936508179 0.40241560339927673
vt -0.98947763442993164 0.41164866089820862
vt -0.98947763442993164 0.40857097506523132
vt -0.98042011260986328 0.41010981798171997
vt -0.98947763442993164 0.41010981798171997
vt -0.98042011260986328 0.40241560339927673
vt -0.96230500936508179 0.40549328923225403
vt -0.98042011260986328 0.40549328923225403
vt -0.98947763442993164 0.40549328923225403
vt -0.98042011260986328 0.40703213214874268
vt -0.98947763442993164 0.40703213214874268
vt -0.98947763442993164 0.40241560339927673
vt -0.98042011260986328 0.40395444631576538
vt -0.98947763442993164 0.40395444631576538
vt -0.98042011260986328 0.39626023173332214
vt -0.96230500936508179 0.39933791756629944
vt -0.98042011260986328 0.39933791756629944
vt -0.96230500936508179 0.38394948840141296
vt -0.92607486248016357 0.39010486006736755
vt -0.96230500936508179 0.39010486006736755
vt -0.98947763442993164 0.39933791756629944
vt -0.98042011260986328 0.40087676048278809
vt -0.98947763442993164 0.40087676048278809
vt -0.98042011260986328 0.39010486006736755
vt -0.96230500936508179 0.39318254590034485
vt -0.98042011260986328 0.39318254590034485
vt -0.98947763442993164 0.39626023173332214
vt -0.98947763442993164 0.39318254590034485
vt -0.98042011260986328 0.3947213888168335
vt -0.98947763442993164 0.3947213888168335
vt -0.98947763442993164 0.39010486006736755
vt -0.98042011260986328 0.3916437029838562
vt -0.98947763442993164 0.3916437029838562
vt -0.98042011260986328 0.38394948840141296
vt -0.96230500936508179 0.38702717423439026
vt -0.98042011260986328 0.38702717423439026
vt -0.96230500936508179 0.37149706482887268
vt -0.92607486248016357 0.37772327661514282
vt -0.96230500936508179 0.37772327661514282
vt -0.98947763442993164 0.38702717423439026
vt -0.98042011260986328 0.38856601715087891
vt -0.98947763442993164 0.38856601715087891
vt -0.98042011260986328 0.37772327661514282
vt -0.96230500936508179 0.38083639740943909
vt -0.98042011260986328 0.38083639740943909
vt -0.98947763442993164 0.38394948840141296
vt -0.98947763442993164 0.38083639740943909
vt -0.98042011260986328 0.38239294290542603
vt -0.98947763442993164 0.38239294290542603
vt -0.98947763442993164 0.37772327661514282
vt -0.98042011260986328 0.37927982211112976
vt -0.98947763442993164 0.37927982211112976
vt -0.98042011260986328 0.37149706482887268
vt -0.96230500936508179 0.37461015582084656
vt -0.98042011260986328 0.37461015582084656
vt -0.96230500936508179 0.35884043574333191
vt -0.92607486248016357 0.36516875028610229
vt -0.96230500936508179 0.36516875028610229
vt -0.98947763442993164 0.37461015582084656
vt -0.98042011260986328 0.3761667013168335
vt -0.98947763442993164 0.3761667013168335
vt -0.98947763442993164 0.37149706482887268
vt -0.98042011260986328 0.37305361032485962
vt -0.98947763442993164 0.37305361032485962
vt -0.98042011260986328 0.36516875028610229
vt -0.96230500936508179 0.36833289265632629
vt -0.98042011260986328 0.36833289265632629
vt -0.98947763442993164 0.36833289265632629
vt -0.98947763442993164 0.36516875028610229
vt -0.98042011260986328 0.3667508065700531
vt -0.98947763442993164 0.3667508065700531
vt -0.98042011260986328 0.35884043574333191
vt -0.96230500936508179 0.36200457811355591
vt -0.98042011260986328 0.36200457811355591
vt -0.96230500936508179 0.34576326608657837
vt -0.92607486248016357 0.35230183601379395
vt -0.96230500936508179 0.35230183601379395
vt -0.98947763442993164 0.36200457811355591
vt -0.98042011260986328 0.3635866641998291
vt -0.98947763442993164 0.3635866641998291
vt -0.98947763442993164 0.35884043574333191
vt -0.98042011260986328 0.3604225218296051
vt -0.98947763442993164 0.3604225218296051
vt -0.98042011260986328 0.35230183601379395
vt -0.96230500936508179 0.35557115077972412
vt -0.98042011260986328 0.35557115077972412
vt -0.98947763442993164 0.35557115077972412
vt -0.98947763442993164 0.35230183601379395
vt -0.98042011260986328 0.35393649339675903
vt -0.98947763442993164 0.35393649339675903
vt -0.98042011260986328 0.34576326608657837
vt -0.96230500936508179 0.34903255105018616
vt -0.98042011260986328 0.34903255105018616
vt -0.96230500936508179 0.33345252275466919
vt -0.92607486248016357 0.33960789442062378
vt -0.96230500936508179 0.33960789442062378
vt -0.98947763442993164 0.34903255105018616
vt -0.98042011260986328 0.35066720843315125
vt -0.98947763442993164 0.35066720843315125
vt -0.98042011260986328 0.33960789442062378
vt -0.96230500936508179 0.34268558025360107
vt -0.98042011260986328 0.34268558025360107
vt -0.98947763442993164 0.34576326608657837
vt -0.98947763442993164 0.34268558025360107
vt -0.98042011260986328 0.34422442317008972
vt -0.98947763442993164 0.34422442317008972
vt -0.98947763442993164 0.33960789442062378
vt -0.98042011260986328 0.34114673733711243
vt -0.98947763442993164 0.34114673733711243
vt -0.98042011260986328 0.33345252275466919
vt -0.96230500936508179 0.33653020858764648
vt -0.98042011260986328 0.33653020858764648
vt -0.96230500936508179 0.32114177942276001
vt -0.92607486248016357 0.3272971510887146
vt -0.96230500936508179 0.3272971510887146
vt -0.98947763442993164 0.33653020858764648
vt -0.98042011260986328 0.33806905150413513
vt -0.98947763442993164 0.33806905150413513
vt -0.98042011260986328 0.3272971510887146
vt -0.96230500936508179 0.33037483692169189
vt -0.98042011260986328 0.33037483692169189
vt -0.98947763442993164 0.33345252275466919
vt -0.98947763442993164 0.33037483692169189
vt -0.98042011260986328 0.33191367983818054
vt -0.98947763442993164 0.33191367983818054
vt -0.98947763442993164 0.3272971510887146
vt -0.98042011260986328 0.32883599400520325
vt -0.98947763442993164 0.32883599400520325
vt -0.98042011260986328 0.32114177942276001
vt -0.96230500936508179 0.3242194652557373
vt -0.98042011260986328 0.3242194652557373
vt -0.96230500936508179 0.30883103609085083
vt -0.92607486248016357 0.31498640775680542
vt -0.96230500936508179 0.31498640775680542
vt -0.98947763442993164 0.3242194652557373
vt -0.98947763442993164 0.32114177942276001
vt -0.98042011260986328 0.32268062233924866
vt -0.98947763442993164 0.32268062233924866
vt -0.98042011260986328 0.31498640775680542
vt -0.96230500936508179 0.31806409358978271
vt -0.98042011260986328 0.31806409358978271
vt -0.98947763442993164 0.31806409358978271
vt -0.98042011260986328 0.31960293650627136
vt -0.98947763442993164 0.31960293650627136
vt -0.98947763442993164 0.31498640775680542
vt -0.98042011260986328 0.31652525067329407
vt -0.98947763442993164 0.31652525067329407
vt -0.98042011260986328 0.30883103609085083
vt -0.96230500936508179 0.31190872192382812
vt -0.98042011260986328 0.31190872192382812
vt -0.96230500936508179 0.29652032256126404
vt -0.92607486248016357 0.30267569422721863
vt -0.96230500936508179 0.30267569422721863
vt -0.98947763442993164 0.31190872192382812
vt -0.98947763442993164 0.30883103609085083
vt -0.98042011260986328 0.31036987900733948
vt -0.98947763442993164 0.31036987900733948
vt -0.98042011260986328 0.30267569422721863
vt -0.96230500936508179 0.30575338006019592
vt -0.98042011260986328 0.30575338006019592
vt -0.98947763442993164 0.30575338006019592
vt -0.98042011260986328 0.30729222297668457
vt -0.98947763442993164 0.30729222297668457
vt -0.98947763442993164 0.30267569422721863
vt -0.98042011260986328 0.30421453714370728
vt -0.98947763442993164 0.30421453714370728
vt -0.98042011260986328 0.29652032256126404
vt -0.96230500936508179 0.29959800839424133
vt -0.98042011260986328 0.29959800839424133
vt -0.96230500936508179 0.28420957922935486
vt -0.92607486248016357 0.29036495089530945
vt -0.96230500936508179 0.29036495089530945
vt -0.98947763442993164 0.29959800839424133
vt -0.98042011260986328 0.30113682150840759
vt -0.98947763442993164 0.30113682150840759
vt -0.98042011260986328 0.29036495089530945
vt -0.96230500936508179 0.29344263672828674
vt -0.98042011260986328 0.29344263672828674
vt -0.98947763442993164 0.29652032256126404
vt -0.98947763442993164 0.29344263672828674
vt -0.98042011260986328 0.29498147964477539
vt -0.98947763442993164 0.29498147964477539
vt -0.98947763442993164 0.29036495089530945
vt -0.98042011260986328 0.2919037938117981
vt -0.98947763442993164 0.2919037938117981
vt -0.98042011260986328 0.28420957922935486
vt -0.96230500936508179 0.28728726506233215
vt -0.98042011260986328 0.28728726506233215
vt -0.96230500936508179 0.27175712585449219
vt -0.92607486248016357 0.27798336744308472
vt -0.96230500936508179 0.27798336744308472
vt -0.98947763442993164 0.28728726506233215
vt -0.98042011260986328 0.2888261079788208
vt -0.98947763442993164 0.2888261079788208
vt -0.98042011260986328 0.27798336744308472
vt -0.96230500936508179 0.28109645843505859
vt -0.98042011260986328 0.28109645843505859
vt -0.98947763442993164 0.28420957922935486
vt -0.98947763442993164 0.28109645843505859
vt -0.98042011260986328 0.28265303373336792
vt -0.98947763442993164 0.28265303373336792
vt -0.98947763442993164 0.27798336744308472
vt -0.98042011260986328 0.27953991293907166
vt -0.98947763442993164 0.27953991293907166
vt -0.98042011260986328 0.27175712585449219
vt -0.96230500936508179 0.27487024664878845
vt -0.98042011260986328 0.27487024664878845
vt -0.92607486248016357 0.26542884111404419
vt -0.96230500936508179 0.26542884111404419
vt -0.98947763442993164 0.27487024664878845
vt -0.98042011260986328 0.27642679214477539
vt -0.98947763442993164 0.27642679214477539
vt -0.98947763442993164 0.27175712585449219
vt -0.98042011260986328 0.27331367135047913
vt -0.98947763442993164 0.27331367135047913
vt -0.98042011260986328 0.26542884111404419
vt -0.96230500936508179 0.26859298348426819
vt -0.98042011260986328 0.26859298348426819
vt -0.98947763442993164 0.26859298348426819
vt -0.98947763442993164 0.26542884111404419
vt -0.98042011260986328 0.267010897397995
vt -0.98947763442993164 0.267010897397995
vt -0.98042011260986328 0.2591005265712738
vt -0.96230500936508179 0.2622646689414978
vt -0.98042011260986328 0.2622646689414978
vt -0.98947763442993164 0.2622646689414978
vt -0.98042011260986328 0.263846755027771
vt -0.98947763442993164 0.263846755027771
vt -0.98947763442993164 0.2591005265712738
vt -0.98042011260986328 0.260682612657547
vt -0.98947763442993164 0.260682612657547
vt -0.96230500936508179 0.25583124160766602
vt -0.98042011260986328 0.25583124160766602
vt -0.98947763442993164 0.25583124160766602
vt -0.98947763442993164 0.25256192684173584
vt -0.98042011260986328 0.25419658422470093
vt -0.98947763442993164 0.25419658422470093
vt -0.98947763442993164 0.24929264187812805
vt -0.98042011260986328 0.25092729926109314
vt -0.98947763442993164 0.25092729926109314
vt -0.98947763442993164 0.24602334201335907
vt -0.98042011260986328 0.24765799939632416
vt -0.98947763442993164 0.24765799939632416
vt 0 0.24602334201335907
vt 0 0.25604337453842163
vt 0 0.2655893862247467
vt 0 0.27479004859924316
vt 0 0.28375765681266785
vt 0 0.29259389638900757
vt 0 0.3013947606086731
vt 0 0.31025469303131104
vt 0 0.31927070021629333
vt 0 0.32854664325714111
vt 0 0.33819833397865295
vt 0 0.34832054376602173
vt 0 0.35820883512496948
vt 0 0.36765721440315247
vt 0 0.37678959965705872
vt 0 0.38571512699127197
vt 0 0.3945336639881134
vt 0 0.40334039926528931
vt 0 0.41223007440567017
vt 0 0.42130094766616821
vt 0 0.43065941333770752
vt 0 0.44042503833770752
vt 0 0.45058128237724304
vt 0 0.46034696698188782
vt 0 0.46970540285110474
vt 0 0.47877627611160278
vt 0 0.48766595125198364
vt 0 0.49647268652915955
vt 0 0.50529122352600098
vt 0 0.51421672105789185
vt 0 0.5233491063117981
vt 0 0.53279751539230347
vt 0 0.54268580675125122
vt 0 0.55280804634094238
vt 0 0.56245970726013184
vt 0 0.57173562049865723
vt 0 0.58075165748596191
vt 0 0.58961158990859985
vt 0 0.59841245412826538
vt 0 0.60724872350692749
vt 0 0.61621630191802979
vt 0 0.62541693449020386
vt 0 0.63496297597885132
vt 0 0.64498299360275269
vt -0.020321469753980637 0.2591005265712738
vt -0.056551605463027954 0.25256192684173584
vt -0.020321469753980637 0.24602334201335907
vt -0.020321469753980637 0.25256192684173584
vt -0.020321469753980637 0.27175712585449219
vt -0.056551605463027954 0.26542884111404419
vt -0.020321469753980637 0.26542884111404419
vt -0.020321469753980637 0.28420957922935486
vt -0.056551605463027954 0.27798336744308472
vt -0.020321469753980637 0.27798336744308472
vt -0.020321469753980637 0.29652032256126404
vt -0.056551605463027954 0.29036495089530945
vt -0.020321469753980637 0.29036495089530945
vt -0.020321469753980637 0.30883103609085083
vt -0.056551605463027954 0.30267569422721863
vt -0.020321469753980637 0.30267569422721863
vt -0.020321469753980637 0.32114177942276001
vt -0.056551605463027954 0.31498640775680542
vt -0.020321469753980637 0.31498640775680542
vt -0.020321469753980637 0.33345252275466919
vt -0.056551605463027954 0.3272971510887146
vt -0.020321469753980637 0.3272971510887146
vt -0.020321469753980637 0.34576326608657837
vt -0.056551605463027954 0.33960789442062378
vt -0.020321469753980637 0.33960789442062378
vt -0.020321469753980637 0.35884043574333191
vt -0.056551605463027954 0.35230183601379395
vt -0.020321469753980637 0.35230183601379395
vt -0.020321469753980637 0.37149706482887268
vt -0.056551605463027954 0.36516875028610229
vt -0.020321469753980637 0.36516875028610229
vt -0.020321469753980637 0.38394948840141296
vt -0.056551605463027954 0.37772327661514282
vt -0.020321469753980637 0.37772327661514282
vt -0.020321469753980637 0.39626023173332214
vt -0.056551605463027954 0.39010486006736755
vt -0.020321469753980637 0.39010486006736755
vt -0.020321469753980637 0.40857097506523132
vt -0.056551605463027954 0.40241560339927673
vt -0.020321469753980637 0.40241560339927673
vt -0.020321469753980637 0.42088168859481812
vt -0.056551605463027954 0.41472631692886353
vt -0.020321469753980637 0.41472631692886353
vt -0.020321469753980637 0.43319243192672729
vt -0.056551605463027954 0.42703706026077271
vt -0.020321469753980637 0.42703706026077271
vt -0.020321469753980637 0.44550317525863647
vt -0.056551605463027954 0.43934780359268188
vt -0.020321469753980637 0.43934780359268188
vt -0.020321469753980637 0.45858034491539001
vt -0.056551605463027954 0.45204174518585205
vt -0.020321469753980637 0.45204174518585205
vt -0.020321469753980637 0.47123697400093079
vt -0.056551605463027954 0.4649086594581604
vt -0.020321469753980637 0.4649086594581604
vt -0.020321469753980637 0.48368939757347107
vt -0.056551605463027954 0.47746315598487854
vt -0.020321469753980637 0.47746315598487854
vt -0.020321469753980637 0.49600014090538025
vt -0.056551605463027954 0.48984476923942566
vt -0.020321469753980637 0.48984476923942566
vt -0.020321469753980637 0.50831085443496704
vt -0.056551605463027954 0.50215548276901245
vt -0.020321469753980637 0.50215548276901245
vt -0.020321469753980637 0.52062159776687622
vt -0.056551605463027954 0.51446622610092163
vt -0.020321469753980637 0.51446622610092163
vt -0.020321469753980637 0.5329323410987854
vt -0.056551605463027954 0.52677696943283081
vt -0.020321469753980637 0.52677696943283081
vt -0.020321469753980637 0.54524308443069458
vt -0.056551605463027954 0.53908771276473999
vt -0.020321469753980637 0.53908771276473999
vt -0.020321469753980637 0.55832028388977051
vt -0.056551605463027954 0.55178165435791016
vt -0.020321469753980637 0.55178165435791016
vt -0.020321469753980637 0.5709768533706665
vt -0.056551605463027954 0.56464856863021851
vt -0.020321469753980637 0.56464856863021851
vt -0.020321469753980637 0.58342933654785156
vt -0.056551605463027954 0.57720309495925903
vt -0.020321469753980637 0.57720309495925903
vt -0.020321469753980637 0.59574002027511597
vt -0.056551605463027954 0.58958470821380615
vt -0.020321469753980637 0.58958470821380615
vt -0.020321469753980637 0.60805076360702515
vt -0.056551605463027954 0.60189539194107056
vt -0.020321469753980637 0.60189539194107056
vt -0.020321469753980637 0.62036150693893433
vt -0.056551605463027954 0.61420619487762451
vt -0.020321469753980637 0.61420619487762451
vt -0.020321469753980637 0.63267225027084351
vt -0.056551605463027954 0.62651687860488892
vt -0.020321469753980637 0.62651687860488892
vt -0.020321469753980637 0.64498299360275269
vt -0.056551605463027954 0.6388276219367981
vt -0.020321469753980637 0.6388276219367981
vt 0 0.12666167318820953
vt 0 0.12357243150472641
vt 0 0.12058254331350327
vt 0 0.11764089018106461
vt 0 0.11473270505666733
vt 0 0.11182452738285065
vt 0 0.10891634225845337
vt 0 0.10600816458463669
vt 0 0.10309998691082001
vt -0.013125192373991013 0.12666167318820953
vt -0.013125192373991013 0.12357243150472641
vt -0.013125192373991013 0.12058254331350327
vt -0.013125192373991013 0.11764089018106461
vt -0.013125192373991013 0.11473270505666733
vt -0.013125192373991013 0.11182452738285065
vt -0.013125192373991013 0.10891634225845337
vt -0.013125192373991013 0.10600816458463669
vt -0.025828270241618156 0.12666167318820953
vt -0.025828270241618156 0.12357243150472641
vt -0.025828270241618156 0.12058254331350327
vt -0.025828270241618156 0.11764089018106461
vt -0.025828270241618156 0.11473270505666733
vt -0.025828270241618156 0.11182452738285065
vt -0.025828270241618156 0.10891634225845337
vt -0.025828270241618156 0.10600816458463669
vt -0.038326438516378403 0.12666167318820953
vt -0.038326438516378403 0.12357243150472641
vt -0.038326438516378403 0.12058254331350327
vt -0.038326438516378403 0.11764089018106461
vt -0.038326438516378403 0.11473270505666733
vt -0.038326438516378403 0.11182452738285065
vt -0.038326438516378403 0.10891634225845337
vt -0.038326438516378403 0.10600816458463669
vt -0.050682373344898224 0.12666167318820953
vt -0.050682373344898224 0.12357243150472641
vt -0.050682373344898224 0.12058254331350327
vt -0.050682373344898224 0.11764089018106461
vt -0.050682373344898224 0.11473270505666733
vt -0.050682373344898224 0.11182452738285065
vt -0.050682373344898224 0.10891634225845337
vt -0.050682373344898224 0.10600816458463669
vt -0.063038311898708344 0.12666167318820953
vt -0.063038311898708344 0.12357243150472641
vt -0.063038311898708344 0.12058254331350327
vt -0.063038311898708344 0.11764089018106461
vt -0.063038311898708344 0.11473270505666733
vt -0.063038311898708344 0.11182452738285065
vt -0.063038311898708344 0.10891634225845337
vt -0.063038311898708344 0.10600816458463669
vt -0.075394250452518463 0.12666167318820953
vt -0.075394250452518463 0.12357243150472641
vt -0.075394250452518463 0.12058254331350327
vt -0.075394250452518463 0.11764089018106461
vt -0.075394250452518463 0.11473270505666733
vt -0.075394250452518463 0.11182452738285065
vt -0.075394250452518463 0.10891634225845337
vt -0.075394250452518463 0.10600816458463669
vt -0.087750181555747986 0.12666167318820953
vt -0.087750181555747986 0.12357243150472641
vt -0.087750181555747986 0.12058254331350327
vt -0.087750181555747986 0.11764089018106461
vt -0.087750181555747986 0.11473270505666733
vt -0.087750181555747986 0.11182452738285065
vt -0.087750181555747986 0.10891634225845337
vt -0.087750181555747986 0.10600816458463669
vt -0.1001061275601387 0.12666167318820953
vt -0.1001061275601387 0.12357243150472641
vt -0.1001061275601387 0.12058254331350327
vt -0.1001061275601387 0.11764089018106461
vt -0.1001061275601387 0.11473270505666733
vt -0.1001061275601387 0.11182452738285065
vt -0.1001061275601387 0.10891634225845337
vt -0.1001061275601387 0.10600816458463669
vt -0.11323132365942001 0.12666167318820953
vt -0.11323132365942001 0.12357243150472641
vt -0.11323132365942001 0.12058254331350327
vt -0.11323132365942001 0.11764089018106461
vt -0.11323132365942001 0.11473270505666733
vt -0.11323132365942001 0.11182452738285065
vt -0.11323132365942001 0.10891634225845337
vt -0.11323132365942001 0.10600816458463669
vt -0.1259344071149826 0.12666167318820953
vt -0.1259344071149826 0.12357243150472641
vt -0.1259344071149826 0.12058254331350327
vt -0.1259344071149826 0.11764089018106461
vt -0.1259344071149826 0.11473270505666733
vt -0.1259344071149826 0.11182452738285065
vt -0.1259344071149826 0.10891634225845337
vt -0.1259344071149826 0.10600816458463669
vt -0.13843256235122681 0.12666167318820953
vt -0.13843256235122681 0.12357243150472641
vt -0.13843256235122681 0.12058254331350327
vt -0.13843256235122681 0.11764089018106461
vt -0.13843256235122681 0.11473270505666733
vt -0.13843256235122681 0.11182452738285065
vt -0.13843256235122681 0.10891634225845337
vt -0.13843256235122681 0.10600816458463669
vt -0.15078850090503693 0.12666167318820953
vt -0.15078850090503693 0.12357243150472641
vt -0.15078850090503693 0.12058254331350327
vt -0.15078850090503693 0.11764089018106461
vt -0.15078850090503693 0.11473270505666733
vt -0.15078850090503693 0.11182452738285065
vt -0.15078850090503693 0.10891634225845337
vt -0.15078850090503693 0.10600816458463669
vt -0.16314443945884705 0.12666167318820953
vt -0.16314443945884705 0.12357243150472641
vt -0.16314443945884705 0.12058254331350327
vt -0.16314443945884705 0.11764089018106461
vt -0.16314443945884705 0.11473270505666733
vt -0.16314443945884705 0.11182452738285065
vt -0.16314443945884705 0.10891634225845337
vt -0.16314443945884705 0.10600816458463669
vt -0.17550036311149597 0.12666167318820953
vt -0.17550036311149597 0.12357243150472641
vt -0.17550036311149597 0.12058254331350327
vt -0.17550036311149597 0.11764089018106461
vt -0.17550036311149597 0.11473270505666733
vt -0.17550036311149597 0.11182452738285065
vt -0.17550036311149597 0.10891634225845337
vt -0.17550036311149597 0.10600816458463669
vt -0.18785631656646729 0.12666167318820953
vt -0.18785631656646729 0.12357243150472641
vt -0.18785631656646729 0.12058254331350327
vt -0.18785631656646729 0.11764089018106461
vt -0.18785631656646729 0.11473270505666733
vt -0.18785631656646729 0.11182452738285065
vt -0.18785631656646729 0.10891634225845337
vt -0.18785631656646729 0.10600816458463669
vt -0.2002122551202774 0.12666167318820953
vt -0.2002122551202774 0.12357243150472641
vt -0.2002122551202774 0.12058254331350327
vt -0.2002122551202774 0.11764089018106461
vt -0.2002122551202774 0.11473270505666733
vt -0.2002122551202774 0.11182452738285065
vt -0.2002122551202774 0.10891634225845337
vt -0.2002122551202774 0.10600816458463669
vt -0.21333745121955872 0.12666167318820953
vt -0.21333745121955872 0.12357243150472641
vt -0.21333745121955872 0.12058254331350327
vt -0.21333745121955872 0.11764089018106461
vt -0.21333745121955872 0.11473270505666733
vt -0.21333745121955872 0.11182452738285065
vt -0.21333745121955872 0.10891634225845337
vt -0.21333745121955872 0.10600816458463669
vt -0.22604052722454071 0.12666167318820953
vt -0.22604052722454071 0.12357243150472641
vt -0.22604052722454071 0.12058254331350327
vt -0.22604052722454071 0.11764089018106461
vt -0.22604052722454071 0.11473270505666733
vt -0.22604052722454071 0.11182452738285065
vt -0.22604052722454071 0.10891634225845337
vt -0.22604052722454071 0.10600816458463669
vt -0.23853868246078491 0.12666167318820953
vt -0.23853868246078491 0.12357243150472641
vt -0.23853868246078491 0.12058254331350327
vt -0.23853868246078491 0.11764089018106461
vt -0.23853868246078491 0.11473270505666733
vt -0.23853868246078491 0.11182452738285065
vt -0.23853868246078491 0.10891634225845337
vt -0.23853868246078491 0.10600816458463669
vt -0.25089460611343384 0.12666167318820953
vt -0.25089460611343384 0.12357243150472641
vt -0.25089460611343384 0.12058254331350327
vt -0.25089460611343384 0.11764089018106461
vt -0.25089460611343384 0.11473270505666733
vt -0.25089460611343384 0.11182452738285065
vt -0.25089460611343384 0.10891634225845337
vt -0.25089460611343384 0.10600816458463669
vt -0.26325055956840515 0.12666167318820953
vt -0.26325055956840515 0.12357243150472641
vt -0.26325055956840515 0.12058254331350327
vt -0.26325055956840515 0.11764089018106461
vt -0.26325055956840515 0.11473270505666733
vt -0.26325055956840515 0.11182452738285065
vt -0.26325055956840515 0.10891634225845337
vt -0.26325055956840515 0.10600816458463669
vt -0.27560651302337646 0.12666167318820953
vt -0.27560651302337646 0.12357243150472641
vt -0.27560651302337646 0.12058254331350327
vt -0.27560651302337646 0.11764089018106461
vt -0.27560651302337646 0.11473270505666733
vt -0.27560651302337646 0.11182452738285065
vt -0.27560651302337646 0.10891634225845337
vt -0.27560651302337646 0.10600816458463669
vt -0.28796243667602539 0.12666167318820953
vt -0.28796243667602539 0.12357243150472641
vt -0.28796243667602539 0.12058254331350327
vt -0.28796243667602539 0.11764089018106461
vt -0.28796243667602539 0.11473270505666733
vt -0.28796243667602539 0.11182452738285065
vt -0.28796243667602539 0.10891634225845337
vt -0.28796243667602539 0.10600816458463669
vt -0.30031836032867432 0.12666167318820953
vt -0.30031836032867432 0.12357243150472641
vt -0.30031836032867432 0.12058254331350327
vt -0.30031836032867432 0.11764089018106461
vt -0.30031836032867432 0.11473270505666733
vt -0.30031836032867432 0.11182452738285065
vt -0.30031836032867432 0.10891634225845337
vt -0.30031836032867432 0.10600816458463669
vt -0.31344357132911682 0.12666167318820953
vt -0.31344357132911682 0.12357243150472641
vt -0.31344357132911682 0.12058254331350327
vt -0.31344357132911682 0.11764089018106461
vt -0.31344357132911682 0.11473270505666733
vt -0.31344357132911682 0.11182452738285065
vt -0.31344357132911682 0.10891634225845337
vt -0.31344357132911682 0.10600816458463669
vt -0.32614666223526001 0.12666167318820953
vt -0.32614666223526001 0.12357243150472641
vt -0.32614666223526001 0.12058254331350327
vt -0.32614666223526001 0.11764089018106461
vt -0.32614666223526001 0.11473270505666733
vt -0.32614666223526001 0.11182452738285065
vt -0.32614666223526001 0.10891634225845337
vt -0.32614666223526001 0.10600816458463669
vt -0.33864480257034302 0.12666167318820953
vt -0.33864480257034302 0.12357243150472641
vt -0.33864480257034302 0.12058254331350327
vt -0.33864480257034302 0.11764089018106461
vt -0.33864480257034302 0.11473270505666733
vt -0.33864480257034302 0.11182452738285065
vt -0.33864480257034302 0.10891634225845337
vt -0.33864480257034302 0.10600816458463669
vt -0.35100072622299194 0.12666167318820953
vt -0.35100072622299194 0.12357243150472641
vt -0.35100072622299194 0.12058254331350327
vt -0.35100072622299194 0.11764089018106461
vt -0.35100072622299194 0.11473270505666733
vt -0.35100072622299194 0.11182452738285065
vt -0.35100072622299194 0.10891634225845337
vt -0.35100072622299194 0.10600816458463669
vt -0.36335667967796326 0.12666167318820953
vt -0.36335667967796326 0.12357243150472641
vt -0.36335667967796326 0.12058254331350327
vt -0.36335667967796326 0.11764089018106461
vt -0.36335667967796326 0.11473270505666733
vt -0.36335667967796326 0.11182452738285065
vt -0.36335667967796326 0.10891634225845337
vt -0.36335667967796326 0.10600816458463669
vt -0.37571263313293457 0.12666167318820953
vt -0.37571263313293457 0.12357243150472641
vt -0.37571263313293457 0.12058254331350327
vt -0.37571263313293457 0.11764089018106461
vt -0.37571263313293457 0.11473270505666733
vt -0.37571263313293457 0.11182452738285065
vt -0.37571263313293457 0.10891634225845337
vt -0.37571263313293457 0.10600816458463669
vt -0.3880685567855835 0.12666167318820953
vt -0.3880685567855835 0.12357243150472641
vt -0.3880685567855835 0.12058254331350327
vt -0.3880685567855835 0.11764089018106461
vt -0.3880685567855835 0.11473270505666733
vt -0.3880685567855835 0.11182452738285065
vt -0.3880685567855835 0.10891634225845337
vt -0.3880685567855835 0.10600816458463669
vt -0.40042451024055481 0.12666167318820953
vt -0.40042451024055481 0.12357243150472641
vt -0.40042451024055481 0.12058254331350327
vt -0.40042451024055481 0.11764089018106461
vt -0.40042451024055481 0.11473270505666733
vt -0.40042451024055481 0.11182452738285065
vt -0.40042451024055481 0.10891634225845337
vt -0.40042451024055481 0.10600816458463669
vt -0.40042451024055481 0.10309998691082001
vt -0.39111229777336121 0.10309998691082001
vt -0.3818000853061676 0.10309998691082001
vt -0.37248790264129639 0.10309998691082001
vt -0.36317571997642517 0.10309998691082001
vt -0.35386350750923157 0.10309998691082001
vt -0.34455129504203796 0.10309998691082001
vt -0.33523911237716675 0.10309998691082001
vt -0.32592689990997314 0.10309998691082001
vt -0.31661471724510193 0.10309998691082001
vt -0.30730253458023071 0.10309998691082001
vt -0.29799032211303711 0.10309998691082001
vt -0.28867810964584351 0.10309998691082001
vt -0.27936592698097229 0.10309998691082001
vt -0.27005374431610107 0.10309998691082001
vt -0.26074153184890747 0.10309998691082001
vt -0.25142934918403625 0.10309998691082001
vt -0.24211713671684265 0.10309998691082001
vt -0.23280493915081024 0.10309998691082001
vt -0.22349275648593903 0.10309998691082001
vt -0.21418055891990662 0.10309998691082001
vt -0.20486834645271301 0.10309998691082001
vt -0.1955561488866806 0.10309998691082001
vt -0.18624395132064819 0.10309998691082001
vt -0.17693175375461578 0.10309998691082001
vt -0.16761955618858337 0.10309998691082001
vt -0.15830735862255096 0.10309998691082001
vt -0.14899516105651855 0.10309998691082001
vt -0.13968296349048615 0.10309998691082001
vt -0.13037076592445374 0.10309998691082001
vt -0.12105856835842133 0.10309998691082001
vt -0.11174637824296951 0.10309998691082001
vt -0.10243417322635651 0.10309998691082001
vt -0.093121975660324097 0.10309998691082001
vt -0.083809778094291687 0.10309998691082001
vt -0.074497580528259277 0.10309998691082001
vt -0.065185382962226868 0.10309998691082001
vt -0.055873189121484756 0.10309998691082001
vt -0.046560987830162048 0.10309998691082001
vt -0.037248790264129639 0.10309998691082001
vt -0.027936594560742378 0.10309998691082001
vt -0.018624395132064819 0.10309998691082001
vt -0.0093121975660324097 0.10309998691082001
vn 0 1 0
vn 0 1 0
vn 0 1 0
vn 0 1 0
vn 0 1 0
vn 0 1 0
vn 0 1 0
vn 0 1 0
vn 0 1 0
vn 0 1 0
vn 0 1 0
vn 0 1 0
vn 0 1 0
vn 0 1 0
vn 0 1 0
vn 0 1 0
vn 0 1 0
vn 0 1 0
vn 0 1 0
vn 0 1 0
vn 0 1 0
vn 0 1 0
vn 0 1 0
vn 0 1 0
vn 0 1 0
vn 0 1 0
vn 0 1 0
vn 0 1 0
vn 0 1 0
vn 0 1 0
vn 0 1 0
vn 0 1 0
vn 0 1 0
vn 0 1 0
vn 0 1 0
vn 0 1 0
vn 0 1 0
vn 0 1 0
vn 0 1 0
vn 0 1 0
vn 0 1 0
vn 0 1 0
vn 0 1 0
vn 0 1 0
vn 0 1 0
vn 0 1 0
vn 0 1 0
vn 0 1 0
vn 0 1 0
vn 0 1 0
vn 0 1 0
vn 0 1 0
vn 0 1 0
vn 0 1 0
vn 0 1 0
vn 0 1 0
vn 0 1 0
vn 0 1 0
vn 0 1 0
vn 0 1 0
vn 0 1 0
vn 0 1 0
vn 0 1 0
vn 0 1 0
vn 0 1 0
vn 0 1 0
vn 0 1 0
vn 0 1 0
vn 0 1 0
vn 0 1 0
vn 0 1 0
vn 0 1 0
vn 0 1 0
vn 0 1 0
vn 0 1 0
vn 0 1 0
vn 0 1 0
vn 0 1 0
vn 0 1 0
vn 0 1 0
vn 0 1 0
vn 0 1 0
vn 0 1 0
vn 0 1 0
vn 0 1 0
vn 0 1 0
vn 0 1 0
vn 0 1 0
vn 0 1 0
vn 0 1 0
vn 0 1 0
vn 0 1 0
vn 0 1 0
vn 0 1 0
vn 0 1 0
vn 0 1 0
vn 0 1 0
vn 0 1 0
vn 0 1 0
vn 0 1 0
vn 0 1 0
vn 0 1 0
vn 0 1 0
vn 0 1 0
vn 0 1 0
vn 0 1 0
vn 0 1 0
vn 0 1 0
vn 0 1 0
vn 0 1 0
vn 0 1 0
vn 0 1 0
vn 0 1 0
vn 0 1 0
vn 0 1 0
vn 0 1 0
vn 0 1 0
vn 0 1 0
vn 0 1 0
vn 0 1 0
vn 0 1 0
vn 0 1 0
vn 0 1 0
vn 0 1 0
vn 0 1 0
vn 0 1 0
vn 0 1 0
vn 0 1 0
vn 1 0 0
vn 0.98158019781112671 0.19105048477649689 0
vn 0.92502325773239136 0.37991040945053101 0
vn 0.82987266778945923 0.55795282125473022 0
vn 0.69970357418060303 0.71443325281143188 0
vn 0.54072701930999756 0.8411981463432312 0
vn 0.36344948410987854 0.93161392211914062 0
vn 0.17962829768657684 0.98373454809188843 0
vn 0 1 0
vn 0.97722393274307251 0.19105048477649689 -0.092374861240386963
vn 0.92091798782348633 0.37991040945053101 -0.087052382528781891
vn 0.82618963718414307 0.55795282125473022 -0.078097917139530182
vn 0.69659829139709473 0.71443325281143188 -0.065847925841808319
vn 0.53832727670669556 0.8411981463432312 -0.050886910408735275
vn 0.36183649301528931 0.93161392211914062 -0.034203618764877319
vn 0.17883110046386719 0.98373454809188843 -0.016904516145586967
vn 0 1 0
vn 0.96504604816436768 0.19105048477649689 -0.17940413951873779
vn 0.90944176912307739 0.37991040945053101 -0.16906717419624329
vn 0.81589394807815552 0.55795282125473022 -0.15167643129825592
vn 0.68791747093200684 0.71443325281143188 -0.12788534164428711
vn 0.53161877393722534 0.8411981463432312 -0.098829075694084167
vn 0.35732740163803101 0.93161392211914062 -0.066427931189537048
vn 0.1766025573015213 0.98373454809188843 -0.032830797135829926
vn 0 1 0
vn 0.94538891315460205 0.19105048477649689 -0.26408243179321289
vn 0.89091724157333374 0.37991040945053101 -0.24886646866798401
vn 0.79927486181259155 0.55795282125473022 -0.2232673317193985
vn 0.67390519380569458 0.71443325281143188 -0.18824689090251923
vn 0.52079015970230103 0.8411981463432312 -0.14547614753246307
vn 0.35004895925521851 0.93161392211914062 -0.097781747579574585
vn 0.17300532758235931 0.98373454809188843 -0.048326849937438965
vn 0 1 0
vn 0.91831696033477783 0.19105048477649689 -0.34668952226638794
vn 0.86540520191192627 0.37991040945053101 -0.32671386003494263
vn 0.77638703584671021 0.55795282125473022 -0.29310712218284607
vn 0.65460741519927979 0.71443325281143188 -0.24713201820850372
vn 0.50587695837020874 0.8411981463432312 -0.19098223745822906
vn 0.34002503752708435 0.93161392211914062 -0.12836864590644836
vn 0.16805118322372437 0.98373454809188843 -0.063443869352340698
vn 0 1 0
vn 0.88404262065887451 0.19105048477649689 -0.42657747864723206
vn 0.83310562372207642 0.37991040945053101 -0.40199881792068481
vn 0.74740993976593018 0.55795282125473022 -0.36064803600311279
vn 0.63017547130584717 0.71443325281143188 -0.3040788471698761
vn 0.4869961142539978 0.8411981463432312 -0.2349904477596283
vn 0.32733428478240967 0.93161392211914062 -0.15794874727725983
vn 0.1617790162563324 0.98373454809188843 -0.078063294291496277
vn 0 1 0
vn 0.84353798627853394 0.19105048477649689 -0.50193959474563599
vn 0.79493480920791626 0.37991040945053101 -0.47301870584487915
vn 0.71316546201705933 0.55795282125473022 -0.42436259984970093
vn 0.60130244493484497 0.71443325281143188 -0.35779953002929688
vn 0.4646831750869751 0.8411981463432312 -0.27650547027587891
vn 0.31233662366867065 0.93161392211914062 -0.18585306406021118
vn 0.15436670184135437 0.98373454809188843 -0.091854497790336609
vn 0 1 0
vn 0.7972099781036377 0.19105048477649689 -0.57267439365386963
vn 0.75127613544464111 0.37991040945053101 -0.53967791795730591
vn 0.67399764060974121 0.55795282125473022 -0.48416504263877869
vn 0.56827825307846069 0.71443325281143188 -0.40822166204452515
vn 0.43916225433349609 0.8411981463432312 -0.31547144055366516
vn 0.29518276453018188 0.93161392211914062 -0.21204401552677155
vn 0.14588871598243713 0.98373454809188843 -0.10479889810085297
vn 0 1 0
vn 0.74496620893478394 0.19105048477649689 -0.63915961980819702
vn 0.70204257965087891 0.37991040945053101 -0.60233235359191895
vn 0.62982839345932007 0.55795282125473022 -0.54037469625473022
vn 0.53103715181350708 0.71443325281143188 -0.4556145966053009
vn 0.41038253903388977 0.8411981463432312 -0.35209643840789795
vn 0.27583849430084229 0.93161392211914062 -0.23666149377822876
vn 0.13632816076278687 0.98373454809188843 -0.1169656366109848
vn 0 1 0
vn 0.68719440698623657 0.19105048477649689 -0.70090192556381226
vn 0.64759945869445801 0.37991040945053101 -0.66051721572875977
vn 0.58098548650741577 0.55795282125473022 -0.59257447719573975
vn 0.48985543847084045 0.71443325281143188 -0.49962663650512695
vn 0.37855753302574158 0.8411981463432312 -0.38610866665840149
vn 0.254447340965271 0.93161392211914062 -0.25952282547950745
vn 0.12575596570968628 0.98373454809188843 -0.12826442718505859
vn 0 1 0
vn 0.62432324886322021 0.19105048477649689 -0.75744318962097168
vn 0.58835083246231079 0.37991040945053101 -0.71380066871643066
vn 0.5278313159942627 0.55795282125473022 -0.6403769850730896
vn 0.44503873586654663 0.71443325281143188 -0.53993111848831177
vn 0.34392344951629639 0.8411981463432312 -0.41725578904151917
vn 0.23116803169250488 0.93161392211914062 -0.28045833110809326
vn 0.11425059288740158 0.98373454809188843 -0.13861143589019775
vn 0 1 0
vn 0.55681926012039185 0.19105048477649689 -0.80836379528045654
vn 0.52473628520965576 0.37991040945053101 -0.7617872953414917
vn 0.47076037526130676 0.55795282125473022 -0.68342763185501099
vn 0.3969196081161499 0.71443325281143188 -0.57622909545898438
vn 0.30673724412918091 0.8411981463432312 -0.44530662894248962
vn 0.20617334544658661 0.93161392211914062 -0.29931268095970154
vn 0.10189742594957352 0.98373454809188843 -0.147929847240448
vn 0 1 0
vn 0.48518332839012146 0.19105048477649689 -0.85328590869903564
vn 0.4572279155254364 0.37991040945053101 -0.80412107706069946
vn 0.41019612550735474 0.55795282125473022 -0.72140681743621826
vn 0.34585511684417725 0.71443325281143188 -0.60825103521347046
vn 0.2672748863697052 0.8411981463432312 -0.4700530469417572
vn 0.17964872717857361 0.93161392211914062 -0.31594598293304443
vn 0.088788114488124847 0.98373454809188843 -0.15615056455135345
vn 0 1 0
vn 0.40994712710380554 0.19105048477649689 -0.89187616109848022
vn 0.38632667064666748 0.37991040945053101 -0.84048783779144287
vn 0.34658798575401306 0.55795282125473022 -0.75403279066085815
vn 0.29222416877746582 0.71443325281143188 -0.63575947284698486
vn 0.22582921385765076 0.8411981463432312 -0.49131140112876892
vn 0.1517910361289978 0.93161392211914062 -0.33023479580879211
vn 0.075019955635070801 0.98373454809188843 -0.16321253776550293
vn 0 1 0
vn 0.33166885375976562 0.19105048477649689 -0.92384821176528931
vn 0.31255868077278137 0.37991040945053101 -0.87061768770217896
vn 0.28040796518325806 0.55795282125473022 -0.78106337785720825
vn 0.2364247739315033 0.71443325281143188 -0.65855026245117188
vn 0.18270775675773621 0.8411981463432312 -0.50892394781112671
vn 0.12280695140361786 0.93161392211914062 -0.34207308292388916
vn 0.0606951043009758 0.98373454809188843 -0.16906338930130005
vn 0 1 0
vn 0.25092941522598267 0.19105048477649689 -0.94896477460861206
vn 0.23647131025791168 0.37991040945053101 -0.894287109375
vn 0.21214717626571655 0.55795282125473022 -0.80229806900024414
vn 0.17887099087238312 0.71443325281143188 -0.67645418643951416
vn 0.13823050260543823 0.8411981463432312 -0.52276003360748291
vn 0.092911586165428162 0.93161392211914062 -0.35137298703193665
vn 0.045919861644506454 0.98373454809188843 -0.17365971207618713
vn 0 1 0
vn 0.16832795739173889 0.19105048477649689 -0.96703952550888062
vn 0.15862920880317688 0.37991040945053101 -0.91132038831710815
vn 0.14231213927268982 0.55795282125473022 -0.81757926940917969
vn 0.11998986452817917 0.71443325281143188 -0.68933850526809692
vn 0.092727504670619965 0.8411981463432312 -0.53271692991256714
vn 0.062326759099960327 0.93161392211914062 -0.35806551575660706
vn 0.030803866684436798 0.98373454809188843 -0.17696736752986908
vn 0 1 0
vn 0.078966021537780762 0.19105048477649689 -0.97839874029159546
vn 0.074416138231754303 0.37991040945053101 -0.92202508449554443
vn 0.066761478781700134 0.55795282125473022 -0.82718288898468018
vn 0.056289654225111008 0.71443325281143188 -0.69743573665618896
vn 0.043500330299139023 0.84119808673858643 -0.53897446393966675
vn 0.029238732531666756 0.93161392211914062 -0.36227148771286011
vn 0.014450712129473686 0.98373454809188843 -0.17904609441757202
vn 0 1 0
vn 0 0 -1
vn 0 0.19105048477649689 -0.98158019781112671
vn 0 0.37991040945053101 -0.92502325773239136
vn 0 0.55795282125473022 -0.82987266778945923
vn 0 0.71443325281143188 -0.69970357418060303
vn 0 0.8411981463432312 -0.54072701930999756
vn 0 0.93161392211914062 -0.36344948410987854
vn 0 0.98373454809188843 -0.17962829768657684
vn 0 1 0
vn -0.092374861240386963 0.19105048477649689 -0.97722393274307251
vn -0.087052382528781891 0.37991040945053101 -0.92091798782348633
vn -0.078097917139530182 0.55795282125473022 -0.82618963718414307
vn -0.065847925841808319 0.71443325281143188 -0.69659829139709473
vn -0.050886910408735275 0.8411981463432312 -0.53832727670669556
vn -0.034203618764877319 0.93161392211914062 -0.36183649301528931
vn -0.016904516145586967 0.98373454809188843 -0.17883110046386719
vn 0 1 0
vn -0.17940413951873779 0.19105048477649689 -0.96504604816436768
vn -0.16906717419624329 0.37991040945053101 -0.90944176912307739
vn -0.15167643129825592 0.55795282125473022 -0.81589394807815552
vn -0.12788534164428711 0.71443325281143188 -0.68791747093200684
vn -0.098829075694084167 0.8411981463432312 -0.53161877393722534
vn -0.066427931189537048 0.93161392211914062 -0.35732740163803101
vn -0.032830797135829926 0.98373454809188843 -0.1766025573015213
vn 0 1 0
vn -0.26408243179321289 0.19105048477649689 -0.94538891315460205
vn -0.24886646866798401 0.37991040945053101 -0.89091724157333374
vn -0.2232673317193985 0.55795282125473022 -0.79927486181259155
vn -0.18824689090251923 0.71443325281143188 -0.67390519380569458
vn -0.14547614753246307 0.8411981463432312 -0.52079015970230103
vn -0.097781747579574585 0.93161392211914062 -0.35004895925521851
vn -0.048326849937438965 0.98373454809188843 -0.17300532758235931
vn 0 1 0
vn -0.34668952226638794 0.19105048477649689 -0.91831696033477783
vn -0.32671386003494263 0.37991040945053101 -0.86540520191192627
vn -0.29310712218284607 0.55795282125473022 -0.77638703584671021
vn -0.24713201820850372 0.71443325281143188 -0.65460741519927979
vn -0.19098223745822906 0.8411981463432312 -0.50587695837020874
vn -0.12836864590644836 0.93161392211914062 -0.34002503752708435
vn -0.063443869352340698 0.98373454809188843 -0.16805118322372437
vn 0 1 0
vn -0.42657747864723206 0.19105048477649689 -0.88404262065887451
vn -0.40199881792068481 0.37991040945053101 -0.83310562372207642
vn -0.36064803600311279 0.55795282125473022 -0.74740993976593018
vn -0.3040788471698761 0.71443325281143188 -0.63017547130584717
vn -0.2349904477596283 0.8411981463432312 -0.4869961142539978
vn -0.15794874727725983 0.93161392211914062 -0.32733428478240967
vn -0.078063294291496277 0.98373454809188843 -0.1617790162563324
vn 0 1 0
vn -0.50193959474563599 0.19105048477649689 -0.84353798627853394
vn -0.47301870584487915 0.37991040945053101 -0.79493480920791626
vn -0.42436259984970093 0.55795282125473022 -0.71316546201705933
vn -0.35779953002929688 0.71443325281143188 -0.60130244493484497
vn -0.27650547027587891 0.8411981463432312 -0.4646831750869751
vn -0.18585306406021118 0.93161392211914062 -0.31233662366867065
vn -0.091854497790336609 0.98373454809188843 -0.15436670184135437
vn 0 1 0
vn -0.57267439365386963 0.19105048477649689 -0.7972099781036377
vn -0.53967791795730591 0.37991040945053101 -0.75127613544464111
vn -0.48416504263877869 0.55795282125473022 -0.67399764060974121
vn -0.40822166204452515 0.71443325281143188 -0.56827825307846069
vn -0.31547144055366516 0.8411981463432312 -0.43916225433349609
vn -0.21204401552677155 0.93161392211914062 -0.29518276453018188
vn -0.10479889810085297 0.98373454809188843 -0.14588871598243713
vn 0 1 0
vn -0.63915961980819702 0.19105048477649689 -0.74496620893478394
vn -0.60233235359191895 0.37991040945053101 -0.70204257965087891
vn -0.54037469625473022 0.55795282125473022 -0.62982839345932007
vn -0.4556145966053009 0.71443325281143188 -0.53103715181350708
vn -0.35209643840789795 0.8411981463432312 -0.41038253903388977
vn -0.23666149377822876 0.93161392211914062 -0.27583849430084229
vn -0.1169656366109848 0.98373454809188843 -0.13632816076278687
vn 0 1 0
vn -0.70090192556381226 0.19105048477649689 -0.68719440698623657
vn -0.66051721572875977 0.37991040945053101 -0.64759945869445801
vn -0.59257447719573975 0.55795282125473022 -0.58098548650741577
vn -0.49962663650512695 0.71443325281143188 -0.48985543847084045
vn -0.38610866665840149 0.8411981463432312 -0.37855753302574158
vn -0.25952282547950745 0.93161392211914062 -0.254447340965271
vn -0.12826442718505859 0.98373454809188843 -0.12575596570968628
vn 0 1 0
vn -0.75744318962097168 0.19105048477649689 -0.62432324886322021
vn -0.71380066871643066 0.37991040945053101 -0.58835083246231079
vn -0.6403769850730896 0.55795282125473022 -0.5278313159942627
vn -0.53993111848831177 0.71443325281143188 -0.44503873586654663
vn -0.41725578904151917 0.8411981463432312 -0.34392344951629639
vn -0.28045833110809326 0.93161392211914062 -0.23116803169250488
vn -0.13861143589019775 0.98373454809188843 -0.11425059288740158
vn 0 1 0
vn -0.80836379528045654 0.19105048477649689 -0.55681926012039185
vn -0.7617872953414917 0.37991040945053101 -0.52473628520965576
vn -0.68342763185501099 0.55795282125473022 -0.47076037526130676
vn -0.57622909545898438 0.71443325281143188 -0.3969196081161499
vn -0.44530662894248962 0.8411981463432312 -0.30673724412918091
vn -0.29931268095970154 0.93161392211914062 -0.20617334544658661
vn -0.147929847240448 0.98373454809188843 -0.10189742594957352
vn 0 1 0
vn -0.85328590869903564 0.19105048477649689 -0.48518332839012146
vn -0.80412107706069946 0.37991040945053101 -0.4572279155254364
vn -0.72140681743621826 0.55795282125473022 -0.41019612550735474
vn -0.60825103521347046 0.71443325281143188 -0.34585511684417725
vn -0.4700530469417572 0.8411981463432312 -0.2672748863697052
vn -0.31594598293304443 0.93161392211914062 -0.17964872717857361
vn -0.15615056455135345 0.98373454809188843 -0.088788114488124847
vn 0 1 0
vn -0.89187616109848022 0.19105048477649689 -0.40994712710380554
vn -0.84048783779144287 0.37991040945053101 -0.38632667064666748
vn -0.75403279066085815 0.55795282125473022 -0.34658798575401306
vn -0.63575947284698486 0.71443325281143188 -0.29222416877746582
vn -0.49131140112876892 0.8411981463432312 -0.22582921385765076
vn -0.33023479580879211 0.93161392211914062 -0.1517910361289978
vn -0.16321253776550293 0.98373454809188843 -0.075019955635070801
vn 0 1 0
vn -0.92384821176528931 0.19105048477649689 -0.33166885375976562
vn -0.87061768770217896 0.37991040945053101 -0.31255868077278137
vn -0.78106337785720825 0.55795282125473022 -0.28040796518325806
vn -0.65855026245117188 0.71443325281143188 -0.2364247739315033
vn -0.50892394781112671 0.8411981463432312 -0.18270775675773621
vn -0.34207308292388916 0.93161392211914062 -0.12280695140361786
vn -0.16906338930130005 0.98373454809188843 -0.0606951043009758
vn 0 1 0
vn -0.94896477460861206 0.19105048477649689 -0.25092941522598267
vn -0.894287109375 0.37991040945053101 -0.23647131025791168
vn -0.80229806900024414 0.55795282125473022 -0.21214717626571655
vn -0.67645418643951416 0.71443325281143188 -0.17887099087238312
vn -0.52276003360748291 0.8411981463432312 -0.13823050260543823
vn -0.35137298703193665 0.93161392211914062 -0.092911586165428162
vn -0.17365971207618713 0.98373454809188843 -0.045919861644506454
vn 0 1 0
vn -0.96703952550888062 0.19105048477649689 -0.16832795739173889
vn -0.91132038831710815 0.37991040945053101 -0.15862920880317688
vn -0.81757926940917969 0.55795282125473022 -0.14231213927268982
vn -0.68933850526809692 0.71443325281143188 -0.11998986452817917
vn -0.53271692991256714 0.8411981463432312 -0.092727504670619965
vn -0.35806551575660706 0.93161392211914062 -0.062326759099960327
vn -0.17696736752986908 0.98373454809188843 -0.030803866684436798
vn 0 1 0
vn -0.97839874029159546 0.19105048477649689 -0.078966021537780762
vn -0.92202508449554443 0.37991040945053101 -0.074416138231754303
vn -0.82718288898468018 0.55795282125473022 -0.066761478781700134
vn -0.69743573665618896 0.71443325281143188 -0.056289654225111008
vn -0.53897446393966675 0.84119808673858643 -0.043500330299139023
vn -0.36227148771286011 0.93161392211914062 -0.029238732531666756
vn -0.17904609441757202 0.98373454809188843 -0.014450712129473686
vn 0 1 0
vn -1 0 0
vn -0.98158019781112671 0.19105048477649689 0
vn -0.92502325773239136 0.37991040945053101 0
vn -0.82987266778945923 0.55795282125473022 0
vn -0.69970357418060303 0.71443325281143188 0
vn -0.54072701930999756 0.8411981463432312 0
vn -0.36344948410987854 0.93161392211914062 0
vn -0.17962829768657684 0.98373454809188843 0
vn 0 1 0
vn -0.97722393274307251 0.19105048477649689 0.092374861240386963
vn -0.92091798782348633 0.37991040945053101 0.087052382528781891
vn -0.82618963718414307 0.55795282125473022 0.078097917139530182
vn -0.69659829139709473 0.71443325281143188 0.065847925841808319
vn -0.53832727670669556 0.8411981463432312 0.050886910408735275
vn -0.36183649301528931 0.93161392211914062 0.034203618764877319
vn -0.17883110046386719 0.98373454809188843 0.016904516145586967
vn 0 1 0
vn -0.96504604816436768 0.19105048477649689 0.17940413951873779
vn -0.90944176912307739 0.37991040945053101 0.16906717419624329
vn -0.81589394807815552 0.55795282125473022 0.15167643129825592
vn -0.68791747093200684 0.71443325281143188 0.12788534164428711
vn -0.53161877393722534 0.8411981463432312 0.098829075694084167
vn -0.35732740163803101 0.93161392211914062 0.066427931189537048
vn -0.1766025573015213 0.98373454809188843 0.032830797135829926
vn 0 1 0
vn -0.94538891315460205 0.19105048477649689 0.26408243179321289
vn -0.89091724157333374 0.37991040945053101 0.24886646866798401
vn -0.79927486181259155 0.55795282125473022 0.2232673317193985
vn -0.67390519380569458 0.71443325281143188 0.18824689090251923
vn -0.52079015970230103 0.8411981463432312 0.14547614753246307
vn -0.35004895925521851 0.93161392211914062 0.097781747579574585
vn -0.17300532758235931 0.98373454809188843 0.048326849937438965
vn 0 1 0
vn -0.91831696033477783 0.19105048477649689 0.34668952226638794
vn -0.86540520191192627 0.37991040945053101 0.32671386003494263
vn -0.77638703584671021 0.55795282125473022 0.29310712218284607
vn -0.65460741519927979 0.71443325281143188 0.24713201820850372
vn -0.50587695837020874 0.8411981463432312 0.19098223745822906
vn -0.34002503752708435 0.93161392211914062 0.12836864590644836
vn -0.16805118322372437 0.98373454809188843 0.063443869352340698
vn 0 1 0
vn -0.88404262065887451 0.19105048477649689 0.42657747864723206
vn -0.83310562372207642 0.37991040945053101 0.40199881792068481
vn -0.74740993976593018 0.55795282125473022 0.36064803600311279
vn -0.63017547130584717 0.71443325281143188 0.3040788471698761
vn -0.4869961142539978 0.8411981463432312 0.2349904477596283
vn -0.32733428478240967 0.93161392211914062 0.15794874727725983
vn -0.1617790162563324 0.98373454809188843 0.078063294291496277
vn 0 1 0
vn -0.84353798627853394 0.19105048477649689 0.50193959474563599
vn -0.79493480920791626 0.37991040945053101 0.47301870584487915
vn -0.71316546201705933 0.55795282125473022 0.42436259984970093
vn -0.60130244493484497 0.71443325281143188 0.35779953002929688
vn -0.4646831750869751 0.8411981463432312 0.27650547027587891
vn -0.31233662366867065 0.93161392211914062 0.18585306406021118
vn -0.15436670184135437 0.98373454809188843 0.091854497790336609
vn 0 1 0
vn -0.7972099781036377 0.19105048477649689 0.57267439365386963
vn -0.75127613544464111 0.37991040945053101 0.53967791795730591
vn -0.67399764060974121 0.55795282125473022 0.48416504263877869
vn -0.56827825307846069 0.71443325281143188 0.40822166204452515
vn -0.43916225433349609 0.8411981463432312 0.31547144055366516
vn -0.29518276453018188 0.93161392211914062 0.21204401552677155
vn -0.14588871598243713 0.98373454809188843 0.10479889810085297
vn 0 1 0
vn -0.74496620893478394 0.19105048477649689 0.63915961980819702
vn -0.70204257965087891 0.37991040945053101 0.60233235359191895
vn -0.62982839345932007 0.55795282125473022 0.54037469625473022
vn -0.53103715181350708 0.71443325281143188 0.4556145966053009
vn -0.41038253903388977 0.8411981463432312 0.35209643840789795
vn -0.27583849430084229 0.93161392211914062 0.23666149377822876
vn -0.13632816076278687 0.98373454809188843 0.1169656366109848
vn 0 1 0
vn -0.68719440698623657 0.19105048477649689 0.70090192556381226
vn -0.64759945869445801 0.37991040945053101 0.66051721572875977
vn -0.58098548650741577 0.55795282125473022 0.59257447719573975
vn -0.48985543847084045 0.71443325281143188 0.49962663650512695
vn -0.37855753302574158 0.8411981463432312 0.38610866665840149
vn -0.254447340965271 0.93161392211914062 0.25952282547950745
vn -0.12575596570968628 0.98373454809188843 0.12826442718505859
vn 0 1 0
vn -0.62432324886322021 0.19105048477649689 0.75744318962097168
vn -0.58835083246231079 0.37991040945053101 0.71380066871643066
vn -0.5278313159942627 0.55795282125473022 0.6403769850730896
vn -0.44503873586654663 0.71443325281143188 0.53993111848831177
vn -0.34392344951629639 0.8411981463432312 0.41725578904151917
vn -0.23116803169250488 0.93161392211914062 0.28045833110809326
vn -0.11425059288740158 0.98373454809188843 0.13861143589019775
vn 0 1 0
vn -0.55681926012039185 0.19105048477649689 0.80836379528045654
vn -0.52473628520965576 0.37991040945053101 0.7617872953414917
vn -0.47076037526130676 0.55795282125473022 0.68342763185501099
vn -0.3969196081161499 0.71443325281143188 0.57622909545898438
vn -0.30673724412918091 0.8411981463432312 0.44530662894248962
vn -0.20617334544658661 0.93161392211914062 0.29931268095970154
vn -0.10189742594957352 0.98373454809188843 0.147929847240448
vn 0 1 0
vn -0.48518332839012146 0.19105048477649689 0.85328590869903564
vn -0.4572279155254364 0.37991040945053101 0.80412107706069946
vn -0.41019612550735474 0.55795282125473022 0.72140681743621826
vn -0.34585511684417725 0.71443325281143188 0.60825103521347046
vn -0.2672748863697052 0.8411981463432312 0.4700530469417572
vn -0.17964872717857361 0.93161392211914062 0.31594598293304443
vn -0.088788114488124847 0.98373454809188843 0.15615056455135345
vn 0 1 0
vn -0.40994712710380554 0.19105048477649689 0.89187616109848022
vn -0.38632667064666748 0.37991040945053101 0.84048783779144287
vn -0.34658798575401306 0.55795282125473022 0.75403279066085815
vn -0.29222416877746582 0.71443325281143188 0.63575947284698486
vn -0.22582921385765076 0.8411981463432312 0.49131140112876892
vn -0.1517910361289978 0.93161392211914062 0.33023479580879211
vn -0.075019955635070801 0.98373454809188843 0.16321253776550293
vn 0 1 0
vn -0.33166885375976562 0.19105048477649689 0.92384821176528931
vn -0.31255868077278137 0.37991040945053101 0.87061768770217896
vn -0.28040796518325806 0.55795282125473022 0.78106337785720825
vn -0.2364247739315033 0.71443325281143188 0.65855026245117188
vn -0.18270775675773621 0.8411981463432312 0.50892394781112671
vn -0.12280695140361786 0.93161392211914062 0.34207308292388916
vn -0.0606951043009758 0.98373454809188843 0.16906338930130005
vn 0 1 0
vn -0.25092941522598267 0.19105048477649689 0.94896477460861206
vn -0.23647131025791168 0.37991040945053101 0.894287109375
vn -0.21214717626571655 0.55795282125473022 0.80229806900024414
vn -0.17887099087238312 0.71443325281143188 0.67645418643951416
vn -0.13823050260543823 0.8411981463432312 0.52276003360748291
vn -0.092911586165428162 0.93161392211914062 0.35137298703193665
vn -0.045919861644506454 0.98373454809188843 0.17365971207618713
vn 0 1 0
vn -0.16832795739173889 0.19105048477649689 0.96703952550888062
vn -0.15862920880317688 0.37991040945053101 0.91132038831710815
vn -0.14231213927268982 0.55795282125473022 0.81757926940917969
vn -0.11998986452817917 0.71443325281143188 0.68933850526809692
vn -0.092727504670619965 0.8411981463432312 0.53271692991256714
vn -0.062326759099960327 0.93161392211914062 0.35806551575660706
vn -0.030803866684436798 0.98373454809188843 0.17696736752986908
vn 0 1 0
vn -0.078966021537780762 0.19105048477649689 0.97839874029159546
vn -0.074416138231754303 0.37991040945053101 0.92202508449554443
vn -0.066761478781700134 0.55795282125473022 0.82718288898468018
vn -0.056289654225111008 0.71443325281143188 0.69743573665618896
vn -0.043500330299139023 0.84119808673858643 0.53897446393966675
vn -0.029238732531666756 0.93161392211914062 0.36227148771286011
vn -0.014450712129473686 0.98373454809188843 0.17904609441757202
vn 0 1 0
vn 0 0.19105048477649689 0.98158019781112671
vn 0 0.37991040945053101 0.92502325773239136
vn 0 0.55795282125473022 0.82987266778945923
vn 0 0.71443325281143188 0.69970357418060303
vn 0 0.8411981463432312 0.54072701930999756
vn 0 0.93161392211914062 0.36344948410987854
vn 0 0.98373454809188843 0.17962829768657684
vn 0 1 0
vn 0.092374861240386963 0.19105048477649689 0.97722393274307251
vn 0.087052382528781891 0.37991040945053101 0.92091798782348633
vn 0.078097917139530182 0.55795282125473022 0.82618963718414307
vn 0.065847925841808319 0.71443325281143188 0.69659829139709473
vn 0.050886910408735275 0.8411981463432312 0.53832727670669556
vn 0.034203618764877319 0.93161392211914062 0.36183649301528931
vn 0.016904516145586967 0.98373454809188843 0.17883110046386719
vn 0 1 0
vn 0.17940413951873779 0.19105048477649689 0.96504604816436768
vn 0.16906717419624329 0.37991040945053101 0.90944176912307739
vn 0.15167643129825592 0.55795282125473022 0.81589394807815552
vn 0.12788534164428711 0.71443325281143188 0.68791747093200684
vn 0.098829075694084167 0.8411981463432312 0.53161877393722534
vn 0.066427931189537048 0.93161392211914062 0.35732740163803101
vn 0.032830797135829926 0.98373454809188843 0.1766025573015213
vn 0 1 0
vn 0.26408243179321289 0.19105048477649689 0.94538891315460205
vn 0.24886646866798401 0.37991040945053101 0.89091724157333374
vn 0.2232673317193985 0.55795282125473022 0.79927486181259155
vn 0.18824689090251923 0.71443325281143188 0.67390519380569458
vn 0.14547614753246307 0.8411981463432312 0.52079015970230103
vn 0.097781747579574585 0.93161392211914062 0.35004895925521851
vn 0.048326849937438965 0.98373454809188843 0.17300532758235931
vn 0 1 0
vn 0.34668952226638794 0.19105048477649689 0.91831696033477783
vn 0.32671386003494263 0.37991040945053101 0.86540520191192627
vn 0.29310712218284607 0.55795282125473022 0.77638703584671021
vn 0.24713201820850372 0.71443325281143188 0.65460741519927979
vn 0.19098223745822906 0.8411981463432312 0.50587695837020874
vn 0.12836864590644836 0.93161392211914062 0.34002503752708435
vn 0.063443869352340698 0.98373454809188843 0.16805118322372437
vn 0 1 0
vn 0.42657747864723206 0.19105048477649689 0.88404262065887451
vn 0.40199881792068481 0.37991040945053101 0.83310562372207642
vn 0.36064803600311279 0.55795282125473022 0.74740993976593018
vn 0.3040788471698761 0.71443325281143188 0.63017547130584717
vn 0.2349904477596283 0.8411981463432312 0.4869961142539978
vn 0.15794874727725983 0.93161392211914062 0.32733428478240967
vn 0.078063294291496277 0.98373454809188843 0.1617790162563324
vn 0 1 0
vn 0.50193959474563599 0.19105048477649689 0.84353798627853394
vn 0.47301870584487915 0.37991040945053101 0.79493480920791626
vn 0.42436259984970093 0.55795282125473022 0.71316546201705933
vn 0.35779953002929688 0.71443325281143188 0.60130244493484497
vn 0.27650547027587891 0.8411981463432312 0.4646831750869751
vn 0.18585306406021118 0.93161392211914062 0.31233662366867065
vn 0.091854497790336609 0.98373454809188843 0.15436670184135437
vn 0 1 0
vn 0.57267439365386963 0.19105048477649689 0.7972099781036377
vn 0.53967791795730591 0.37991040945053101 0.75127613544464111
vn 0.48416504263877869 0.55795282125473022 0.67399764060974121
vn 0.40822166204452515 0.71443325281143188 0.56827825307846069
vn 0.31547144055366516 0.8411981463432312 0.43916225433349609
vn 0.21204401552677155 0.93161392211914062 0.29518276453018188
vn 0.10479889810085297 0.98373454809188843 0.14588871598243713
vn 0 1 0
vn 0.63915961980819702 0.19105048477649689 0.74496620893478394
vn 0.60233235359191895 0.37991040945053101 0.70204257965087891
vn 0.54037469625473022 0.55795282125473022 0.62982839345932007
vn 0.4556145966053009 0.71443325281143188 0.53103715181350708
vn 0.35209643840789795 0.8411981463432312 0.41038253903388977
vn 0.23666149377822876 0.93161392211914062 0.27583849430084229
vn 0.1169656366109848 0.98373454809188843 0.13632816076278687
vn 0 1 0
vn 0.70090192556381226 0.19105048477649689 0.68719440698623657
vn 0.66051721572875977 0.37991040945053101 0.64759945869445801
vn 0.59257447719573975 0.55795282125473022 0.58098548650741577
vn 0.49962663650512695 0.71443325281143188 0.48985543847084045
vn 0.38610866665840149 0.8411981463432312 0.37855753302574158
vn 0.25952282547950745 0.93161392211914062 0.254447340965271
vn 0.12826442718505859 0.98373454809188843 0.12575596570968628
vn 0 1 0
vn 0.75744318962097168 0.19105048477649689 0.62432324886322021
vn 0.71380066871643066 0.37991040945053101 0.58835083246231079
vn 0.6403769850730896 0.55795282125473022 0.5278313159942627
vn 0.53993111848831177 0.71443325281143188 0.44503873586654663
vn 0.41725578904151917 0.8411981463432312 0.34392344951629639
vn 0.28045833110809326 0.93161392211914062 0.23116803169250488
vn 0.13861143589019775 0.98373454809188843 0.11425059288740158
vn 0 1 0
vn 0.80836379528045654 0.19105048477649689 0.55681926012039185
vn 0.7617872953414917 0.37991040945053101 0.52473628520965576
vn 0.68342763185501099 0.55795282125473022 0.47076037526130676
vn 0.57622909545898438 0.71443325281143188 0.3969196081161499
vn 0.44530662894248962 0.8411981463432312 0.30673724412918091
vn 0.29931268095970154 0.93161392211914062 0.20617334544658661
vn 0.147929847240448 0.98373454809188843 0.10189742594957352
vn 0 1 0
vn 0.85328590869903564 0.19105048477649689 0.48518332839012146
vn 0.80412107706069946 0.37991040945053101 0.4572279155254364
vn 0.72140681743621826 0.55795282125473022 0.41019612550735474
vn 0.60825103521347046 0.71443325281143188 0.34585511684417725
vn 0.4700530469417572 0.8411981463432312 0.2672748863697052
vn 0.31594598293304443 0.93161392211914062 0.17964872717857361
vn 0.15615056455135345 0.98373454809188843 0.088788114488124847
vn 0 1 0
vn 0.89187616109848022 0.19105048477649689 0.40994712710380554
vn 0.84048783779144287 0.37991040945053101 0.38632667064666748
vn 0.75403279066085815 0.55795282125473022 0.34658798575401306
vn 0.63575947284698486 0.71443325281143188 0.29222416877746582
vn 0.49131140112876892 0.8411981463432312 0.22582921385765076
vn 0.33023479580879211 0.93161392211914062 0.1517910361289978
vn 0.16321253776550293 0.98373454809188843 0.075019955635070801
vn 0 1 0
vn 0.92384821176528931 0.19105048477649689 0.33166885375976562
vn 0.87061768770217896 0.37991040945053101 0.31255868077278137
vn 0.78106337785720825 0.55795282125473022 0.28040796518325806
vn 0.65855026245117188 0.71443325281143188 0.2364247739315033
vn 0.50892394781112671 0.8411981463432312 0.18270775675773621
vn 0.34207308292388916 0.93161392211914062 0.12280695140361786
vn 0.16906338930130005 0.98373454809188843 0.0606951043009758
vn 0 1 0
vn 0.94896477460861206 0.19105048477649689 0.25092941522598267
vn 0.894287109375 0.37991040945053101 0.23647131025791168
vn 0.80229806900024414 0.55795282125473022 0.21214717626571655
vn 0.67645418643951416 0.71443325281143188 0.17887099087238312
vn 0.52276003360748291 0.8411981463432312 0.13823050260543823
vn 0.35137298703193665 0.93161392211914062 0.092911586165428162
vn 0.17365971207618713 0.98373454809188843 0.045919861644506454
vn 0 1 0
vn 0.96703952550888062 0.19105048477649689 0.16832795739173889
vn 0.91132038831710815 0.37991040945053101 0.15862920880317688
vn 0.81757926940917969 0.55795282125473022 0.14231213927268982
vn 0.68933850526809692 0.71443325281143188 0.11998986452817917
vn 0.53271692991256714 0.8411981463432312 0.092727504670619965
vn 0.35806551575660706 0.93161392211914062 0.062326759099960327
vn 0.17696736752986908 0.98373454809188843 0.030803866684436798
vn 0 1 0
vn 0.97839874029159546 0.19105048477649689 0.078966021537780762
vn 0.92202508449554443 0.37991040945053101 0.074416138231754303
vn 0.82718288898468018 0.55795282125473022 0.066761478781700134
vn 0.69743573665618896 0.71443325281143188 0.056289654225111008
vn 0.53897446393966675 0.84119808673858643 0.043500330299139023
vn 0.36227148771286011 0.93161392211914062 0.029238732531666756
vn 0.17904609441757202 0.98373454809188843 0.014450712129473686
vn 0 1 0
vn 1 0 0
vn 0.98158019781112671 0.19105048477649689 0
vn 0.92502325773239136 0.37991040945053101 0
vn 0.82987266778945923 0.55795282125473022 0
vn 0.69970357418060303 0.71443325281143188 0
vn 0.54072701930999756 0.8411981463432312 0
vn 0.36344948410987854 0.93161392211914062 0
vn 0.17962829768657684 0.98373454809188843 0
vn 0 1 0
vn 0.99785894155502319 0 -0.065403126180171967
vn 0.99144488573074341 0 -0.13052618503570557
vn 0.98078525066375732 0 -0.19509032368659973
vn 0.96592581272125244 0 -0.25881904363632202
vn 0.94693011045455933 0 -0.3214394748210907
vn 0.92387950420379639 0 -0.38268342614173889
vn 0.89687275886535645 0 -0.44228869676589966
vn 0.86602538824081421 0 -0.5
vn 0.83146959543228149 0 -0.55557024478912354
vn 0.79335331916809082 0 -0.60876142978668213
vn 0.75183981657028198 0 -0.65934580564498901
vn 0.70710676908493042 0 -0.70710676908493042
vn 0.65934580564498901 0 -0.75183981657028198
vn 0.60876142978668213 0 -0.79335331916809082
vn 0.55557024478912354 0 -0.83146959543228149
vn 0.5 0 -0.86602538824081421
vn 0.44228869676589966 0 -0.89687275886535645
vn 0.38268342614173889 0 -0.92387950420379639
vn 0.3214394748210907 0 -0.94693011045455933
vn 0.25881904363632202 0 -0.96592581272125244
vn 0.19509032368659973 0 -0.98078525066375732
vn 0.13052618503570557 0 -0.99144488573074341
vn 0.065403126180171967 0 -0.99785894155502319
vn -0.065403126180171967 0 -0.99785894155502319
vn -0.13052618503570557 0 -0.99144488573074341
vn -0.19509032368659973 0 -0.98078525066375732
vn -0.25881904363632202 0 -0.96592581272125244
vn -0.3214394748210907 0 -0.94693011045455933
vn -0.38268342614173889 0 -0.92387950420379639
vn -0.44228869676589966 0 -0.89687275886535645
vn -0.5 0 -0.86602538824081421
vn -0.55557024478912354 0 -0.83146959543228149
vn -0.60876142978668213 0 -0.79335331916809082
vn -0.65934580564498901 0 -0.75183981657028198
vn -0.70710676908493042 0 -0.70710676908493042
vn -0.75183981657028198 0 -0.65934580564498901
vn -0.79335331916809082 0 -0.60876142978668213
vn -0.83146959543228149 0 -0.55557024478912354
vn -0.86602538824081421 0 -0.5
vn -0.89687275886535645 0 -0.44228869676589966
vn -0.92387950420379639 0 -0.38268342614173889
vn -0.94693011045455933 0 -0.3214394748210907
vn -0.96592581272125244 0 -0.25881904363632202
vn -0.98078525066375732 0 -0.19509032368659973
vn -0.99144488573074341 0 -0.13052618503570557
vn -0.99785894155502319 0 -0.065403126180171967
vn -0.99785894155502319 0 0.065403126180171967
vn -0.99144488573074341 0 0.13052618503570557
vn -0.98078525066375732 0 0.19509032368659973
vn -0.96592581272125244 0 0.25881904363632202
vn -0.94693011045455933 0 0.3214394748210907
vn -0.92387950420379639 0 0.38268342614173889
vn -0.89687275886535645 0 0.44228869676589966
vn -0.86602538824081421 0 0.5
vn -0.83146959543228149 0 0.55557024478912354
vn -0.79335331916809082 0 0.60876142978668213
vn -0.75183981657028198 0 0.65934580564498901
vn -0.70710676908493042 0 0.70710676908493042
vn -0.65934580564498901 0 0.75183981657028198
vn -0.60876142978668213 0 0.79335331916809082
vn -0.55557024478912354 0 0.83146959543228149
vn -0.5 0 0.86602538824081421
vn -0.44228869676589966 0 0.89687275886535645
vn -0.38268342614173889 0 0.92387950420379639
vn -0.3214394748210907 0 0.94693011045455933
vn -0.25881904363632202 0 0.96592581272125244
vn -0.19509032368659973 0 0.98078525066375732
vn -0.13052618503570557 0 0.99144488573074341
vn -0.065403126180171967 0 0.99785894155502319
vn 0 0 1
vn 0.065403126180171967 0 0.99785894155502319
vn 0.13052618503570557 0 0.99144488573074341
vn 0.19509032368659973 0 0.98078525066375732
vn 0.25881904363632202 0 0.96592581272125244
vn 0.3214394748210907 0 0.94693011045455933
vn 0.38268342614173889 0 0.92387950420379639
vn 0.44228869676589966 0 0.89687275886535645
vn 0.5 0 0.86602538824081421
vn 0.55557024478912354 0 0.83146959543228149
vn 0.60876142978668213 0 0.79335331916809082
vn 0.65934580564498901 0 0.75183981657028198
vn 0.70710676908493042 0 0.70710676908493042
vn 0.75183981657028198 0 0.65934580564498901
vn 0.79335331916809082 0 0.60876142978668213
vn 0.83146959543228149 0 0.55557024478912354
vn 0.86602538824081421 0 0.5
vn 0.89687275886535645 0 0.44228869676589966
vn 0.92387950420379639 0 0.38268342614173889
vn 0.94693011045455933 0 0.3214394748210907
vn 0.96592581272125244 0 0.25881904363632202
vn 0.98078525066375732 0 0.19509032368659973
vn 0.99144488573074341 0 0.13052618503570557
vn 0.99785894155502319 0 0.065403126180171967
vn 0 -1 0
vn 0 -1 0
vn 0 -1 0
vn 0 -1 0
vn 0 -1 0
vn 0 -1 0
vn 0 -1 0
vn 0 -1 0
vn 0 -1 0
vn 0 -1 0
vn 0 -1 0
vn 0 -1 0
vn 0 -1 0
vn 0 -1 0
vn 0 -1 0
vn 0 -1 0
vn 0 -1 0
vn 0 -1 0
vn 0 -1 0
vn 0 -1 0
vn 0 -1 0
vn 0 -1 0
vn 0 -1 0
vn 0 -1 0
vn 0 -1 0
vn 0 -1 0
vn 0 -1 0
vn 0 -1 0
vn 0 -1 0
vn 0 -1 0
vn 0 -1 0
vn 0 -1 0
vn 0 -1 0
vn 0 -1 0
vn 0 -1 0
vn 0 -1 0
vn 0 -1 0
vn 0 -1 0
vn 0 -1 0
vn 0 -1 0
vn 0 -1 0
vn 1 0 0
vn 1 0 0
vn 1 0 0
vn 1 0 0
vn 1 0 0
vn 1 0 0
vn 1 0 0
vn 1 0 0
vn 1 0 0
vn 1 0 0
vn 1 0 0
vn 1 0 0
vn 1 0 0
vn 1 0 0
vn 0.98158019781112671 0 -0.19105048477649689
vn 0.98158019781112671 0 -0.19105048477649689
vn 0.98158019781112671 0 -0.19105048477649689
vn 0.98158019781112671 0 -0.19105048477649689
vn 0.98158019781112671 0 -0.19105048477649689
vn 0.98158019781112671 0 -0.19105048477649689
vn 0.98158019781112671 0 -0.19105048477649689
vn 0.98158019781112671 0 -0.19105048477649689
vn 0.98158019781112671 0 -0.19105048477649689
vn 0.98158019781112671 0 -0.19105048477649689
vn 0.98158019781112671 0 -0.19105048477649689
vn 0.98158019781112671 0 -0.19105048477649689
vn 0.98158019781112671 0 -0.19105048477649689
vn 0.92502325773239136 0 -0.37991040945053101
vn 0.92502325773239136 0 -0.37991040945053101
vn 0.92502325773239136 0 -0.37991040945053101
vn 0.92502325773239136 0 -0.37991040945053101
vn 0.92502325773239136 0 -0.37991040945053101
vn 0.92502325773239136 0 -0.37991040945053101
vn 0.92502325773239136 0 -0.37991040945053101
vn 0.92502325773239136 0 -0.37991040945053101
vn 0.92502325773239136 0 -0.37991040945053101
vn 0.92502325773239136 0 -0.37991040945053101
vn 0.92502325773239136 0 -0.37991040945053101
vn 0.92502325773239136 0 -0.37991040945053101
vn 0.92502325773239136 0 -0.37991040945053101
vn 0.82987266778945923 0 -0.55795282125473022
vn 0.82987266778945923 0 -0.55795282125473022
vn 0.82987266778945923 0 -0.55795282125473022
vn 0.82987266778945923 0 -0.55795282125473022
vn 0.82987266778945923 0 -0.55795282125473022
vn 0.82987266778945923 0 -0.55795282125473022
vn 0.82987266778945923 0 -0.55795282125473022
vn 0.82987266778945923 0 -0.55795282125473022
vn 0.82987266778945923 0 -0.55795282125473022
vn 0.82987266778945923 0 -0.55795282125473022
vn 0.82987266778945923 0 -0.55795282125473022
vn 0.82987266778945923 0 -0.55795282125473022
vn 0.82987266778945923 0 -0.55795282125473022
vn 0.69970357418060303 0 -0.71443325281143188
vn 0.69970357418060303 0 -0.71443325281143188
vn 0.69970357418060303 0 -0.71443325281143188
vn 0.69970357418060303 0 -0.71443325281143188
vn 0.69970357418060303 0 -0.71443325281143188
vn 0.69970357418060303 0 -0.71443325281143188
vn 0.69970357418060303 0 -0.71443325281143188
vn 0.69970357418060303 0 -0.71443325281143188
vn 0.69970357418060303 0 -0.71443325281143188
vn 0.69970357418060303 0 -0.71443325281143188
vn 0.69970357418060303 0 -0.71443325281143188
vn 0.69970357418060303 0 -0.71443325281143188
vn 0.69970357418060303 0 -0.71443325281143188
vn 0.54072701930999756 0 -0.8411981463432312
vn 0.54072701930999756 0 -0.8411981463432312
vn 0.54072701930999756 0 -0.8411981463432312
vn 0.54072701930999756 0 -0.8411981463432312
vn 0.54072701930999756 0 -0.8411981463432312
vn 0.54072701930999756 0 -0.8411981463432312
vn 0.54072701930999756 0 -0.8411981463432312
vn 0.54072701930999756 0 -0.8411981463432312
vn 0.54072701930999756 0 -0.8411981463432312
vn 0.54072701930999756 0 -0.8411981463432312
vn 0.54072701930999756 0 -0.8411981463432312
vn 0.54072701930999756 0 -0.8411981463432312
vn 0.54072701930999756 0 -0.8411981463432312
vn 0.36344948410987854 0 -0.93161392211914062
vn 0.36344948410987854 0 -0.93161392211914062
vn 0.36344948410987854 0 -0.93161392211914062
vn 0.36344948410987854 0 -0.93161392211914062
vn 0.36344948410987854 0 -0.93161392211914062
vn 0.36344948410987854 0 -0.93161392211914062
vn 0.36344948410987854 0 -0.93161392211914062
vn 0.36344948410987854 0 -0.93161392211914062
vn 0.36344948410987854 0 -0.93161392211914062
vn 0.36344948410987854 0 -0.93161392211914062
vn 0.36344948410987854 0 -0.93161392211914062
vn 0.36344948410987854 0 -0.93161392211914062
vn 0.36344948410987854 0 -0.93161392211914062
vn 0.17962829768657684 0 -0.98373454809188843
vn 0.17962829768657684 0 -0.98373454809188843
vn 0.17962829768657684 0 -0.98373454809188843
vn 0.17962829768657684 0 -0.98373454809188843
vn 0.17962829768657684 0 -0.98373454809188843
vn 0.17962829768657684 0 -0.98373454809188843
vn 0.17962829768657684 0 -0.98373454809188843
vn 0.17962829768657684 0 -0.98373454809188843
vn 0.17962829768657684 0 -0.98373454809188843
vn 0.17962829768657684 0 -0.98373454809188843
vn 0.17962829768657684 0 -0.98373454809188843
vn 0.17962829768657684 0 -0.98373454809188843
vn 0.17962829768657684 0 -0.98373454809188843
vn 0 0 -1
vn 0 0 -1
vn 0 0 -1
vn 0 0 -1
vn 0 0 -1
vn 0 0 -1
vn 0 0 -1
vn 0 0 -1
vn 0 0 -1
vn 0 0 -1
vn 0 0 -1
vn 0 0 -1
vn 0 0 -1
vn 0 0 -1
vn -0.19105048477649689 0 -0.98158019781112671
vn -0.19105048477649689 0 -0.98158019781112671
vn -0.19105048477649689 0 -0.98158019781112671
vn -0.19105048477649689 0 -0.98158019781112671
vn -0.19105048477649689 0 -0.98158019781112671
vn -0.19105048477649689 0 -0.98158019781112671
vn -0.19105048477649689 0 -0.98158019781112671
vn -0.19105048477649689 0 -0.98158019781112671
vn -0.19105048477649689 0 -0.98158019781112671
vn -0.19105048477649689 0 -0.98158019781112671
vn -0.19105048477649689 0 -0.98158019781112671
vn -0.19105048477649689 0 -0.98158019781112671
vn -0.19105048477649689 0 -0.98158019781112671
vn -0.37991040945053101 0 -0.92502325773239136
vn -0.37991040945053101 0 -0.92502325773239136
vn -0.37991040945053101 0 -0.92502325773239136
vn -0.37991040945053101 0 -0.92502325773239136
vn -0.37991040945053101 0 -0.92502325773239136
vn -0.37991040945053101 0 -0.92502325773239136
vn -0.37991040945053101 0 -0.92502325773239136
vn -0.37991040945053101 0 -0.92502325773239136
vn -0.37991040945053101 0 -0.92502325773239136
vn -0.37991040945053101 0 -0.92502325773239136
vn -0.37991040945053101 0 -0.92502325773239136
vn -0.37991040945053101 0 -0.92502325773239136
vn -0.37991040945053101 0 -0.92502325773239136
vn -0.55795282125473022 0 -0.82987266778945923
vn -0.55795282125473022 0 -0.82987266778945923
vn -0.55795282125473022 0 -0.82987266778945923
vn -0.55795282125473022 0 -0.82987266778945923
vn -0.55795282125473022 0 -0.82987266778945923
vn -0.55795282125473022 0 -0.82987266778945923
vn -0.55795282125473022 0 -0.82987266778945923
vn -0.55795282125473022 0 -0.82987266778945923
vn -0.55795282125473022 0 -0.82987266778945923
vn -0.55795282125473022 0 -0.82987266778945923
vn -0.55795282125473022 0 -0.82987266778945923
vn -0.55795282125473022 0 -0.82987266778945923
vn -0.55795282125473022 0 -0.82987266778945923
vn -0.71443325281143188 0 -0.69970357418060303
vn -0.71443325281143188 0 -0.69970357418060303
vn -0.71443325281143188 0 -0.69970357418060303
vn -0.71443325281143188 0 -0.69970357418060303
vn -0.71443325281143188 0 -0.69970357418060303
vn -0.71443325281143188 0 -0.69970357418060303
vn -0.71443325281143188 0 -0.69970357418060303
vn -0.71443325281143188 0 -0.69970357418060303
vn -0.71443325281143188 0 -0.69970357418060303
vn -0.71443325281143188 0 -0.69970357418060303
vn -0.71443325281143188 0 -0.69970357418060303
vn -0.71443325281143188 0 -0.69970357418060303
vn -0.71443325281143188 0 -0.69970357418060303
vn -0.8411981463432312 0 -0.54072701930999756
vn -0.8411981463432312 0 -0.54072701930999756
vn -0.8411981463432312 0 -0.54072701930999756
vn -0.8411981463432312 0 -0.54072701930999756
vn -0.8411981463432312 0 -0.54072701930999756
vn -0.8411981463432312 0 -0.54072701930999756
vn -0.8411981463432312 0 -0.54072701930999756
vn -0.8411981463432312 0 -0.54072701930999756
vn -0.8411981463432312 0 -0.54072701930999756
vn -0.8411981463432312 0 -0.54072701930999756
vn -0.8411981463432312 0 -0.54072701930999756
vn -0.8411981463432312 0 -0.54072701930999756
vn -0.8411981463432312 0 -0.54072701930999756
vn -0.93161392211914062 0 -0.36344948410987854
vn -0.93161392211914062 0 -0.36344948410987854
vn -0.93161392211914062 0 -0.36344948410987854
vn -0.93161392211914062 0 -0.36344948410987854
vn -0.93161392211914062 0 -0.36344948410987854
vn -0.93161392211914062 0 -0.36344948410987854
vn -0.93161392211914062 0 -0.36344948410987854
vn -0.93161392211914062 0 -0.36344948410987854
vn -0.93161392211914062 0 -0.36344948410987854
vn -0.93161392211914062 0 -0.36344948410987854
vn -0.93161392211914062 0 -0.36344948410987854
vn -0.93161392211914062 0 -0.36344948410987854
vn -0.93161392211914062 0 -0.36344948410987854
vn -0.98373454809188843 0 -0.17962829768657684
vn -0.98373454809188843 0 -0.17962829768657684
vn -0.98373454809188843 0 -0.17962829768657684
vn -0.98373454809188843 0 -0.17962829768657684
vn -0.98373454809188843 0 -0.17962829768657684
vn -0.98373454809188843 0 -0.17962829768657684
vn -0.98373454809188843 0 -0.17962829768657684
vn -0.98373454809188843 0 -0.17962829768657684
vn -0.98373454809188843 0 -0.17962829768657684
vn -0.98373454809188843 0 -0.17962829768657684
vn -0.98373454809188843 0 -0.17962829768657684
vn -0.98373454809188843 0 -0.17962829768657684
vn -0.98373454809188843 0 -0.17962829768657684
vn -1 0 0
vn -1 0 0
vn -1 0 0
vn -1 0 0
vn -1 0 0
vn -1 0 0
vn -1 0 0
vn -1 0 0
vn -1 0 0
vn -1 0 0
vn -1 0 0
vn -1 0 0
vn -1 0 0
vn -1 0 0
vn -0.98158019781112671 0 0.19105048477649689
vn -0.98158019781112671 0 0.19105048477649689
vn -0.98158019781112671 0 0.19105048477649689
vn -0.98158019781112671 0 0.19105048477649689
vn -0.98158019781112671 0 0.19105048477649689
vn -0.98158019781112671 0 0.19105048477649689
vn -0.98158019781112671 0 0.19105048477649689
vn -0.98158019781112671 0 0.19105048477649689
vn -0.98158019781112671 0 0.19105048477649689
vn -0.98158019781112671 0 0.19105048477649689
vn -0.98158019781112671 0 0.19105048477649689
vn -0.98158019781112671 0 0.19105048477649689
vn -0.98158019781112671 0 0.19105048477649689
vn -0.92502325773239136 0 0.37991040945053101
vn -0.92502325773239136 0 0.37991040945053101
vn -0.92502325773239136 0 0.37991040945053101
vn -0.92502325773239136 0 0.37991040945053101
vn -0.92502325773239136 0 0.37991040945053101
vn -0.92502325773239136 0 0.37991040945053101
vn -0.92502325773239136 0 0.37991040945053101
vn -0.92502325773239136 0 0.37991040945053101
vn -0.92502325773239136 0 0.37991040945053101
vn -0.92502325773239136 0 0.37991040945053101
vn -0.92502325773239136 0 0.37991040945053101
vn -0.92502325773239136 0 0.37991040945053101
vn -0.92502325773239136 0 0.37991040945053101
vn -0.82987266778945923 0 0.55795282125473022
vn -0.82987266778945923 0 0.55795282125473022
vn -0.82987266778945923 0 0.55795282125473022
vn -0.82987266778945923 0 0.55795282125473022
vn -0.82987266778945923 0 0.55795282125473022
vn -0.82987266778945923 0 0.55795282125473022
vn -0.82987266778945923 0 0.55795282125473022
vn -0.82987266778945923 0 0.55795282125473022
vn -0.82987266778945923 0 0.55795282125473022
vn -0.82987266778945923 0 0.55795282125473022
vn -0.82987266778945923 0 0.55795282125473022
vn -0.82987266778945923 0 0.55795282125473022
vn -0.82987266778945923 0 0.55795282125473022
vn -0.69970357418060303 0 0.71443325281143188
vn -0.69970357418060303 0 0.71443325281143188
vn -0.69970357418060303 0 0.71443325281143188
vn -0.69970357418060303 0 0.71443325281143188
vn -0.69970357418060303 0 0.71443325281143188
vn -0.69970357418060303 0 0.71443325281143188
vn -0.69970357418060303 0 0.71443325281143188
vn -0.69970357418060303 0 0.71443325281143188
vn -0.69970357418060303 0 0.71443325281143188
vn -0.69970357418060303 0 0.71443325281143188
vn -0.69970357418060303 0 0.71443325281143188
vn -0.69970357418060303 0 0.71443325281143188
vn -0.69970357418060303 0 0.71443325281143188
vn -0.54072701930999756 0 0.8411981463432312
vn -0.54072701930999756 0 0.8411981463432312
vn -0.54072701930999756 0 0.8411981463432312
vn -0.54072701930999756 0 0.8411981463432312
vn -0.54072701930999756 0 0.8411981463432312
vn -0.54072701930999756 0 0.8411981463432312
vn -0.54072701930999756 0 0.8411981463432312
vn -0.54072701930999756 0 0.8411981463432312
vn -0.54072701930999756 0 0.8411981463432312
vn -0.54072701930999756 0 0.8411981463432312
vn -0.54072701930999756 0 0.8411981463432312
vn -0.54072701930999756 0 0.8411981463432312
vn -0.54072701930999756 0 0.8411981463432312
vn -0.36344948410987854 0 0.93161392211914062
vn -0.36344948410987854 0 0.93161392211914062
vn -0.36344948410987854 0 0.93161392211914062
vn -0.36344948410987854 0 0.93161392211914062
vn -0.36344948410987854 0 0.93161392211914062
vn -0.36344948410987854 0 0.93161392211914062
vn -0.36344948410987854 0 0.93161392211914062
vn -0.36344948410987854 0 0.93161392211914062
vn -0.36344948410987854 0 0.93161392211914062
vn -0.36344948410987854 0 0.93161392211914062
vn -0.36344948410987854 0 0.93161392211914062
vn -0.36344948410987854 0 0.93161392211914062
vn -0.36344948410987854 0 0.93161392211914062
vn -0.17962829768657684 0 0.98373454809188843
vn -0.17962829768657684 0 0.98373454809188843
vn -0.17962829768657684 0 0.98373454809188843
vn -0.17962829768657684 0 0.98373454809188843
vn -0.17962829768657684 0 0.98373454809188843
vn -0.17962829768657684 0 0.98373454809188843
vn -0.17962829768657684 0 0.98373454809188843
vn -0.17962829768657684 0 0.98373454809188843
vn -0.17962829768657684 0 0.98373454809188843
vn -0.17962829768657684 0 0.98373454809188843
vn -0.17962829768657684 0 0.98373454809188843
vn -0.17962829768657684 0 0.98373454809188843
vn -0.17962829768657684 0 0.98373454809188843
vn 0 0 1
vn 0 0 1
vn 0 0 1
vn 0 0 1
vn 0 0 1
vn 0 0 1
vn 0 0 1
vn 0 0 1
vn 0 0 1
vn 0 0 1
vn 0 0 1
vn 0 0 1
vn 0 0 1
vn 0 0 1
vn 0.19105048477649689 0 0.98158019781112671
vn 0.19105048477649689 0 0.98158019781112671
vn 0.19105048477649689 0 0.98158019781112671
vn 0.19105048477649689 0 0.98158019781112671
vn 0.19105048477649689 0 0.98158019781112671
vn 0.19105048477649689 0 0.98158019781112671
vn 0.19105048477649689 0 0.98158019781112671
vn 0.19105048477649689 0 0.98158019781112671
vn 0.19105048477649689 0 0.98158019781112671
vn 0.19105048477649689 0 0.98158019781112671
vn 0.19105048477649689 0 0.98158019781112671
vn 0.19105048477649689 0 0.98158019781112671
vn 0.19105048477649689 0 0.98158019781112671
vn 0.37991040945053101 0 0.92502325773239136
vn 0.37991040945053101 0 0.92502325773239136
vn 0.37991040945053101 0 0.92502325773239136
vn 0.37991040945053101 0 0.92502325773239136
vn 0.37991040945053101 0 0.92502325773239136
vn 0.37991040945053101 0 0.92502325773239136
vn 0.37991040945053101 0 0.92502325773239136
vn 0.37991040945053101 0 0.92502325773239136
vn 0.37991040945053101 0 0.92502325773239136
vn 0.37991040945053101 0 0.92502325773239136
vn 0.37991040945053101 0 0.92502325773239136
vn 0.37991040945053101 0 0.92502325773239136
vn 0.37991040945053101 0 0.92502325773239136
vn 0.55795282125473022 0 0.82987266778945923
vn 0.55795282125473022 0 0.82987266778945923
vn 0.55795282125473022 0 0.82987266778945923
vn 0.55795282125473022 0 0.82987266778945923
vn 0.55795282125473022 0 0.82987266778945923
vn 0.55795282125473022 0 0.82987266778945923
vn 0.55795282125473022 0 0.82987266778945923
vn 0.55795282125473022 0 0.82987266778945923
vn 0.55795282125473022 0 0.82987266778945923
vn 0.55795282125473022 0 0.82987266778945923
vn 0.55795282125473022 0 0.82987266778945923
vn 0.55795282125473022 0 0.82987266778945923
vn 0.55795282125473022 0 0.82987266778945923
vn 0.71443325281143188 0 0.69970357418060303
vn 0.71443325281143188 0 0.69970357418060303
vn 0.71443325281143188 0 0.69970357418060303
vn 0.71443325281143188 0 0.69970357418060303
vn 0.71443325281143188 0 0.69970357418060303
vn 0.71443325281143188 0 0.69970357418060303
vn 0.71443325281143188 0 0.69970357418060303
vn 0.71443325281143188 0 0.69970357418060303
vn 0.71443325281143188 0 0.69970357418060303
vn 0.71443325281143188 0 0.69970357418060303
vn 0.71443325281143188 0 0.69970357418060303
vn 0.71443325281143188 0 0.69970357418060303
vn 0.71443325281143188 0 0.69970357418060303
vn 0.8411981463432312 0 0.54072701930999756
vn 0.8411981463432312 0 0.54072701930999756
vn 0.8411981463432312 0 0.54072701930999756
vn 0.8411981463432312 0 0.54072701930999756
vn 0.8411981463432312 0 0.54072701930999756
vn 0.8411981463432312 0 0.54072701930999756
vn 0.8411981463432312 0 0.54072701930999756
vn 0.8411981463432312 0 0.54072701930999756
vn 0.8411981463432312 0 0.54072701930999756
vn 0.8411981463432312 0 0.54072701930999756
vn 0.8411981463432312 0 0.54072701930999756
vn 0.8411981463432312 0 0.54072701930999756
vn 0.8411981463432312 0 0.54072701930999756
vn 0.93161392211914062 0 0.36344948410987854
vn 0.93161392211914062 0 0.36344948410987854
vn 0.93161392211914062 0 0.36344948410987854
vn 0.93161392211914062 0 0.36344948410987854
vn 0.93161392211914062 0 0.36344948410987854
vn 0.93161392211914062 0 0.36344948410987854
vn 0.93161392211914062 0 0.36344948410987854
vn 0.93161392211914062 0 0.36344948410987854
vn 0.93161392211914062 0 0.36344948410987854
vn 0.93161392211914062 0 0.36344948410987854
vn 0.93161392211914062 0 0.36344948410987854
vn 0.93161392211914062 0 0.36344948410987854
vn 0.93161392211914062 0 0.36344948410987854
vn 0.98373454809188843 0 0.17962829768657684
vn 0.98373454809188843 0 0.17962829768657684
vn 0.98373454809188843 0 0.17962829768657684
vn 0.98373454809188843 0 0.17962829768657684
vn 0.98373454809188843 0 0.17962829768657684
vn 0.98373454809188843 0 0.17962829768657684
vn 0.98373454809188843 0 0.17962829768657684
vn 0.98373454809188843 0 0.17962829768657684
vn 0.98373454809188843 0 0.17962829768657684
vn 0.98373454809188843 0 0.17962829768657684
vn 0.98373454809188843 0 0.17962829768657684
vn 0.98373454809188843 0 0.17962829768657684
vn 0.98373454809188843 0 0.17962829768657684
vn 1 0 0
vn 1 0 0
vn 1 0 0
vn 1 0 0
vn 1 0 0
vn 1 0 0
vn 1 0 0
vn 1 0 0
vn 1 0 0
vn 1 0 0
vn 1 0 0
vn 1 0 0
vn 1 0 0
vn 1 0 0
vn 0.99785894155502319 0 0.065403126180171967
vn 0.99144488573074341 0 0.13052618503570557
vn 0.98078525066375732 0 0.19509032368659973
vn 0.96592581272125244 0 0.25881904363632202
vn 0.94693011045455933 0 0.3214394748210907
vn 0.92387950420379639 0 0.38268342614173889
vn 0.89687275886535645 0 0.44228869676589966
vn 0.86602538824081421 0 0.5
vn 0.83146959543228149 0 0.55557024478912354
vn 0.79335331916809082 0 0.60876142978668213
vn 0.75183981657028198 0 0.65934580564498901
vn 0.70710676908493042 0 0.70710676908493042
vn 0.65934580564498901 0 0.75183981657028198
vn 0.60876142978668213 0 0.79335331916809082
vn 0.55557024478912354 0 0.83146959543228149
vn 0.5 0 0.86602538824081421
vn 0.44228869676589966 0 0.89687275886535645
vn 0.38268342614173889 0 0.92387950420379639
vn 0.3214394748210907 0 0.94693011045455933
vn 0.25881904363632202 0 0.96592581272125244
vn 0.19509032368659973 0 0.98078525066375732
vn 0.13052618503570557 0 0.99144488573074341
vn 0.065403126180171967 0 0.99785894155502319
vn -0.065403126180171967 0 0.99785894155502319
vn -0.13052618503570557 0 0.99144488573074341
vn -0.19509032368659973 0 0.98078525066375732
vn -0.25881904363632202 0 0.96592581272125244
vn -0.3214394748210907 0 0.94693011045455933
vn -0.38268342614173889 0 0.92387950420379639
vn -0.44228869676589966 0 0.89687275886535645
vn -0.5 0 0.86602538824081421
vn -0.55557024478912354 0 0.83146959543228149
vn -0.60876142978668213 0 0.79335331916809082
vn -0.65934580564498901 0 0.75183981657028198
vn -0.70710676908493042 0 0.70710676908493042
vn -0.75183981657028198 0 0.65934580564498901
vn -0.79335331916809082 0 0.60876142978668213
vn -0.83146959543228149 0 0.55557024478912354
vn -0.86602538824081421 0 0.5
vn -0.89687275886535645 0 0.44228869676589966
vn -0.92387950420379639 0 0.38268342614173889
vn -0.94693011045455933 0 0.3214394748210907
vn -0.96592581272125244 0 0.25881904363632202
vn -0.98078525066375732 0 0.19509032368659973
vn -0.99144488573074341 0 0.13052618503570557
vn -0.99785894155502319 0 0.065403126180171967
vn -0.99785894155502319 0 -0.065403126180171967
vn -0.99144488573074341 0 -0.13052618503570557
vn -0.98078525066375732 0 -0.19509032368659973
vn -0.96592581272125244 0 -0.25881904363632202
vn -0.94693011045455933 0 -0.3214394748210907
vn -0.92387950420379639 0 -0.38268342614173889
vn -0.89687275886535645 0 -0.44228869676589966
vn -0.86602538824081421 0 -0.5
vn -0.83146959543228149 0 -0.55557024478912354
vn -0.79335331916809082 0 -0.60876142978668213
vn -0.75183981657028198 0 -0.65934580564498901
vn -0.70710676908493042 0 -0.70710676908493042
vn -0.65934580564498901 0 -0.75183981657028198
vn -0.60876142978668213 0 -0.79335331916809082
vn -0.55557024478912354 0 -0.83146959543228149
vn -0.5 0 -0.86602538824081421
vn -0.44228869676589966 0 -0.89687275886535645
vn -0.38268342614173889 0 -0.92387950420379639
vn -0.3214394748210907 0 -0.94693011045455933
vn -0.25881904363632202 0 -0.96592581272125244
vn -0.19509032368659973 0 -0.98078525066375732
vn -0.13052618503570557 0 -0.99144488573074341
vn -0.065403126180171967 0 -0.99785894155502319
vn 0.065403126180171967 0 -0.99785894155502319
vn 0.13052618503570557 0 -0.99144488573074341
vn 0.19509032368659973 0 -0.98078525066375732
vn 0.25881904363632202 0 -0.96592581272125244
vn 0.3214394748210907 0 -0.94693011045455933
vn 0.38268342614173889 0 -0.92387950420379639
vn 0.44228869676589966 0 -0.89687275886535645
vn 0.5 0 -0.86602538824081421
vn 0.55557024478912354 0 -0.83146959543228149
vn 0.60876142978668213 0 -0.79335331916809082
vn 0.65934580564498901 0 -0.75183981657028198
vn 0.70710676908493042 0 -0.70710676908493042
vn 0.75183981657028198 0 -0.65934580564498901
vn 0.79335331916809082 0 -0.60876142978668213
vn 0.83146959543228149 0 -0.55557024478912354
vn 0.86602538824081421 0 -0.5
vn 0.89687275886535645 0 -0.44228869676589966
vn 0.92387950420379639 0 -0.38268342614173889
vn 0.94693011045455933 0 -0.3214394748210907
vn 0.96592581272125244 0 -0.25881904363632202
vn 0.98078525066375732 0 -0.19509032368659973
vn 0.99144488573074341 0 -0.13052618503570557
vn 0.99785894155502319 0 -0.065403126180171967
vn 1 0 0
vn 0.98373454809188843 0 0.17962829768657684
vn 0.99605762958526611 0 0.088708475232124329
vn 0.99605762958526611 0 0.088708475232124329
vn 1 0 0
vn 0.99605762958526611 0 0.088708475232124329
vn 0.99903088808059692 0 0.044015180319547653
vn 0.99903088808059692 0 0.044015180319547653
vn 0.98158019781112671 0 -0.19105048477649689
vn 1 0 0
vn 0.99554240703582764 0 -0.094315044581890106
vn 0.99554240703582764 0 -0.094315044581890106
vn 1 0 0
vn 0.99903088808059692 0 0.044015180319547653
vn 0.99975979328155518 0 0.021915677934885025
vn 0.99975979328155518 0 0.021915677934885025
vn 0.99554240703582764 0 -0.094315044581890106
vn 1 0 0
vn 0.9989052414894104 0 -0.046779096126556396
vn 0.9989052414894104 0 -0.046779096126556396
vn 0.99605762958526611 0 0.088708475232124329
vn 0.99780076742172241 0 0.066284410655498505
vn 0.99780076742172241 0 0.066284410655498505
vn 0.98373454809188843 0 0.17962829768657684
vn 0.99098706245422363 0 0.13395766913890839
vn 0.99098706245422363 0 0.13395766913890839
vn 0.93161392211914062 0 0.36344948410987854
vn 0.96239930391311646 0 0.27163878083229065
vn 0.96239930391311646 0 0.27163878083229065
vn 0.99098706245422363 0 0.13395766913890839
vn 0.99379003047943115 0 0.11127170920372009
vn 0.99379003047943115 0 0.11127170920372009
vn 0.96239930391311646 0 0.27163878083229065
vn 0.97422599792480469 0 0.22557428479194641
vn 0.97422599792480469 0 0.22557428479194641
vn 0.98373454809188843 0 0.17962829768657684
vn 0.97422599792480469 0 0.22557428479194641
vn 0.9792664647102356 0 0.20257644355297089
vn 0.9792664647102356 0 0.20257644355297089
vn 0.96239930391311646 0 0.27163878083229065
vn 0.96860575675964355 0 0.24860191345214844
vn 0.96860575675964355 0 0.24860191345214844
vn 0.93161392211914062 0 0.36344948410987854
vn 0.94820624589920044 0 0.31765538454055786
vn 0.94820624589920044 0 0.31765538454055786
vn 0.8411981463432312 0 0.54072701930999756
vn 0.89118409156799316 0 0.45364180207252502
vn 0.89118409156799316 0 0.45364180207252502
vn 0.94820624589920044 0 0.31765538454055786
vn 0.93161392211914062 0 0.36344948410987854
vn 0.94021141529083252 0 0.3405914306640625
vn 0.94021141529083252 0 0.3405914306640625
vn 0.89118409156799316 0 0.45364180207252502
vn 0.91260600090026855 0 0.40884014964103699
vn 0.91260600090026855 0 0.40884014964103699
vn 0.91260600090026855 0 0.40884014964103699
vn 0.9224122166633606 0 0.38620677590370178
vn 0.9224122166633606 0 0.38620677590370178
vn 0.89118409156799316 0 0.45364180207252502
vn 0.90219599008560181 0 0.43132629990577698
vn 0.90219599008560181 0 0.43132629990577698
vn 0.8411981463432312 0 0.54072701930999756
vn 0.86736834049224854 0 0.49766671657562256
vn 0.86736834049224854 0 0.49766671657562256
vn 0.71443325281143188 0 0.69970357418060303
vn 0.78204870223999023 0 0.62321734428405762
vn 0.78204870223999023 0 0.62321734428405762
vn 0.86736834049224854 0 0.49766671657562256
vn 0.8411981463432312 0 0.54072701930999756
vn 0.85457432270050049 0 0.51932913064956665
vn 0.85457432270050049 0 0.51932913064956665
vn 0.78204870223999023 0 0.62321734428405762
vn 0.81273221969604492 0 0.58263736963272095
vn 0.81273221969604492 0 0.58263736963272095
vn 0.81273221969604492 0 0.58263736963272095
vn 0.82724767923355103 0 0.56183737516403198
vn 0.82724767923355103 0 0.56183737516403198
vn 0.78204870223999023 0 0.62321734428405762
vn 0.79766207933425903 0 0.60310465097427368
vn 0.79766207933425903 0 0.60310465097427368
vn 0.71443325281143188 0 0.69970357418060303
vn 0.74924421310424805 0 0.66229379177093506
vn 0.74924421310424805 0 0.66229379177093506
vn 0.55795282125473022 0 0.82987266778945923
vn 0.63933026790618896 0 0.7689322829246521
vn 0.63933026790618896 0 0.7689322829246521
vn 0.74924421310424805 0 0.66229379177093506
vn 0.76590484380722046 0 0.64295393228530884
vn 0.76590484380722046 0 0.64295393228530884
vn 0.63933026790618896 0 0.7689322829246521
vn 0.67774671316146851 0 0.73529547452926636
vn 0.67774671316146851 0 0.73529547452926636
vn 0.71443325281143188 0 0.69970357418060303
vn 0.67774671316146851 0 0.73529547452926636
vn 0.69631564617156982 0 0.71773570775985718
vn 0.69631564617156982 0 0.71773570775985718
vn 0.63933026790618896 0 0.7689322829246521
vn 0.65874505043029785 0 0.75236624479293823
vn 0.65874505043029785 0 0.75236624479293823
vn 0.55795282125473022 0 0.82987266778945923
vn 0.59934252500534058 0 0.80049270391464233
vn 0.59934252500534058 0 0.80049270391464233
vn 0.37991040945053101 0 0.92502325773239136
vn 0.47066867351531982 0 0.88231003284454346
vn 0.47066867351531982 0 0.88231003284454346
vn 0.59934252500534058 0 0.80049270391464233
vn 0.61952245235443115 0 0.78497892618179321
vn 0.61952245235443115 0 0.78497892618179321
vn 0.47066867351531982 0 0.88231003284454346
vn 0.51484197378158569 0 0.85728508234024048
vn 0.51484197378158569 0 0.85728508234024048
vn 0.55795282125473022 0 0.82987266778945923
vn 0.51484197378158569 0 0.85728508234024048
vn 0.53654223680496216 0 0.84387350082397461
vn 0.53654223680496216 0 0.84387350082397461
vn 0.47066867351531982 0 0.88231003284454346
vn 0.4928760826587677 0 0.87009954452514648
vn 0.4928760826587677 0 0.87009954452514648
vn 0.37991040945053101 0 0.92502325773239136
vn 0.42562660574913025 0 0.90489888191223145
vn 0.42562660574913025 0 0.90489888191223145
vn 0.19105048477649689 0 0.98158019781112671
vn 0.28569704294204712 0 0.95831996202468872
vn 0.28569704294204712 0 0.95831996202468872
vn 0.42562660574913025 0 0.90489888191223145
vn 0.44824406504631042 0 0.89391124248504639
vn 0.44824406504631042 0 0.89391124248504639
vn 0.37991040945053101 0 0.92502325773239136
vn 0.40284064412117004 0 0.91527014970779419
vn 0.40284064412117004 0 0.91527014970779419
vn 0.28569704294204712 0 0.95831996202468872
vn 0.33295288681983948 0 0.94294345378875732
vn 0.33295288681983948 0 0.94294345378875732
vn 0.33295288681983948 0 0.94294345378875732
vn 0.28569704294204712 0 0.95831996202468872
vn 0.30935007333755493 0 0.95094823837280273
vn 0.30935007333755493 0 0.95094823837280273
vn 0.19105048477649689 0 0.98158019781112671
vn 0.23833504319190979 0 0.97118300199508667
vn 0.23833504319190979 0 0.97118300199508667
vn 0 0 1
vn 0.094315044581890106 0 0.99554240703582764
vn 0.094315044581890106 0 0.99554240703582764
vn 0.23833504319190979 0 0.97118300199508667
vn 0.26201760768890381 0 0.96506309509277344
vn 0.26201760768890381 0 0.96506309509277344
vn 0.19105048477649689 0 0.98158019781112671
vn 0.21467199921607971 0 0.97668617963790894
vn 0.21467199921607971 0 0.97668617963790894
vn 0.094315044581890106 0 0.99554240703582764
vn 0.14245997369289398 0 0.98980057239532471
vn 0.14245997369289398 0 0.98980057239532471
vn 0.14245997369289398 0 0.98980057239532471
vn 0.094315044581890106 0 0.99554240703582764
vn 0.11832123994827271 0 0.99297535419464111
vn 0.11832123994827271 0 0.99297535419464111
vn 0 0 1
vn 0.046779096126556396 0 0.9989052414894104
vn 0.046779096126556396 0 0.9989052414894104
vn -0.17962829768657684 0 0.98373454809188843
vn -0.088708475232124329 0 0.99605762958526611
vn -0.088708475232124329 0 0.99605762958526611
vn 0.046779096126556396 0 0.9989052414894104
vn 0.07046133279800415 0 0.99751448631286621
vn 0.07046133279800415 0 0.99751448631286621
vn -0.088708475232124329 0 0.99605762958526611
vn -0.044015180319547653 0 0.99903088808059692
vn -0.044015180319547653 0 0.99903088808059692
vn 0 0 1
vn -0.044015180319547653 0 0.99903088808059692
vn -0.021915677934885025 0 0.99975979328155518
vn -0.021915677934885025 0 0.99975979328155518
vn -0.088708475232124329 0 0.99605762958526611
vn -0.066284410655498505 0 0.99780076742172241
vn -0.066284410655498505 0 0.99780076742172241
vn -0.17962829768657684 0 0.98373454809188843
vn -0.13395766913890839 0 0.99098706245422363
vn -0.13395766913890839 0 0.99098706245422363
vn -0.36344948410987854 0 0.93161392211914062
vn -0.27163878083229065 0 0.96239930391311646
vn -0.27163878083229065 0 0.96239930391311646
vn -0.13395766913890839 0 0.99098706245422363
vn -0.11127170920372009 0 0.99379003047943115
vn -0.11127170920372009 0 0.99379003047943115
vn -0.27163878083229065 0 0.96239930391311646
vn -0.22557428479194641 0 0.97422599792480469
vn -0.22557428479194641 0 0.97422599792480469
vn -0.17962829768657684 0 0.98373454809188843
vn -0.22557428479194641 0 0.97422599792480469
vn -0.20257644355297089 0 0.9792664647102356
vn -0.20257644355297089 0 0.9792664647102356
vn -0.27163878083229065 0 0.96239930391311646
vn -0.24860191345214844 0 0.96860575675964355
vn -0.24860191345214844 0 0.96860575675964355
vn -0.36344948410987854 0 0.93161392211914062
vn -0.31765538454055786 0 0.94820624589920044
vn -0.31765538454055786 0 0.94820624589920044
vn -0.54072701930999756 0 0.8411981463432312
vn -0.45364180207252502 0 0.89118409156799316
vn -0.45364180207252502 0 0.89118409156799316
vn -0.31765538454055786 0 0.94820624589920044
vn -0.36344948410987854 0 0.93161392211914062
vn -0.3405914306640625 0 0.94021141529083252
vn -0.3405914306640625 0 0.94021141529083252
vn -0.45364180207252502 0 0.89118409156799316
vn -0.40884014964103699 0 0.91260600090026855
vn -0.40884014964103699 0 0.91260600090026855
vn -0.40884014964103699 0 0.91260600090026855
vn -0.38620677590370178 0 0.9224122166633606
vn -0.38620677590370178 0 0.9224122166633606
vn -0.45364180207252502 0 0.89118409156799316
vn -0.43132629990577698 0 0.90219599008560181
vn -0.43132629990577698 0 0.90219599008560181
vn -0.54072701930999756 0 0.8411981463432312
vn -0.49766671657562256 0 0.86736834049224854
vn -0.49766671657562256 0 0.86736834049224854
vn -0.69970357418060303 0 0.71443325281143188
vn -0.62321734428405762 0 0.78204870223999023
vn -0.62321734428405762 0 0.78204870223999023
vn -0.49766671657562256 0 0.86736834049224854
vn -0.54072701930999756 0 0.8411981463432312
vn -0.51932913064956665 0 0.85457432270050049
vn -0.51932913064956665 0 0.85457432270050049
vn -0.62321734428405762 0 0.78204870223999023
vn -0.58263736963272095 0 0.81273221969604492
vn -0.58263736963272095 0 0.81273221969604492
vn -0.58263736963272095 0 0.81273221969604492
vn -0.56183737516403198 0 0.82724767923355103
vn -0.56183737516403198 0 0.82724767923355103
vn -0.62321734428405762 0 0.78204870223999023
vn -0.60310465097427368 0 0.79766207933425903
vn -0.60310465097427368 0 0.79766207933425903
vn -0.69970357418060303 0 0.71443325281143188
vn -0.66229379177093506 0 0.74924421310424805
vn -0.66229379177093506 0 0.74924421310424805
vn -0.82987266778945923 0 0.55795282125473022
vn -0.7689322829246521 0 0.63933026790618896
vn -0.7689322829246521 0 0.63933026790618896
vn -0.66229379177093506 0 0.74924421310424805
vn -0.64295393228530884 0 0.76590484380722046
vn -0.64295393228530884 0 0.76590484380722046
vn -0.7689322829246521 0 0.63933026790618896
vn -0.73529547452926636 0 0.67774671316146851
vn -0.73529547452926636 0 0.67774671316146851
vn -0.69970357418060303 0 0.71443325281143188
vn -0.73529547452926636 0 0.67774671316146851
vn -0.71773570775985718 0 0.69631564617156982
vn -0.71773570775985718 0 0.69631564617156982
vn -0.7689322829246521 0 0.63933026790618896
vn -0.75236624479293823 0 0.65874505043029785
vn -0.75236624479293823 0 0.65874505043029785
vn -0.82987266778945923 0 0.55795282125473022
vn -0.80049270391464233 0 0.59934252500534058
vn -0.80049270391464233 0 0.59934252500534058
vn -0.92502325773239136 0 0.37991040945053101
vn -0.88231003284454346 0 0.47066867351531982
vn -0.88231003284454346 0 0.47066867351531982
vn -0.80049270391464233 0 0.59934252500534058
vn -0.78497892618179321 0 0.61952245235443115
vn -0.78497892618179321 0 0.61952245235443115
vn -0.88231003284454346 0 0.47066867351531982
vn -0.85728508234024048 0 0.51484197378158569
vn -0.85728508234024048 0 0.51484197378158569
vn -0.82987266778945923 0 0.55795282125473022
vn -0.85728508234024048 0 0.51484197378158569
vn -0.84387350082397461 0 0.53654223680496216
vn -0.84387350082397461 0 0.53654223680496216
vn -0.88231003284454346 0 0.47066867351531982
vn -0.87009954452514648 0 0.4928760826587677
vn -0.87009954452514648 0 0.4928760826587677
vn -0.92502325773239136 0 0.37991040945053101
vn -0.90489888191223145 0 0.42562660574913025
vn -0.90489888191223145 0 0.42562660574913025
vn -0.98158019781112671 0 0.19105048477649689
vn -0.95831996202468872 0 0.28569704294204712
vn -0.95831996202468872 0 0.28569704294204712
vn -0.90489888191223145 0 0.42562660574913025
vn -0.89391124248504639 0 0.44824406504631042
vn -0.89391124248504639 0 0.44824406504631042
vn -0.92502325773239136 0 0.37991040945053101
vn -0.91527014970779419 0 0.40284064412117004
vn -0.91527014970779419 0 0.40284064412117004
vn -0.95831996202468872 0 0.28569704294204712
vn -0.94294345378875732 0 0.33295288681983948
vn -0.94294345378875732 0 0.33295288681983948
vn -0.94294345378875732 0 0.33295288681983948
vn -0.95831996202468872 0 0.28569704294204712
vn -0.95094823837280273 0 0.30935007333755493
vn -0.95094823837280273 0 0.30935007333755493
vn -0.98158019781112671 0 0.19105048477649689
vn -0.97118300199508667 0 0.23833504319190979
vn -0.97118300199508667 0 0.23833504319190979
vn -1 0 0
vn -0.99554240703582764 0 0.094315044581890106
vn -0.99554240703582764 0 0.094315044581890106
vn -0.97118300199508667 0 0.23833504319190979
vn -0.96506309509277344 0 0.26201760768890381
vn -0.96506309509277344 0 0.26201760768890381
vn -0.98158019781112671 0 0.19105048477649689
vn -0.97668617963790894 0 0.21467199921607971
vn -0.97668617963790894 0 0.21467199921607971
vn -0.99554240703582764 0 0.094315044581890106
vn -0.98980057239532471 0 0.14245997369289398
vn -0.98980057239532471 0 0.14245997369289398
vn -0.98980057239532471 0 0.14245997369289398
vn -0.99554240703582764 0 0.094315044581890106
vn -0.99297535419464111 0 0.11832123994827271
vn -0.99297535419464111 0 0.11832123994827271
vn -1 0 0
vn -0.9989052414894104 0 0.046779096126556396
vn -0.9989052414894104 0 0.046779096126556396
vn -0.98373454809188843 0 -0.17962829768657684
vn -0.99605762958526611 0 -0.088708475232124329
vn -0.99605762958526611 0 -0.088708475232124329
vn -0.9989052414894104 0 0.046779096126556396
vn -0.99751448631286621 0 0.07046133279800415
vn -0.99751448631286621 0 0.07046133279800415
vn -1 0 0
vn -0.99972885847091675 0 0.023286322131752968
vn -0.99972885847091675 0 0.023286322131752968
vn -0.99605762958526611 0 -0.088708475232124329
vn -0.99903088808059692 0 -0.044015180319547653
vn -0.99903088808059692 0 -0.044015180319547653
vn -0.99903088808059692 0 -0.044015180319547653
vn -0.99605762958526611 0 -0.088708475232124329
vn -0.99780076742172241 0 -0.066284410655498505
vn -0.99780076742172241 0 -0.066284410655498505
vn -0.98373454809188843 0 -0.17962829768657684
vn -0.99098706245422363 0 -0.13395766913890839
vn -0.99098706245422363 0 -0.13395766913890839
vn -0.93161392211914062 0 -0.36344948410987854
vn -0.96239930391311646 0 -0.27163878083229065
vn -0.96239930391311646 0 -0.27163878083229065
vn -0.99098706245422363 0 -0.13395766913890839
vn -0.99379003047943115 0 -0.11127170920372009
vn -0.99379003047943115 0 -0.11127170920372009
vn -0.96239930391311646 0 -0.27163878083229065
vn -0.97422599792480469 0 -0.22557428479194641
vn -0.97422599792480469 0 -0.22557428479194641
vn -0.98373454809188843 0 -0.17962829768657684
vn -0.97422599792480469 0 -0.22557428479194641
vn -0.9792664647102356 0 -0.20257644355297089
vn -0.9792664647102356 0 -0.20257644355297089
vn -0.96239930391311646 0 -0.27163878083229065
vn -0.96860575675964355 0 -0.24860191345214844
vn -0.96860575675964355 0 -0.24860191345214844
vn -0.93161392211914062 0 -0.36344948410987854
vn -0.94820624589920044 0 -0.31765538454055786
vn -0.94820624589920044 0 -0.31765538454055786
vn -0.8411981463432312 0 -0.54072701930999756
vn -0.89118409156799316 0 -0.45364180207252502
vn -0.89118409156799316 0 -0.45364180207252502
vn -0.94820624589920044 0 -0.31765538454055786
vn -0.93161392211914062 0 -0.36344948410987854
vn -0.94021141529083252 0 -0.3405914306640625
vn -0.94021141529083252 0 -0.3405914306640625
vn -0.89118409156799316 0 -0.45364180207252502
vn -0.91260600090026855 0 -0.40884014964103699
vn -0.91260600090026855 0 -0.40884014964103699
vn -0.91260600090026855 0 -0.40884014964103699
vn -0.9224122166633606 0 -0.38620677590370178
vn -0.9224122166633606 0 -0.38620677590370178
vn -0.89118409156799316 0 -0.45364180207252502
vn -0.90219599008560181 0 -0.43132629990577698
vn -0.90219599008560181 0 -0.43132629990577698
vn -0.8411981463432312 0 -0.54072701930999756
vn -0.86736834049224854 0 -0.49766671657562256
vn -0.86736834049224854 0 -0.49766671657562256
vn -0.71443325281143188 0 -0.69970357418060303
vn -0.78204870223999023 0 -0.62321734428405762
vn -0.78204870223999023 0 -0.62321734428405762
vn -0.86736834049224854 0 -0.49766671657562256
vn -0.8411981463432312 0 -0.54072701930999756
vn -0.85457432270050049 0 -0.51932913064956665
vn -0.85457432270050049 0 -0.51932913064956665
vn -0.78204870223999023 0 -0.62321734428405762
vn -0.81273221969604492 0 -0.58263736963272095
vn -0.81273221969604492 0 -0.58263736963272095
vn -0.81273221969604492 0 -0.58263736963272095
vn -0.82724767923355103 0 -0.56183737516403198
vn -0.82724767923355103 0 -0.56183737516403198
vn -0.78204870223999023 0 -0.62321734428405762
vn -0.79766207933425903 0 -0.60310465097427368
vn -0.79766207933425903 0 -0.60310465097427368
vn -0.71443325281143188 0 -0.69970357418060303
vn -0.74924421310424805 0 -0.66229379177093506
vn -0.74924421310424805 0 -0.66229379177093506
vn -0.55795282125473022 0 -0.82987266778945923
vn -0.63933026790618896 0 -0.7689322829246521
vn -0.63933026790618896 0 -0.7689322829246521
vn -0.74924421310424805 0 -0.66229379177093506
vn -0.76590484380722046 0 -0.64295393228530884
vn -0.76590484380722046 0 -0.64295393228530884
vn -0.63933026790618896 0 -0.7689322829246521
vn -0.67774671316146851 0 -0.73529547452926636
vn -0.67774671316146851 0 -0.73529547452926636
vn -0.71443325281143188 0 -0.69970357418060303
vn -0.67774671316146851 0 -0.73529547452926636
vn -0.69631564617156982 0 -0.71773570775985718
vn -0.69631564617156982 0 -0.71773570775985718
vn -0.63933026790618896 0 -0.7689322829246521
vn -0.65874505043029785 0 -0.75236624479293823
vn -0.65874505043029785 0 -0.75236624479293823
vn -0.55795282125473022 0 -0.82987266778945923
vn -0.59934252500534058 0 -0.80049270391464233
vn -0.59934252500534058 0 -0.80049270391464233
vn -0.37991040945053101 0 -0.92502325773239136
vn -0.47066867351531982 0 -0.88231003284454346
vn -0.47066867351531982 0 -0.88231003284454346
vn -0.59934252500534058 0 -0.80049270391464233
vn -0.61952245235443115 0 -0.78497892618179321
vn -0.61952245235443115 0 -0.78497892618179321
vn -0.47066867351531982 0 -0.88231003284454346
vn -0.51484197378158569 0 -0.85728508234024048
vn -0.51484197378158569 0 -0.85728508234024048
vn -0.55795282125473022 0 -0.82987266778945923
vn -0.51484197378158569 0 -0.85728508234024048
vn -0.53654223680496216 0 -0.84387350082397461
vn -0.53654223680496216 0 -0.84387350082397461
vn -0.47066867351531982 0 -0.88231003284454346
vn -0.4928760826587677 0 -0.87009954452514648
vn -0.4928760826587677 0 -0.87009954452514648
vn -0.37991040945053101 0 -0.92502325773239136
vn -0.42562660574913025 0 -0.90489888191223145
vn -0.42562660574913025 0 -0.90489888191223145
vn -0.19105048477649689 0 -0.98158019781112671
vn -0.28569704294204712 0 -0.95831996202468872
vn -0.28569704294204712 0 -0.95831996202468872
vn -0.42562660574913025 0 -0.90489888191223145
vn -0.44824406504631042 0 -0.89391124248504639
vn -0.44824406504631042 0 -0.89391124248504639
vn -0.37991040945053101 0 -0.92502325773239136
vn -0.40284064412117004 0 -0.91527014970779419
vn -0.40284064412117004 0 -0.91527014970779419
vn -0.28569704294204712 0 -0.95831996202468872
vn -0.33295288681983948 0 -0.94294345378875732
vn -0.33295288681983948 0 -0.94294345378875732
vn -0.33295288681983948 0 -0.94294345378875732
vn -0.28569704294204712 0 -0.95831996202468872
vn -0.30935007333755493 0 -0.95094823837280273
vn -0.30935007333755493 0 -0.95094823837280273
vn -0.19105048477649689 0 -0.98158019781112671
vn -0.23833504319190979 0 -0.97118300199508667
vn -0.23833504319190979 0 -0.97118300199508667
vn 0 0 -1
vn -0.094315044581890106 0 -0.99554240703582764
vn -0.094315044581890106 0 -0.99554240703582764
vn -0.23833504319190979 0 -0.97118300199508667
vn -0.26201760768890381 0 -0.96506309509277344
vn -0.26201760768890381 0 -0.96506309509277344
vn -0.19105048477649689 0 -0.98158019781112671
vn -0.21467199921607971 0 -0.97668617963790894
vn -0.21467199921607971 0 -0.97668617963790894
vn -0.094315044581890106 0 -0.99554240703582764
vn -0.14245997369289398 0 -0.98980057239532471
vn -0.14245997369289398 0 -0.98980057239532471
vn -0.14245997369289398 0 -0.98980057239532471
vn -0.094315044581890106 0 -0.99554240703582764
vn -0.11832123994827271 0 -0.99297535419464111
vn -0.11832123994827271 0 -0.99297535419464111
vn 0 0 -1
vn -0.046779096126556396 0 -0.9989052414894104
vn -0.046779096126556396 0 -0.9989052414894104
vn 0.17962829768657684 0 -0.98373454809188843
vn 0.088708475232124329 0 -0.99605762958526611
vn 0.088708475232124329 0 -0.99605762958526611
vn -0.046779096126556396 0 -0.9989052414894104
vn -0.07046133279800415 0 -0.99751448631286621
vn -0.07046133279800415 0 -0.99751448631286621
vn 0.088708475232124329 0 -0.99605762958526611
vn 0.044015180319547653 0 -0.99903088808059692
vn 0.044015180319547653 0 -0.99903088808059692
vn 0 0 -1
vn 0.044015180319547653 0 -0.99903088808059692
vn 0.021915677934885025 0 -0.99975979328155518
vn 0.021915677934885025 0 -0.99975979328155518
vn 0.088708475232124329 0 -0.99605762958526611
vn 0.066284410655498505 0 -0.99780076742172241
vn 0.066284410655498505 0 -0.99780076742172241
vn 0.17962829768657684 0 -0.98373454809188843
vn 0.13395766913890839 0 -0.99098706245422363
vn 0.13395766913890839 0 -0.99098706245422363
vn 0.36344948410987854 0 -0.93161392211914062
vn 0.27163878083229065 0 -0.96239930391311646
vn 0.27163878083229065 0 -0.96239930391311646
vn 0.13395766913890839 0 -0.99098706245422363
vn 0.11127170920372009 0 -0.99379003047943115
vn 0.11127170920372009 0 -0.99379003047943115
vn 0.27163878083229065 0 -0.96239930391311646
vn 0.22557428479194641 0 -0.97422599792480469
vn 0.22557428479194641 0 -0.97422599792480469
vn 0.17962829768657684 0 -0.98373454809188843
vn 0.22557428479194641 0 -0.97422599792480469
vn 0.20257644355297089 0 -0.9792664647102356
vn 0.20257644355297089 0 -0.9792664647102356
vn 0.27163878083229065 0 -0.96239930391311646
vn 0.24860191345214844 0 -0.96860575675964355
vn 0.24860191345214844 0 -0.96860575675964355
vn 0.36344948410987854 0 -0.93161392211914062
vn 0.31765538454055786 0 -0.94820624589920044
vn 0.31765538454055786 0 -0.94820624589920044
vn 0.54072701930999756 0 -0.8411981463432312
vn 0.45364180207252502 0 -0.89118409156799316
vn 0.45364180207252502 0 -0.89118409156799316
vn 0.31765538454055786 0 -0.94820624589920044
vn 0.36344948410987854 0 -0.93161392211914062
vn 0.3405914306640625 0 -0.94021141529083252
vn 0.3405914306640625 0 -0.94021141529083252
vn 0.45364180207252502 0 -0.89118409156799316
vn 0.40884014964103699 0 -0.91260600090026855
vn 0.40884014964103699 0 -0.91260600090026855
vn 0.40884014964103699 0 -0.91260600090026855
vn 0.38620677590370178 0 -0.9224122166633606
vn 0.38620677590370178 0 -0.9224122166633606
vn 0.45364180207252502 0 -0.89118409156799316
vn 0.43132629990577698 0 -0.90219599008560181
vn 0.43132629990577698 0 -0.90219599008560181
vn 0.54072701930999756 0 -0.8411981463432312
vn 0.49766671657562256 0 -0.86736834049224854
vn 0.49766671657562256 0 -0.86736834049224854
vn 0.69970357418060303 0 -0.71443325281143188
vn 0.62321734428405762 0 -0.78204870223999023
vn 0.62321734428405762 0 -0.78204870223999023
vn 0.49766671657562256 0 -0.86736834049224854
vn 0.54072701930999756 0 -0.8411981463432312
vn 0.51932913064956665 0 -0.85457432270050049
vn 0.51932913064956665 0 -0.85457432270050049
vn 0.62321734428405762 0 -0.78204870223999023
vn 0.58263736963272095 0 -0.81273221969604492
vn 0.58263736963272095 0 -0.81273221969604492
vn 0.58263736963272095 0 -0.81273221969604492
vn 0.56183737516403198 0 -0.82724767923355103
vn 0.56183737516403198 0 -0.82724767923355103
vn 0.62321734428405762 0 -0.78204870223999023
vn 0.60310465097427368 0 -0.79766207933425903
vn 0.60310465097427368 0 -0.79766207933425903
vn 0.69970357418060303 0 -0.71443325281143188
vn 0.66229379177093506 0 -0.74924421310424805
vn 0.66229379177093506 0 -0.74924421310424805
vn 0.82987266778945923 0 -0.55795282125473022
vn 0.7689322829246521 0 -0.63933026790618896
vn 0.7689322829246521 0 -0.63933026790618896
vn 0.66229379177093506 0 -0.74924421310424805
vn 0.64295393228530884 0 -0.76590484380722046
vn 0.64295393228530884 0 -0.76590484380722046
vn 0.7689322829246521 0 -0.63933026790618896
vn 0.73529547452926636 0 -0.67774671316146851
vn 0.73529547452926636 0 -0.67774671316146851
vn 0.69970357418060303 0 -0.71443325281143188
vn 0.73529547452926636 0 -0.67774671316146851
vn 0.71773570775985718 0 -0.69631564617156982
vn 0.71773570775985718 0 -0.69631564617156982
vn 0.7689322829246521 0 -0.63933026790618896
vn 0.75236624479293823 0 -0.65874505043029785
vn 0.75236624479293823 0 -0.65874505043029785
vn 0.82987266778945923 0 -0.55795282125473022
vn 0.80049270391464233 0 -0.59934252500534058
vn 0.80049270391464233 0 -0.59934252500534058
vn 0.92502325773239136 0 -0.37991040945053101
vn 0.88231003284454346 0 -0.47066867351531982
vn 0.88231003284454346 0 -0.47066867351531982
vn 0.80049270391464233 0 -0.59934252500534058
vn 0.78497892618179321 0 -0.61952245235443115
vn 0.78497892618179321 0 -0.61952245235443115
vn 0.88231003284454346 0 -0.47066867351531982
vn 0.85728508234024048 0 -0.51484197378158569
vn 0.85728508234024048 0 -0.51484197378158569
vn 0.82987266778945923 0 -0.55795282125473022
vn 0.85728508234024048 0 -0.51484197378158569
vn 0.84387350082397461 0 -0.53654223680496216
vn 0.84387350082397461 0 -0.53654223680496216
vn 0.88231003284454346 0 -0.47066867351531982
vn 0.87009954452514648 0 -0.4928760826587677
vn 0.87009954452514648 0 -0.4928760826587677
vn 0.92502325773239136 0 -0.37991040945053101
vn 0.90489888191223145 0 -0.42562660574913025
vn 0.90489888191223145 0 -0.42562660574913025
vn 0.95831996202468872 0 -0.28569704294204712
vn 0.95831996202468872 0 -0.28569704294204712
vn 0.90489888191223145 0 -0.42562660574913025
vn 0.89391124248504639 0 -0.44824406504631042
vn 0.89391124248504639 0 -0.44824406504631042
vn 0.92502325773239136 0 -0.37991040945053101
vn 0.91527014970779419 0 -0.40284064412117004
vn 0.91527014970779419 0 -0.40284064412117004
vn 0.95831996202468872 0 -0.28569704294204712
vn 0.94294345378875732 0 -0.33295288681983948
vn 0.94294345378875732 0 -0.33295288681983948
vn 0.94294345378875732 0 -0.33295288681983948
vn 0.95831996202468872 0 -0.28569704294204712
vn 0.95094823837280273 0 -0.30935007333755493
vn 0.95094823837280273 0 -0.30935007333755493
vn 0.98158019781112671 0 -0.19105048477649689
vn 0.97118300199508667 0 -0.23833504319190979
vn 0.97118300199508667 0 -0.23833504319190979
vn 0.97118300199508667 0 -0.23833504319190979
vn 0.96506309509277344 0 -0.26201760768890381
vn 0.96506309509277344 0 -0.26201760768890381
vn 0.98158019781112671 0 -0.19105048477649689
vn 0.97668617963790894 0 -0.21467199921607971
vn 0.97668617963790894 0 -0.21467199921607971
vn 0.98980057239532471 0 -0.14245997369289398
vn 0.98980057239532471 0 -0.14245997369289398
vn 0.98980057239532471 0 -0.14245997369289398
vn 0.99554240703582764 0 -0.094315044581890106
vn 0.99297535419464111 0 -0.11832123994827271
vn 0.99297535419464111 0 -0.11832123994827271
vn 0.9989052414894104 0 -0.046779096126556396
vn 0.99751448631286621 0 -0.07046133279800415
vn 0.99751448631286621 0 -0.07046133279800415
vn 1 0 0
vn 0.99972885847091675 0 -0.023286322131752968
vn 0.99972885847091675 0 -0.023286322131752968
vn 1 0 0
vn 0.98934334516525269 0 -0.14560116827487946
vn 0.95760059356689453 0 -0.28809911012649536
vn 0.90544825792312622 0 -0.42445668578147888
vn 0.83399778604507446 0 -0.55176776647567749
vn 0.74477219581604004 0 -0.66731882095336914
vn 0.63967299461364746 0 -0.76864713430404663
vn 0.52094036340713501 0 -0.85359311103820801
vn 0.39110472798347473 0 -0.92034620046615601
vn 0.25293338298797607 0 -0.96748369932174683
vn 0.10937120765447617 0 -0.99400097131729126
vn -0.036522023379802704 0 -0.99933284521102905
vn -0.18163685500621796 0 -0.98336565494537354
vn -0.32288041710853577 0 -0.94643974304199219
vn -0.45724231004714966 0 -0.88934212923049927
vn -0.58185893297195435 0 -0.81328976154327393
vn -0.69407421350479126 0 -0.71990346908569336
vn -0.79149651527404785 0 -0.61117368936538696
vn -0.87204939126968384 0 -0.48941785097122192
vn -0.93401610851287842 0 -0.35723090171813965
vn -0.97607588768005371 0 -0.21743017435073853
vn -0.99733227491378784 0 -0.072995312511920929
vn -0.99733227491378784 0 0.072995312511920929
vn -0.97607588768005371 0 0.21743017435073853
vn -0.93401610851287842 0 0.35723090171813965
vn -0.87204939126968384 0 0.48941785097122192
vn -0.79149651527404785 0 0.61117368936538696
vn -0.69407421350479126 0 0.71990346908569336
vn -0.58185893297195435 0 0.81328976154327393
vn -0.45724231004714966 0 0.88934212923049927
vn -0.32288041710853577 0 0.94643974304199219
vn -0.18163685500621796 0 0.98336565494537354
vn -0.036522023379802704 0 0.99933284521102905
vn 0.10937120765447617 0 0.99400097131729126
vn 0.25293338298797607 0 0.96748369932174683
vn 0.39110472798347473 0 0.92034620046615601
vn 0.52094036340713501 0 0.85359311103820801
vn 0.63967299461364746 0 0.76864713430404663
vn 0.74477219581604004 0 0.66731882095336914
vn 0.83399778604507446 0 0.55176776647567749
vn 0.90544825792312622 0 0.42445668578147888
vn 0.95760059356689453 0 0.28809911012649536
vn 0.98934334516525269 0 0.14560116827487946
vn 1 0 0
vn 0.98158019781112671 0 -0.19105048477649689
vn 0.99554240703582764 0 -0.094315044581890106
vn 1 0 0
vn 0.99554240703582764 0 -0.094315044581890106
vn 0.92502325773239136 0 -0.37991040945053101
vn 0.95831996202468872 0 -0.28569704294204712
vn 0.95831996202468872 0 -0.28569704294204712
vn 0.82987266778945923 0 -0.55795282125473022
vn 0.88231003284454346 0 -0.47066867351531982
vn 0.88231003284454346 0 -0.47066867351531982
vn 0.69970357418060303 0 -0.71443325281143188
vn 0.7689322829246521 0 -0.63933026790618896
vn 0.7689322829246521 0 -0.63933026790618896
vn 0.54072701930999756 0 -0.8411981463432312
vn 0.62321734428405762 0 -0.78204870223999023
vn 0.62321734428405762 0 -0.78204870223999023
vn 0.36344948410987854 0 -0.93161392211914062
vn 0.45364180207252502 0 -0.89118409156799316
vn 0.45364180207252502 0 -0.89118409156799316
vn 0.17962829768657684 0 -0.98373454809188843
vn 0.27163878083229065 0 -0.96239930391311646
vn 0.27163878083229065 0 -0.96239930391311646
vn 0 0 -1
vn 0.088708475232124329 0 -0.99605762958526611
vn 0.088708475232124329 0 -0.99605762958526611
vn -0.19105048477649689 0 -0.98158019781112671
vn -0.094315044581890106 0 -0.99554240703582764
vn -0.094315044581890106 0 -0.99554240703582764
vn -0.37991040945053101 0 -0.92502325773239136
vn -0.28569704294204712 0 -0.95831996202468872
vn -0.28569704294204712 0 -0.95831996202468872
vn -0.55795282125473022 0 -0.82987266778945923
vn -0.47066867351531982 0 -0.88231003284454346
vn -0.47066867351531982 0 -0.88231003284454346
vn -0.71443325281143188 0 -0.69970357418060303
vn -0.63933026790618896 0 -0.7689322829246521
vn -0.63933026790618896 0 -0.7689322829246521
vn -0.8411981463432312 0 -0.54072701930999756
vn -0.78204870223999023 0 -0.62321734428405762
vn -0.78204870223999023 0 -0.62321734428405762
vn -0.93161392211914062 0 -0.36344948410987854
vn -0.89118409156799316 0 -0.45364180207252502
vn -0.89118409156799316 0 -0.45364180207252502
vn -0.98373454809188843 0 -0.17962829768657684
vn -0.96239930391311646 0 -0.27163878083229065
vn -0.96239930391311646 0 -0.27163878083229065
vn -1 0 0
vn -0.99605762958526611 0 -0.088708475232124329
vn -0.99605762958526611 0 -0.088708475232124329
vn -0.98158019781112671 0 0.19105048477649689
vn -0.99554240703582764 0 0.094315044581890106
vn -0.99554240703582764 0 0.094315044581890106
vn -0.92502325773239136 0 0.37991040945053101
vn -0.95831996202468872 0 0.28569704294204712
vn -0.95831996202468872 0 0.28569704294204712
vn -0.82987266778945923 0 0.55795282125473022
vn -0.88231003284454346 0 0.47066867351531982
vn -0.88231003284454346 0 0.47066867351531982
vn -0.69970357418060303 0 0.71443325281143188
vn -0.7689322829246521 0 0.63933026790618896
vn -0.7689322829246521 0 0.63933026790618896
vn -0.54072701930999756 0 0.8411981463432312
vn -0.62321734428405762 0 0.78204870223999023
vn -0.62321734428405762 0 0.78204870223999023
vn -0.36344948410987854 0 0.93161392211914062
vn -0.45364180207252502 0 0.89118409156799316
vn -0.45364180207252502 0 0.89118409156799316
vn -0.17962829768657684 0 0.98373454809188843
vn -0.27163878083229065 0 0.96239930391311646
vn -0.27163878083229065 0 0.96239930391311646
vn 0 0 1
vn -0.088708475232124329 0 0.99605762958526611
vn -0.088708475232124329 0 0.99605762958526611
vn 0.19105048477649689 0 0.98158019781112671
vn 0.094315044581890106 0 0.99554240703582764
vn 0.094315044581890106 0 0.99554240703582764
vn 0.37991040945053101 0 0.92502325773239136
vn 0.28569704294204712 0 0.95831996202468872
vn 0.28569704294204712 0 0.95831996202468872
vn 0.55795282125473022 0 0.82987266778945923
vn 0.47066867351531982 0 0.88231003284454346
vn 0.47066867351531982 0 0.88231003284454346
vn 0.71443325281143188 0 0.69970357418060303
vn 0.63933026790618896 0 0.7689322829246521
vn 0.63933026790618896 0 0.7689322829246521
vn 0.8411981463432312 0 0.54072701930999756
vn 0.78204870223999023 0 0.62321734428405762
vn 0.78204870223999023 0 0.62321734428405762
vn 0.93161392211914062 0 0.36344948410987854
vn 0.89118409156799316 0 0.45364180207252502
vn 0.89118409156799316 0 0.45364180207252502
vn 0.98373454809188843 0 0.17962829768657684
vn 0.96239930391311646 0 0.27163878083229065
vn 0.96239930391311646 0 0.27163878083229065
vn 1 0 0
vn 0.99605762958526611 0 0.088708475232124329
vn 0.99605762958526611 0 0.088708475232124329
vn 0 -1 0
vn 0.19105048477649689 -0.98158019781112671 0
vn 0.37991040945053101 -0.92502325773239136 0
vn 0.55795282125473022 -0.82987266778945923 0
vn 0.71443325281143188 -0.69970357418060303 0
vn 0.8411981463432312 -0.54072701930999756 0
vn 0.93161392211914062 -0.36344948410987854 0
vn 0.98373454809188843 -0.17962829768657684 0
vn 1 0 0
vn 0 -1 0
vn 0.18701298534870148 -0.98158019781112671 0.039069559425115585
vn 0.37188172340393066 -0.92502325773239136 0.077691152691841125
vn 0.54616153240203857 -0.82987266778945923 0.11410058289766312
vn 0.69933503866195679 -0.69970357418060303 0.14610061049461365
vn 0.8234209418296814 -0.54072701930999756 0.17202384769916534
vn 0.91192597150802612 -0.36344948410987854 0.19051375985145569
vn 0.96294516324996948 -0.17962829768657684 0.2011723518371582
vn 0 -1 0
vn 0.1755739152431488 -0.98158019781112671 0.075326539576053619
vn 0.34913474321365356 -0.92502325773239136 0.14978939294815063
vn 0.51275432109832764 -0.82987266778945923 0.2199871689081192
vn 0.65655863285064697 -0.69970357418060303 0.28168359398841858
vn 0.77305454015731812 -0.54072701930999756 0.33166387677192688
vn 0.85614597797393799 -0.36344948410987854 0.36731261014938354
vn 0.90404444932937622 -0.17962829768657684 0.38786250352859497
vn 0 -1 0
vn 0.15753045678138733 -0.98158019781112671 0.10809461027383804
vn 0.31325468420982361 -0.92502325773239136 0.214949831366539
vn 0.46005934476852417 -0.82987266778945923 0.31568458676338196
vn 0.58908510208129883 -0.69970357418060303 0.40421977639198303
vn 0.69360888004302979 -0.54072701930999756 0.47594219446182251
vn 0.7681611180305481 -0.36344948410987854 0.52709859609603882
vn 0.81113713979721069 -0.17962829768657684 0.55658799409866333
vn 0 -1 0
vn 0.13375252485275269 -0.98158019781112671 0.13642048835754395
vn 0.26597145199775696 -0.92502325773239136 0.2712768018245697
vn 0.39061716198921204 -0.82987266778945923 0.39840883016586304
vn 0.50016754865646362 -0.69970357418060303 0.51014441251754761
vn 0.58891433477401733 -0.54072701930999756 0.60066145658493042
vn 0.65221351385116577 -0.36344948410987854 0.66522330045700073
vn 0.68870264291763306 -0.17962829768657684 0.70244026184082031
vn 0 -1 0
vn 0.10496259480714798 -0.98158019781112671 0.15963439643383026
vn 0.20872169733047485 -0.92502325773239136 0.31743845343589783
vn 0.3065376877784729 -0.82987266778945923 0.46620383858680725
vn 0.39250758290290833 -0.69970357418060303 0.59695285558700562
vn 0.46215185523033142 -0.54072701930999756 0.702872633934021
vn 0.5118260383605957 -0.36344948410987854 0.77842056751251221
vn 0.54046094417572021 -0.17962829768657684 0.82197058200836182
vn 0 -1 0
vn 0.072239488363265991 -0.98158019781112671 0.17686645686626434
vn 0.14365068078041077 -0.92502325773239136 0.35170501470565796
vn 0.21097159385681152 -0.82987266778945923 0.5165291428565979
vn 0.27013954520225525 -0.69970357418060303 0.66139209270477295
vn 0.31807151436805725 -0.54072701930999756 0.77874565124511719
vn 0.35225927829742432 -0.36344948410987854 0.86244875192642212
vn 0.37196701765060425 -0.17962829768657684 0.91069984436035156
vn 0 -1 0
vn 0.03680940717458725 -0.98158019781112671 0.187470942735672
vn 0.073196761310100555 -0.92502325773239136 0.37279239296913147
vn 0.10749992728233337 -0.82987266778945923 0.54749900102615356
vn 0.13764877617359161 -0.69970357418060303 0.70104759931564331
vn 0.16207236051559448 -0.54072701930999756 0.82543736696243286
vn 0.17949263751506805 -0.36344948410987854 0.91415911912918091
vn 0.18953463435173035 -0.17962829768657684 0.96530324220657349
vn 0 -1 0
vn 0 -0.98158019781112671 0.19105048477649689
vn 0 -0.92502325773239136 0.37991040945053101
vn 0 -0.82987266778945923 0.55795282125473022
vn 0 -0.69970357418060303 0.71443325281143188
vn 0 -0.54072701930999756 0.8411981463432312
vn 0 -0.36344948410987854 0.93161392211914062
vn 0 -0.17962829768657684 0.98373454809188843
vn 0 -1 0
vn -0.039069559425115585 -0.98158019781112671 0.18701298534870148
vn -0.077691152691841125 -0.92502325773239136 0.37188172340393066
vn -0.11410058289766312 -0.82987266778945923 0.54616153240203857
vn -0.14610061049461365 -0.69970357418060303 0.69933503866195679
vn -0.17202384769916534 -0.54072701930999756 0.8234209418296814
vn -0.19051375985145569 -0.36344948410987854 0.91192597150802612
vn -0.2011723518371582 -0.17962829768657684 0.96294516324996948
vn 0 -1 0
vn -0.075326539576053619 -0.98158019781112671 0.1755739152431488
vn -0.14978939294815063 -0.92502325773239136 0.34913474321365356
vn -0.2199871689081192 -0.82987266778945923 0.51275432109832764
vn -0.28168359398841858 -0.69970357418060303 0.65655863285064697
vn -0.33166387677192688 -0.54072701930999756 0.77305454015731812
vn -0.36731261014938354 -0.36344948410987854 0.85614597797393799
vn -0.38786250352859497 -0.17962829768657684 0.90404444932937622
vn 0 -1 0
vn -0.10809461027383804 -0.98158019781112671 0.15753045678138733
vn -0.214949831366539 -0.92502325773239136 0.31325468420982361
vn -0.31568458676338196 -0.82987266778945923 0.46005934476852417
vn -0.40421977639198303 -0.69970357418060303 0.58908510208129883
vn -0.47594219446182251 -0.54072701930999756 0.69360888004302979
vn -0.52709859609603882 -0.36344948410987854 0.7681611180305481
vn -0.55658799409866333 -0.17962829768657684 0.81113713979721069
vn 0 -1 0
vn -0.13642048835754395 -0.98158019781112671 0.13375252485275269
vn -0.2712768018245697 -0.92502325773239136 0.26597145199775696
vn -0.39840883016586304 -0.82987266778945923 0.39061716198921204
vn -0.51014441251754761 -0.69970357418060303 0.50016754865646362
vn -0.60066145658493042 -0.54072701930999756 0.58891433477401733
vn -0.66522330045700073 -0.36344948410987854 0.65221351385116577
vn -0.70244026184082031 -0.17962829768657684 0.68870264291763306
vn 0 -1 0
vn -0.15963439643383026 -0.98158019781112671 0.10496259480714798
vn -0.31743845343589783 -0.92502325773239136 0.20872169733047485
vn -0.46620383858680725 -0.82987266778945923 0.3065376877784729
vn -0.59695285558700562 -0.69970357418060303 0.39250758290290833
vn -0.702872633934021 -0.54072701930999756 0.46215185523033142
vn -0.77842056751251221 -0.36344948410987854 0.5118260383605957
vn -0.82197058200836182 -0.17962829768657684 0.54046094417572021
vn 0 -1 0
vn -0.17686645686626434 -0.98158019781112671 0.072239488363265991
vn -0.35170501470565796 -0.92502325773239136 0.14365068078041077
vn -0.5165291428565979 -0.82987266778945923 0.21097159385681152
vn -0.66139209270477295 -0.69970357418060303 0.27013954520225525
vn -0.77874565124511719 -0.54072701930999756 0.31807151436805725
vn -0.86244875192642212 -0.36344948410987854 0.35225927829742432
vn -0.91069984436035156 -0.17962829768657684 0.37196701765060425
vn 0 -1 0
vn -0.187470942735672 -0.98158019781112671 0.03680940717458725
vn -0.37279239296913147 -0.92502325773239136 0.073196761310100555
vn -0.54749900102615356 -0.82987266778945923 0.10749992728233337
vn -0.70104759931564331 -0.69970357418060303 0.13764877617359161
vn -0.82543736696243286 -0.54072701930999756 0.16207236051559448
vn -0.91415911912918091 -0.36344948410987854 0.17949263751506805
vn -0.96530324220657349 -0.17962829768657684 0.18953463435173035
vn 0 -1 0
vn -0.19105048477649689 -0.98158019781112671 0
vn -0.37991040945053101 -0.92502325773239136 0
vn -0.55795282125473022 -0.82987266778945923 0
vn -0.71443325281143188 -0.69970357418060303 0
vn -0.8411981463432312 -0.54072701930999756 0
vn -0.93161392211914062 -0.36344948410987854 0
vn -0.98373454809188843 -0.17962829768657684 0
vn 0 -1 0
vn -0.18701298534870148 -0.98158019781112671 -0.039069559425115585
vn -0.37188172340393066 -0.92502325773239136 -0.077691152691841125
vn -0.54616153240203857 -0.82987266778945923 -0.11410058289766312
vn -0.69933503866195679 -0.69970357418060303 -0.14610061049461365
vn -0.8234209418296814 -0.54072701930999756 -0.17202384769916534
vn -0.91192597150802612 -0.36344948410987854 -0.19051375985145569
vn -0.96294516324996948 -0.17962829768657684 -0.2011723518371582
vn 0 -1 0
vn -0.1755739152431488 -0.98158019781112671 -0.075326539576053619
vn -0.34913474321365356 -0.92502325773239136 -0.14978939294815063
vn -0.51275432109832764 -0.82987266778945923 -0.2199871689081192
vn -0.65655863285064697 -0.69970357418060303 -0.28168359398841858
vn -0.77305454015731812 -0.54072701930999756 -0.33166387677192688
vn -0.85614597797393799 -0.36344948410987854 -0.36731261014938354
vn -0.90404444932937622 -0.17962829768657684 -0.38786250352859497
vn 0 -1 0
vn -0.15753045678138733 -0.98158019781112671 -0.10809461027383804
vn -0.31325468420982361 -0.92502325773239136 -0.214949831366539
vn -0.46005934476852417 -0.82987266778945923 -0.31568458676338196
vn -0.58908510208129883 -0.69970357418060303 -0.40421977639198303
vn -0.69360888004302979 -0.54072701930999756 -0.47594219446182251
vn -0.7681611180305481 -0.36344948410987854 -0.52709859609603882
vn -0.81113713979721069 -0.17962829768657684 -0.55658799409866333
vn 0 -1 0
vn -0.13375252485275269 -0.98158019781112671 -0.13642048835754395
vn -0.26597145199775696 -0.92502325773239136 -0.2712768018245697
vn -0.39061716198921204 -0.82987266778945923 -0.39840883016586304
vn -0.50016754865646362 -0.69970357418060303 -0.51014441251754761
vn -0.58891433477401733 -0.54072701930999756 -0.60066145658493042
vn -0.65221351385116577 -0.36344948410987854 -0.66522330045700073
vn -0.68870264291763306 -0.17962829768657684 -0.70244026184082031
vn 0 -1 0
vn -0.10496259480714798 -0.98158019781112671 -0.15963439643383026
vn -0.20872169733047485 -0.92502325773239136 -0.31743845343589783
vn -0.3065376877784729 -0.82987266778945923 -0.46620383858680725
vn -0.39250758290290833 -0.69970357418060303 -0.59695285558700562
vn -0.46215185523033142 -0.54072701930999756 -0.702872633934021
vn -0.5118260383605957 -0.36344948410987854 -0.77842056751251221
vn -0.54046094417572021 -0.17962829768657684 -0.82197058200836182
vn 0 -1 0
vn -0.072239488363265991 -0.98158019781112671 -0.17686645686626434
vn -0.14365068078041077 -0.92502325773239136 -0.35170501470565796
vn -0.21097159385681152 -0.82987266778945923 -0.5165291428565979
vn -0.27013954520225525 -0.69970357418060303 -0.66139209270477295
vn -0.31807151436805725 -0.54072701930999756 -0.77874565124511719
vn -0.35225927829742432 -0.36344948410987854 -0.86244875192642212
vn -0.37196701765060425 -0.17962829768657684 -0.91069984436035156
vn 0 -1 0
vn -0.03680940717458725 -0.98158019781112671 -0.187470942735672
vn -0.073196761310100555 -0.92502325773239136 -0.37279239296913147
vn -0.10749992728233337 -0.82987266778945923 -0.54749900102615356
vn -0.13764877617359161 -0.69970357418060303 -0.70104759931564331
vn -0.16207236051559448 -0.54072701930999756 -0.82543736696243286
vn -0.17949263751506805 -0.36344948410987854 -0.91415911912918091
vn -0.18953463435173035 -0.17962829768657684 -0.96530324220657349
vn 0 -1 0
vn 0 -0.98158019781112671 -0.19105048477649689
vn 0 -0.92502325773239136 -0.37991040945053101
vn 0 -0.82987266778945923 -0.55795282125473022
vn 0 -0.69970357418060303 -0.71443325281143188
vn 0 -0.54072701930999756 -0.8411981463432312
vn 0 -0.36344948410987854 -0.93161392211914062
vn 0 -0.17962829768657684 -0.98373454809188843
vn 0 -1 0
vn 0.039069559425115585 -0.98158019781112671 -0.18701298534870148
vn 0.077691152691841125 -0.92502325773239136 -0.37188172340393066
vn 0.11410058289766312 -0.82987266778945923 -0.54616153240203857
vn 0.14610061049461365 -0.69970357418060303 -0.69933503866195679
vn 0.17202384769916534 -0.54072701930999756 -0.8234209418296814
vn 0.19051375985145569 -0.36344948410987854 -0.91192597150802612
vn 0.2011723518371582 -0.17962829768657684 -0.96294516324996948
vn 0 -1 0
vn 0.075326539576053619 -0.98158019781112671 -0.1755739152431488
vn 0.14978939294815063 -0.92502325773239136 -0.34913474321365356
vn 0.2199871689081192 -0.82987266778945923 -0.51275432109832764
vn 0.28168359398841858 -0.69970357418060303 -0.65655863285064697
vn 0.33166387677192688 -0.54072701930999756 -0.77305454015731812
vn 0.36731261014938354 -0.36344948410987854 -0.85614597797393799
vn 0.38786250352859497 -0.17962829768657684 -0.90404444932937622
vn 0 -1 0
vn 0.10809461027383804 -0.98158019781112671 -0.15753045678138733
vn 0.214949831366539 -0.92502325773239136 -0.31325468420982361
vn 0.31568458676338196 -0.82987266778945923 -0.46005934476852417
vn 0.40421977639198303 -0.69970357418060303 -0.58908510208129883
vn 0.47594219446182251 -0.54072701930999756 -0.69360888004302979
vn 0.52709859609603882 -0.36344948410987854 -0.7681611180305481
vn 0.55658799409866333 -0.17962829768657684 -0.81113713979721069
vn 0 -1 0
vn 0.13642048835754395 -0.98158019781112671 -0.13375252485275269
vn 0.2712768018245697 -0.92502325773239136 -0.26597145199775696
vn 0.39840883016586304 -0.82987266778945923 -0.39061716198921204
vn 0.51014441251754761 -0.69970357418060303 -0.50016754865646362
vn 0.60066145658493042 -0.54072701930999756 -0.58891433477401733
vn 0.66522330045700073 -0.36344948410987854 -0.65221351385116577
vn 0.70244026184082031 -0.17962829768657684 -0.68870264291763306
vn 0 -1 0
vn 0.15963439643383026 -0.98158019781112671 -0.10496259480714798
vn 0.31743845343589783 -0.92502325773239136 -0.20872169733047485
vn 0.46620383858680725 -0.82987266778945923 -0.3065376877784729
vn 0.59695285558700562 -0.69970357418060303 -0.39250758290290833
vn 0.702872633934021 -0.54072701930999756 -0.46215185523033142
vn 0.77842056751251221 -0.36344948410987854 -0.5118260383605957
vn 0.82197058200836182 -0.17962829768657684 -0.54046094417572021
vn 0 -1 0
vn 0.17686645686626434 -0.98158019781112671 -0.072239488363265991
vn 0.35170501470565796 -0.92502325773239136 -0.14365068078041077
vn 0.5165291428565979 -0.82987266778945923 -0.21097159385681152
vn 0.66139209270477295 -0.69970357418060303 -0.27013954520225525
vn 0.77874565124511719 -0.54072701930999756 -0.31807151436805725
vn 0.86244875192642212 -0.36344948410987854 -0.35225927829742432
vn 0.91069984436035156 -0.17962829768657684 -0.37196701765060425
vn 0 -1 0
vn 0.187470942735672 -0.98158019781112671 -0.03680940717458725
vn 0.37279239296913147 -0.92502325773239136 -0.073196761310100555
vn 0.54749900102615356 -0.82987266778945923 -0.10749992728233337
vn 0.70104759931564331 -0.69970357418060303 -0.13764877617359161
vn 0.82543736696243286 -0.54072701930999756 -0.16207236051559448
vn 0.91415911912918091 -0.36344948410987854 -0.17949263751506805
vn 0.96530324220657349 -0.17962829768657684 -0.18953463435173035
vn 0 -1 0
vn 0.19105048477649689 -0.98158019781112671 0
vn 0.37991040945053101 -0.92502325773239136 0
vn 0.55795282125473022 -0.82987266778945923 0
vn 0.71443325281143188 -0.69970357418060303 0
vn 0.8411981463432312 -0.54072701930999756 0
vn 0.93161392211914062 -0.36344948410987854 0
vn 0.98373454809188843 -0.17962829768657684 0
vn 1 0 0
vn 0.98934334516525269 0 -0.14560116827487946
vn 0.95760059356689453 0 -0.28809911012649536
vn 0.90544825792312622 0 -0.42445668578147888
vn 0.83399778604507446 0 -0.55176776647567749
vn 0.74477219581604004 0 -0.66731882095336914
vn 0.63967299461364746 0 -0.76864713430404663
vn 0.52094036340713501 0 -0.85359311103820801
vn 0.39110472798347473 0 -0.92034620046615601
vn 0.25293338298797607 0 -0.96748369932174683
vn 0.10937120765447617 0 -0.99400097131729126
vn -0.036522023379802704 0 -0.99933284521102905
vn -0.18163685500621796 0 -0.98336565494537354
vn -0.32288041710853577 0 -0.94643974304199219
vn -0.45724231004714966 0 -0.88934212923049927
vn -0.58185893297195435 0 -0.81328976154327393
vn -0.69407421350479126 0 -0.71990346908569336
vn -0.79149651527404785 0 -0.61117368936538696
vn -0.87204939126968384 0 -0.48941785097122192
vn -0.93401610851287842 0 -0.35723090171813965
vn -0.97607588768005371 0 -0.21743017435073853
vn -0.99733227491378784 0 -0.072995312511920929
vn -0.99733227491378784 0 0.072995312511920929
vn -0.97607588768005371 0 0.21743017435073853
vn -0.93401610851287842 0 0.35723090171813965
vn -0.87204939126968384 0 0.48941785097122192
vn -0.79149651527404785 0 0.61117368936538696
vn -0.69407421350479126 0 0.71990346908569336
vn -0.58185893297195435 0 0.81328976154327393
vn -0.45724231004714966 0 0.88934212923049927
vn -0.32288041710853577 0 0.94643974304199219
vn -0.18163685500621796 0 0.98336565494537354
vn -0.036522023379802704 0 0.99933284521102905
vn 0.10937120765447617 0 0.99400097131729126
vn 0.25293338298797607 0 0.96748369932174683
vn 0.39110472798347473 0 0.92034620046615601
vn 0.52094036340713501 0 0.85359311103820801
vn 0.63967299461364746 0 0.76864713430404663
vn 0.74477219581604004 0 0.66731882095336914
vn 0.83399778604507446 0 0.55176776647567749
vn 0.90544825792312622 0 0.42445668578147888
vn 0.95760059356689453 0 0.28809911012649536
vn 0.98934334516525269 0 0.14560116827487946
f 102/102/102 100/100/100 94/94/94 101/101/101
f 99/99/99 102/102/102 101/101/101 96/96/96
f 101/101/101 94/94/94 74/74/74
f 95/95/95 96/96/96 101/101/101
f 74/74/74 95/95/95 101/101/101
f 93/93/93 96/96/96 95/95/95 76/76/76
f 78/78/78 76/76/76 95/95/95
f 95/95/95 74/74/74 73/73/73
f 73/73/73 75/75/75 78/78/78
f 78/78/78 95/95/95 73/73/73
f 77/77/77 76/76/76 78/78/78 80/80/80
f 84/84/84 80/80/80 78/78/78
f 75/75/75 79/79/79 84/84/84
f 78/78/78 75/75/75 84/84/84
f 83/83/83 80/80/80 84/84/84 86/86/86
f 86/86/86 84/84/84 79/79/79 85/85/85
f 105/105/105 103/103/103 98/98/98 104/104/104
f 94/94/94 105/105/105 104/104/104 74/74/74
f 98/98/98 106/106/106 109/109/109 107/107/107
f 109/109/109 112/112/112 114/114/114 111/111/111
f 111/111/111 114/114/114 113/113/113 108/108/108
f 111/111/111 108/108/108 97/97/97
f 107/107/107 109/109/109 111/111/111
f 97/97/97 107/107/107 111/111/111
f 104/104/104 98/98/98 107/107/107
f 107/107/107 97/97/97 73/73/73
f 73/73/73 74/74/74 104/104/104
f 104/104/104 107/107/107 73/73/73
f 115/115/115 110/110/110 120/120/120
f 120/120/120 81/81/81 73/73/73
f 73/73/73 97/97/97 115/115/115
f 115/115/115 120/120/120 73/73/73
f 97/97/97 108/108/108 117/117/117 115/115/115
f 115/115/115 117/117/117 116/116/116 110/110/110
f 123/123/123 119/119/119 81/81/81
f 120/120/120 121/121/121 123/123/123
f 81/81/81 120/120/120 123/123/123
f 120/120/120 110/110/110 118/118/118 121/121/121
f 119/119/119 123/123/123 125/125/125 122/122/122
f 123/123/123 121/121/121 124/124/124 125/125/125
f 85/85/85 79/79/79 90/90/90 92/92/92
f 92/92/92 90/90/90 89/89/89 91/91/91
f 90/90/90 79/79/79 75/75/75
f 87/87/87 89/89/89 90/90/90
f 75/75/75 87/87/87 90/90/90
f 89/89/89 87/87/87 82/82/82 88/88/88
f 127/127/127 82/82/82 87/87/87
f 87/87/87 75/75/75 73/73/73
f 73/73/73 81/81/81 127/127/127
f 127/127/127 87/87/87 73/73/73
f 82/82/82 127/127/127 128/128/128 126/126/126
f 127/127/127 81/81/81 119/119/119 128/128/128
f 43/43/43 44/44/44 116/116/116
f 44/44/44 45/45/45 116/116/116
f 45/45/45 46/46/46 110/110/110
f 45/45/45 110/110/110 116/116/116
f 46/46/46 47/47/47 118/118/118
f 38/38/38 39/39/39 113/113/113
f 40/40/40 117/117/117 39/39/39
f 117/117/117 42/42/42 116/116/116
f 43/43/43 116/116/116 42/42/42
f 40/40/40 41/41/41 117/117/117
f 42/42/42 117/117/117 41/41/41
f 117/117/117 113/113/113 39/39/39
f 48/48/48 118/118/118 47/47/47
f 51/51/51 124/124/124 50/50/50
f 52/52/52 124/124/124 51/51/51
f 54/54/54 125/125/125 53/53/53
f 53/53/53 125/125/125 124/124/124
f 52/52/52 53/53/53 124/124/124
f 122/122/122 54/54/54 55/55/55
f 121/121/121 50/50/50 124/124/124
f 48/48/48 49/49/49 118/118/118
f 50/50/50 118/118/118 49/49/49
f 46/46/46 118/118/118 110/110/110
f 54/54/54 122/122/122 125/125/125
f 119/119/119 122/122/122 128/128/128
f 121/121/121 118/118/118 50/50/50
f 122/122/122 55/55/55 56/56/56
f 35/35/35 36/36/36 114/114/114
f 37/37/37 113/113/113 36/36/36
f 117/117/117 108/108/108 113/113/113
f 36/36/36 113/113/113 114/114/114
f 113/113/113 37/37/37 38/38/38
f 112/112/112 35/35/35 114/114/114
f 32/32/32 33/33/33 112/112/112
f 34/34/34 112/112/112 33/33/33
f 31/31/31 32/32/32 106/106/106
f 106/106/106 30/30/30 31/31/31
f 30/30/30 106/106/106 29/29/29
f 109/109/109 32/32/32 112/112/112
f 112/112/112 34/34/34 35/35/35
f 28/28/28 106/106/106 98/98/98
f 29/29/29 106/106/106 28/28/28
f 32/32/32 109/109/109 106/106/106
f 27/27/27 98/98/98 103/103/103
f 105/105/105 24/24/24 103/103/103
f 27/27/27 103/103/103 26/26/26
f 28/28/28 98/98/98 27/27/27
f 25/25/25 103/103/103 24/24/24
f 103/103/103 25/25/25 26/26/26
f 23/23/23 24/24/24 105/105/105
f 105/105/105 21/21/21 22/22/22
f 22/22/22 23/23/23 105/105/105
f 100/100/100 20/20/20 21/21/21
f 105/105/105 100/100/100 21/21/21
f 128/128/128 122/122/122 57/57/57
f 57/57/57 58/58/58 128/128/128
f 60/60/60 128/128/128 59/59/59
f 58/58/58 59/59/59 128/128/128
f 60/60/60 61/61/61 126/126/126
f 126/126/126 128/128/128 60/60/60
f 63/63/63 82/82/82 126/126/126
f 63/63/63 64/64/64 82/82/82
f 64/64/64 88/88/88 82/82/82
f 65/65/65 88/88/88 64/64/64
f 62/62/62 63/63/63 126/126/126
f 126/126/126 61/61/61 62/62/62
f 88/88/88 66/66/66 67/67/67
f 65/65/65 66/66/66 88/88/88
f 88/88/88 67/67/67 68/68/68
f 91/91/91 89/89/89 68/68/68
f 91/91/91 68/68/68 69/69/69
f 89/89/89 88/88/88 68/68/68
f 70/70/70 91/91/91 69/69/69
f 71/71/71 92/92/92 91/91/91
f 72/72/72 85/85/85 92/92/92
f 72/72/72 1/1/1 85/85/85
f 1/1/1 2/2/2 85/85/85
f 71/71/71 72/72/72 92/92/92
f 71/71/71 91/91/91 70/70/70
f 86/86/86 85/85/85 2/2/2
f 18/18/18 100/100/100 102/102/102
f 105/105/105 94/94/94 100/100/100
f 12/12/12 13/13/13 93/93/93
f 14/14/14 96/96/96 93/93/93
f 93/93/93 76/76/76 10/10/10
f 93/93/93 13/13/13 14/14/14
f 18/18/18 102/102/102 17/17/17
f 100/100/100 18/18/18 19/19/19
f 15/15/15 99/99/99 14/14/14
f 96/96/96 14/14/14 99/99/99
f 99/99/99 15/15/15 16/16/16
f 17/17/17 99/99/99 16/16/16
f 102/102/102 99/99/99 17/17/17
f 20/20/20 100/100/100 19/19/19
f 3/3/3 83/83/83 86/86/86
f 6/6/6 80/80/80 83/83/83
f 4/4/4 5/5/5 83/83/83
f 5/5/5 6/6/6 83/83/83
f 3/3/3 4/4/4 83/83/83
f 3/3/3 86/86/86 2/2/2
f 77/77/77 80/80/80 6/6/6
f 11/11/11 93/93/93 10/10/10
f 93/93/93 11/11/11 12/12/12
f 8/8/8 77/77/77 7/7/7
f 6/6/6 7/7/7 77/77/77
f 77/77/77 8/8/8 9/9/9
f 76/76/76 9/9/9 10/10/10
f 9/9/9 76/76/76 77/77/77
f 57/57/57 122/122/122 56/56/56
f 139/139/139 131/131/131 130/130/130 138/138/138
f 140/140/140 132/132/132 131/131/131 139/139/139
f 141/141/141 133/133/133 132/132/132 140/140/140
f 142/142/142 134/134/134 133/133/133 141/141/141
f 143/143/143 135/135/135 134/134/134 142/142/142
f 144/144/144 136/136/136 135/135/135 143/143/143
f 147/147/147 139/139/139 138/138/138 146/146/146
f 148/148/148 140/140/140 139/139/139 147/147/147
f 149/149/149 141/141/141 140/140/140 148/148/148
f 150/150/150 142/142/142 141/141/141 149/149/149
f 151/151/151 143/143/143 142/142/142 150/150/150
f 152/152/152 144/144/144 143/143/143 151/151/151
f 155/155/155 147/147/147 146/146/146 154/154/154
f 156/156/156 148/148/148 147/147/147 155/155/155
f 157/157/157 149/149/149 148/148/148 156/156/156
f 158/158/158 150/150/150 149/149/149 157/157/157
f 159/159/159 151/151/151 150/150/150 158/158/158
f 160/160/160 152/152/152 151/151/151 159/159/159
f 163/163/163 155/155/155 154/154/154 162/162/162
f 164/164/164 156/156/156 155/155/155 163/163/163
f 165/165/165 157/157/157 156/156/156 164/164/164
f 166/166/166 158/158/158 157/157/157 165/165/165
f 167/167/167 159/159/159 158/158/158 166/166/166
f 168/168/168 160/160/160 159/159/159 167/167/167
f 171/171/171 163/163/163 162/162/162 170/170/170
f 172/172/172 164/164/164 163/163/163 171/171/171
f 173/173/173 165/165/165 164/164/164 172/172/172
f 174/174/174 166/166/166 165/165/165 173/173/173
f 175/175/175 167/167/167 166/166/166 174/174/174
f 176/176/176 168/168/168 167/167/167 175/175/175
f 179/179/179 171/171/171 170/170/170 178/178/178
f 180/180/180 172/172/172 171/171/171 179/179/179
f 181/181/181 173/173/173 172/172/172 180/180/180
f 182/182/182 174/174/174 173/173/173 181/181/181
f 183/183/183 175/175/175 174/174/174 182/182/182
f 184/184/184 176/176/176 175/175/175 183/183/183
f 187/187/187 179/179/179 178/178/178 186/186/186
f 188/188/188 180/180/180 179/179/179 187/187/187
f 189/189/189 181/181/181 180/180/180 188/188/188
f 190/190/190 182/182/182 181/181/181 189/189/189
f 191/191/191 183/183/183 182/182/182 190/190/190
f 192/192/192 184/184/184 183/183/183 191/191/191
f 195/195/195 187/187/187 186/186/186 194/194/194
f 196/196/196 188/188/188 187/187/187 195/195/195
f 197/197/197 189/189/189 188/188/188 196/196/196
f 198/198/198 190/190/190 189/189/189 197/197/197
f 199/199/199 191/191/191 190/190/190 198/198/198
f 200/200/200 192/192/192 191/191/191 199/199/199
f 203/203/203 195/195/195 194/194/194 202/202/202
f 204/204/204 196/196/196 195/195/195 203/203/203
f 205/205/205 197/197/197 196/196/196 204/204/204
f 206/206/206 198/198/198 197/197/197 205/205/205
f 207/207/207 199/199/199 198/198/198 206/206/206
f 208/208/208 200/200/200 199/199/199 207/207/207
f 211/211/211 203/203/203 202/202/202 210/210/210
f 212/212/212 204/204/204 203/203/203 211/211/211
f 213/213/213 205/205/205 204/204/204 212/212/212
f 214/214/214 206/206/206 205/205/205 213/213/213
f 215/215/215 207/207/207 206/206/206 214/214/214
f 216/216/216 208/208/208 207/207/207 215/215/215
f 219/219/219 211/211/211 210/210/210 218/218/218
f 220/220/220 212/212/212 211/211/211 219/219/219
f 221/221/221 213/213/213 212/212/212 220/220/220
f 222/222/222 214/214/214 213/213/213 221/221/221
f 223/223/223 215/215/215 214/214/214 222/222/222
f 224/224/224 216/216/216 215/215/215 223/223/223
f 227/227/227 219/219/219 218/218/218 226/226/226
f 228/228/228 220/220/220 219/219/219 227/227/227
f 229/229/229 221/221/221 220/220/220 228/228/228
f 230/230/230 222/222/222 221/221/221 229/229/229
f 231/231/231 223/223/223 222/222/222 230/230/230
f 232/232/232 224/224/224 223/223/223 231/231/231
f 235/235/235 227/227/227 226/226/226 234/234/234
f 236/236/236 228/228/228 227/227/227 235/235/235
f 237/237/237 229/229/229 228/228/228 236/236/236
f 238/238/238 230/230/230 229/229/229 237/237/237
f 239/239/239 231/231/231 230/230/230 238/238/238
f 240/240/240 232/232/232 231/231/231 239/239/239
f 243/243/243 235/235/235 234/234/234 242/242/242
f 244/244/244 236/236/236 235/235/235 243/243/243
f 245/245/245 237/237/237 236/236/236 244/244/244
f 246/246/246 238/238/238 237/237/237 245/245/245
f 247/247/247 239/239/239 238/238/238 246/246/246
f 248/248/248 240/240/240 239/239/239 247/247/247
f 251/251/251 243/243/243 242/242/242 250/250/250
f 252/252/252 244/244/244 243/243/243 251/251/251
f 253/253/253 245/245/245 244/244/244 252/252/252
f 254/254/254 246/246/246 245/245/245 253/253/253
f 255/255/255 247/247/247 246/246/246 254/254/254
f 256/256/256 248/248/248 247/247/247 255/255/255
f 259/259/259 251/251/251 250/250/250 258/258/258
f 260/260/260 252/252/252 251/251/251 259/259/259
f 261/261/261 253/253/253 252/252/252 260/260/260
f 262/262/262 254/254/254 253/253/253 261/261/261
f 263/263/263 255/255/255 254/254/254 262/262/262
f 264/264/264 256/256/256 255/255/255 263/263/263
f 267/267/267 259/259/259 258/258/258 266/266/266
f 268/268/268 260/260/260 259/259/259 267/267/267
f 269/269/269 261/261/261 260/260/260 268/268/268
f 270/270/270 262/262/262 261/261/261 269/269/269
f 271/271/271 263/263/263 262/262/262 270/270/270
f 272/272/272 264/264/264 263/263/263 271/271/271
f 276/276/276 267/267/267 266/266/266 275/275/275
f 277/277/277 268/268/268 267/267/267 276/276/276
f 278/278/278 269/269/269 268/268/268 277/277/277
f 279/279/279 270/270/270 269/269/269 278/278/278
f 280/280/280 271/271/271 270/270/270 279/279/279
f 281/281/281 272/272/272 271/271/271 280/280/280
f 284/284/284 276/276/276 275/275/275 283/283/283
f 285/285/285 277/277/277 276/276/276 284/284/284
f 286/286/286 278/278/278 277/277/277 285/285/285
f 287/287/287 279/279/279 278/278/278 286/286/286
f 288/288/288 280/280/280 279/279/279 287/287/287
f 289/289/289 281/281/281 280/280/280 288/288/288
f 292/292/292 284/284/284 283/283/283 291/291/291
f 293/293/293 285/285/285 284/284/284 292/292/292
f 294/294/294 286/286/286 285/285/285 293/293/293
f 295/295/295 287/287/287 286/286/286 294/294/294
f 296/296/296 288/288/288 287/287/287 295/295/295
f 297/297/297 289/289/289 288/288/288 296/296/296
f 300/300/300 292/292/292 291/291/291 299/299/299
f 301/301/301 293/293/293 292/292/292 300/300/300
f 302/302/302 294/294/294 293/293/293 301/301/301
f 303/303/303 295/295/295 294/294/294 302/302/302
f 304/304/304 296/296/296 295/295/295 303/303/303
f 305/305/305 297/297/297 296/296/296 304/304/304
f 308/308/308 300/300/300 299/299/299 307/307/307
f 309/309/309 301/301/301 300/300/300 308/308/308
f 310/310/310 302/302/302 301/301/301 309/309/309
f 311/311/311 303/303/303 302/302/302 310/310/310
f 312/312/312 304/304/304 303/303/303 311/311/311
f 313/313/313 305/305/305 304/304/304 312/312/312
f 316/316/316 308/308/308 307/307/307 315/315/315
f 317/317/317 309/309/309 308/308/308 316/316/316
f 318/318/318 310/310/310 309/309/309 317/317/317
f 319/319/319 311/311/311 310/310/310 318/318/318
f 320/320/320 312/312/312 311/311/311 319/319/319
f 321/321/321 313/313/313 312/312/312 320/320/320
f 324/324/324 316/316/316 315/315/315 323/323/323
f 325/325/325 317/317/317 316/316/316 324/324/324
f 326/326/326 318/318/318 317/317/317 325/325/325
f 327/327/327 319/319/319 318/318/318 326/326/326
f 328/328/328 320/320/320 319/319/319 327/327/327
f 329/329/329 321/321/321 320/320/320 328/328/328
f 332/332/332 324/324/324 323/323/323 331/331/331
f 333/333/333 325/325/325 324/324/324 332/332/332
f 334/334/334 326/326/326 325/325/325 333/333/333
f 335/335/335 327/327/327 326/326/326 334/334/334
f 336/336/336 328/328/328 327/327/327 335/335/335
f 337/337/337 329/329/329 328/328/328 336/336/336
f 340/340/340 332/332/332 331/331/331 339/339/339
f 341/341/341 333/333/333 332/332/332 340/340/340
f 342/342/342 334/334/334 333/333/333 341/341/341
f 343/343/343 335/335/335 334/334/334 342/342/342
f 344/344/344 336/336/336 335/335/335 343/343/343
f 345/345/345 337/337/337 336/336/336 344/344/344
f 348/348/348 340/340/340 339/339/339 347/347/347
f 349/349/349 341/341/341 340/340/340 348/348/348
f 350/350/350 342/342/342 341/341/341 349/349/349
f 351/351/351 343/343/343 342/342/342 350/350/350
f 352/352/352 344/344/344 343/343/343 351/351/351
f 353/353/353 345/345/345 344/344/344 352/352/352
f 356/356/356 348/348/348 347/347/347 355/355/355
f 357/357/357 349/349/349 348/348/348 356/356/356
f 358/358/358 350/350/350 349/349/349 357/357/357
f 359/359/359 351/351/351 350/350/350 358/358/358
f 360/360/360 352/352/352 351/351/351 359/359/359
f 361/361/361 353/353/353 352/352/352 360/360/360
f 364/364/364 356/356/356 355/355/355 363/363/363
f 365/365/365 357/357/357 356/356/356 364/364/364
f 366/366/366 358/358/358 357/357/357 365/365/365
f 367/367/367 359/359/359 358/358/358 366/366/366
f 368/368/368 360/360/360 359/359/359 367/367/367
f 369/369/369 361/361/361 360/360/360 368/368/368
f 372/372/372 364/364/364 363/363/363 371/371/371
f 373/373/373 365/365/365 364/364/364 372/372/372
f 374/374/374 366/366/366 365/365/365 373/373/373
f 375/375/375 367/367/367 366/366/366 374/374/374
f 376/376/376 368/368/368 367/367/367 375/375/375
f 377/377/377 369/369/369 368/368/368 376/376/376
f 380/380/380 372/372/372 371/371/371 379/379/379
f 381/381/381 373/373/373 372/372/372 380/380/380
f 382/382/382 374/374/374 373/373/373 381/381/381
f 383/383/383 375/375/375 374/374/374 382/382/382
f 384/384/384 376/376/376 375/375/375 383/383/383
f 385/385/385 377/377/377 376/376/376 384/384/384
f 388/388/388 380/380/380 379/379/379 387/387/387
f 389/389/389 381/381/381 380/380/380 388/388/388
f 390/390/390 382/382/382 381/381/381 389/389/389
f 391/391/391 383/383/383 382/382/382 390/390/390
f 392/392/392 384/384/384 383/383/383 391/391/391
f 393/393/393 385/385/385 384/384/384 392/392/392
f 396/396/396 388/388/388 387/387/387 395/395/395
f 397/397/397 389/389/389 388/388/388 396/396/396
f 398/398/398 390/390/390 389/389/389 397/397/397
f 399/399/399 391/391/391 390/390/390 398/398/398
f 400/400/400 392/392/392 391/391/391 399/399/399
f 401/401/401 393/393/393 392/392/392 400/400/400
f 404/404/404 396/396/396 395/395/395 403/403/403
f 405/405/405 397/397/397 396/396/396 404/404/404
f 406/406/406 398/398/398 397/397/397 405/405/405
f 407/407/407 399/399/399 398/398/398 406/406/406
f 408/408/408 400/400/400 399/399/399 407/407/407
f 409/409/409 401/401/401 400/400/400 408/408/408
f 412/412/412 404/404/404 403/403/403 411/411/411
f 413/413/413 405/405/405 404/404/404 412/412/412
f 414/414/414 406/406/406 405/405/405 413/413/413
f 415/415/415 407/407/407 406/406/406 414/414/414
f 416/416/416 408/408/408 407/407/407 415/415/415
f 417/417/417 409/409/409 408/408/408 416/416/416
f 421/421/421 412/412/412 411/411/411 420/420/420
f 422/422/422 413/413/413 412/412/412 421/421/421
f 423/423/423 414/414/414 413/413/413 422/422/422
f 424/424/424 415/415/415 414/414/414 423/423/423
f 425/425/425 416/416/416 415/415/415 424/424/424
f 426/426/426 417/417/417 416/416/416 425/425/425
f 429/429/429 421/421/421 420/420/420 428/428/428
f 430/430/430 422/422/422 421/421/421 429/429/429
f 431/431/431 423/423/423 422/422/422 430/430/430
f 432/432/432 424/424/424 423/423/423 431/431/431
f 433/433/433 425/425/425 424/424/424 432/432/432
f 434/434/434 426/426/426 425/425/425 433/433/433
f 437/437/437 429/429/429 428/428/428 436/436/436
f 438/438/438 430/430/430 429/429/429 437/437/437
f 439/439/439 431/431/431 430/430/430 438/438/438
f 440/440/440 432/432/432 431/431/431 439/439/439
f 441/441/441 433/433/433 432/432/432 440/440/440
f 442/442/442 434/434/434 433/433/433 441/441/441
f 445/445/445 437/437/437 436/436/436 444/444/444
f 446/446/446 438/438/438 437/437/437 445/445/445
f 447/447/447 439/439/439 438/438/438 446/446/446
f 448/448/448 440/440/440 439/439/439 447/447/447
f 449/449/449 441/441/441 440/440/440 448/448/448
f 450/450/450 442/442/442 441/441/441 449/449/449
f 453/453/453 445/445/445 444/444/444 452/452/452
f 454/454/454 446/446/446 445/445/445 453/453/453
f 455/455/455 447/447/447 446/446/446 454/454/454
f 456/456/456 448/448/448 447/447/447 455/455/455
f 457/457/457 449/449/449 448/448/448 456/456/456
f 458/458/458 450/450/450 449/449/449 457/457/457
f 461/461/461 453/453/453 452/452/452 460/460/460
f 462/462/462 454/454/454 453/453/453 461/461/461
f 463/463/463 455/455/455 454/454/454 462/462/462
f 464/464/464 456/456/456 455/455/455 463/463/463
f 465/465/465 457/457/457 456/456/456 464/464/464
f 466/466/466 458/458/458 457/457/457 465/465/465
f 469/469/469 461/461/461 460/460/460 468/468/468
f 470/470/470 462/462/462 461/461/461 469/469/469
f 471/471/471 463/463/463 462/462/462 470/470/470
f 472/472/472 464/464/464 463/463/463 471/471/471
f 473/473/473 465/465/465 464/464/464 472/472/472
f 474/474/474 466/466/466 465/465/465 473/473/473
f 477/477/477 469/469/469 468/468/468 476/476/476
f 478/478/478 470/470/470 469/469/469 477/477/477
f 479/479/479 471/471/471 470/470/470 478/478/478
f 480/480/480 472/472/472 471/471/471 479/479/479
f 481/481/481 473/473/473 472/472/472 480/480/480
f 482/482/482 474/474/474 473/473/473 481/481/481
f 485/485/485 477/477/477 476/476/476 484/484/484
f 486/486/486 478/478/478 477/477/477 485/485/485
f 487/487/487 479/479/479 478/478/478 486/486/486
f 488/488/488 480/480/480 479/479/479 487/487/487
f 489/489/489 481/481/481 480/480/480 488/488/488
f 490/490/490 482/482/482 481/481/481 489/489/489
f 493/493/493 485/485/485 484/484/484 492/492/492
f 494/494/494 486/486/486 485/485/485 493/493/493
f 495/495/495 487/487/487 486/486/486 494/494/494
f 496/496/496 488/488/488 487/487/487 495/495/495
f 497/497/497 489/489/489 488/488/488 496/496/496
f 498/498/498 490/490/490 489/489/489 497/497/497
f 501/501/501 493/493/493 492/492/492 500/500/500
f 502/502/502 494/494/494 493/493/493 501/501/501
f 503/503/503 495/495/495 494/494/494 502/502/502
f 504/504/504 496/496/496 495/495/495 503/503/503
f 505/505/505 497/497/497 496/496/496 504/504/504
f 506/506/506 498/498/498 497/497/497 505/505/505
f 509/509/509 501/501/501 500/500/500 508/508/508
f 510/510/510 502/502/502 501/501/501 509/509/509
f 511/511/511 503/503/503 502/502/502 510/510/510
f 512/512/512 504/504/504 503/503/503 511/511/511
f 513/513/513 505/505/505 504/504/504 512/512/512
f 514/514/514 506/506/506 505/505/505 513/513/513
f 517/517/517 509/509/509 508/508/508 516/516/516
f 518/518/518 510/510/510 509/509/509 517/517/517
f 519/519/519 511/511/511 510/510/510 518/518/518
f 520/520/520 512/512/512 511/511/511 519/519/519
f 521/521/521 513/513/513 512/512/512 520/520/520
f 522/522/522 514/514/514 513/513/513 521/521/521
f 525/525/525 517/517/517 516/516/516 524/524/524
f 526/526/526 518/518/518 517/517/517 525/525/525
f 527/527/527 519/519/519 518/518/518 526/526/526
f 528/528/528 520/520/520 519/519/519 527/527/527
f 529/529/529 521/521/521 520/520/520 528/528/528
f 530/530/530 522/522/522 521/521/521 529/529/529
f 533/533/533 525/525/525 524/524/524 532/532/532
f 534/534/534 526/526/526 525/525/525 533/533/533
f 535/535/535 527/527/527 526/526/526 534/534/534
f 536/536/536 528/528/528 527/527/527 535/535/535
f 537/537/537 529/529/529 528/528/528 536/536/536
f 538/538/538 530/530/530 529/529/529 537/537/537
f 541/541/541 533/533/533 532/532/532 540/540/540
f 542/542/542 534/534/534 533/533/533 541/541/541
f 543/543/543 535/535/535 534/534/534 542/542/542
f 544/544/544 536/536/536 535/535/535 543/543/543
f 545/545/545 537/537/537 536/536/536 544/544/544
f 546/546/546 538/538/538 537/537/537 545/545/545
f 549/549/549 541/541/541 540/540/540 548/548/548
f 550/550/550 542/542/542 541/541/541 549/549/549
f 551/551/551 543/543/543 542/542/542 550/550/550
f 552/552/552 544/544/544 543/543/543 551/551/551
f 553/553/553 545/545/545 544/544/544 552/552/552
f 554/554/554 546/546/546 545/545/545 553/553/553
f 557/557/557 549/549/549 548/548/548 556/556/556
f 558/558/558 550/550/550 549/549/549 557/557/557
f 559/559/559 551/551/551 550/550/550 558/558/558
f 560/560/560 552/552/552 551/551/551 559/559/559
f 561/561/561 553/553/553 552/552/552 560/560/560
f 562/562/562 554/554/554 553/553/553 561/561/561
f 565/565/565 557/557/557 556/556/556 564/564/564
f 566/566/566 558/558/558 557/557/557 565/565/565
f 567/567/567 559/559/559 558/558/558 566/566/566
f 568/568/568 560/560/560 559/559/559 567/567/567
f 569/569/569 561/561/561 560/560/560 568/568/568
f 570/570/570 562/562/562 561/561/561 569/569/569
f 573/573/573 565/565/565 564/564/564 572/572/572
f 574/574/574 566/566/566 565/565/565 573/573/573
f 575/575/575 567/567/567 566/566/566 574/574/574
f 576/576/576 568/568/568 567/567/567 575/575/575
f 577/577/577 569/569/569 568/568/568 576/576/576
f 578/578/578 570/570/570 569/569/569 577/577/577
f 581/581/581 573/573/573 572/572/572 580/580/580
f 582/582/582 574/574/574 573/573/573 581/581/581
f 583/583/583 575/575/575 574/574/574 582/582/582
f 584/584/584 576/576/576 575/575/575 583/583/583
f 585/585/585 577/577/577 576/576/576 584/584/584
f 586/586/586 578/578/578 577/577/577 585/585/585
f 589/589/589 581/581/581 580/580/580 588/588/588
f 590/590/590 582/582/582 581/581/581 589/589/589
f 591/591/591 583/583/583 582/582/582 590/590/590
f 592/592/592 584/584/584 583/583/583 591/591/591
f 593/593/593 585/585/585 584/584/584 592/592/592
f 594/594/594 586/586/586 585/585/585 593/593/593
f 597/597/597 589/589/589 588/588/588 596/596/596
f 598/598/598 590/590/590 589/589/589 597/597/597
f 599/599/599 591/591/591 590/590/590 598/598/598
f 600/600/600 592/592/592 591/591/591 599/599/599
f 601/601/601 593/593/593 592/592/592 600/600/600
f 602/602/602 594/594/594 593/593/593 601/601/601
f 605/605/605 597/597/597 596/596/596 604/604/604
f 606/606/606 598/598/598 597/597/597 605/605/605
f 607/607/607 599/599/599 598/598/598 606/606/606
f 608/608/608 600/600/600 599/599/599 607/607/607
f 609/609/609 601/601/601 600/600/600 608/608/608
f 610/610/610 602/602/602 601/601/601 609/609/609
f 613/613/613 605/605/605 604/604/604 612/612/612
f 614/614/614 606/606/606 605/605/605 613/613/613
f 615/615/615 607/607/607 606/606/606 614/614/614
f 616/616/616 608/608/608 607/607/607 615/615/615
f 617/617/617 609/609/609 608/608/608 616/616/616
f 618/618/618 610/610/610 609/609/609 617/617/617
f 621/621/621 613/613/613 612/612/612 620/620/620
f 622/622/622 614/614/614 613/613/613 621/621/621
f 623/623/623 615/615/615 614/614/614 622/622/622
f 624/624/624 616/616/616 615/615/615 623/623/623
f 625/625/625 617/617/617 616/616/616 624/624/624
f 626/626/626 618/618/618 617/617/617 625/625/625
f 629/629/629 621/621/621 620/620/620 628/628/628
f 630/630/630 622/622/622 621/621/621 629/629/629
f 631/631/631 623/623/623 622/622/622 630/630/630
f 632/632/632 624/624/624 623/623/623 631/631/631
f 633/633/633 625/625/625 624/624/624 632/632/632
f 634/634/634 626/626/626 625/625/625 633/633/633
f 637/637/637 629/629/629 628/628/628 636/636/636
f 638/638/638 630/630/630 629/629/629 637/637/637
f 639/639/639 631/631/631 630/630/630 638/638/638
f 640/640/640 632/632/632 631/631/631 639/639/639
f 641/641/641 633/633/633 632/632/632 640/640/640
f 642/642/642 634/634/634 633/633/633 641/641/641
f 645/645/645 637/637/637 636/636/636 644/644/644
f 646/646/646 638/638/638 637/637/637 645/645/645
f 647/647/647 639/639/639 638/638/638 646/646/646
f 648/648/648 640/640/640 639/639/639 647/647/647
f 649/649/649 641/641/641 640/640/640 648/648/648
f 650/650/650 642/642/642 641/641/641 649/649/649
f 653/653/653 645/645/645 644/644/644 652/652/652
f 654/654/654 646/646/646 645/645/645 653/653/653
f 655/655/655 647/647/647 646/646/646 654/654/654
f 656/656/656 648/648/648 647/647/647 655/655/655
f 657/657/657 649/649/649 648/648/648 656/656/656
f 658/658/658 650/650/650 649/649/649 657/657/657
f 661/661/661 653/653/653 652/652/652 660/660/660
f 662/662/662 654/654/654 653/653/653 661/661/661
f 663/663/663 655/655/655 654/654/654 662/662/662
f 664/664/664 656/656/656 655/655/655 663/663/663
f 665/665/665 657/657/657 656/656/656 664/664/664
f 666/666/666 658/658/658 657/657/657 665/665/665
f 669/669/669 661/661/661 660/660/660 668/668/668
f 670/670/670 662/662/662 661/661/661 669/669/669
f 671/671/671 663/663/663 662/662/662 670/670/670
f 672/672/672 664/664/664 663/663/663 671/671/671
f 673/673/673 665/665/665 664/664/664 672/672/672
f 674/674/674 666/666/666 665/665/665 673/673/673
f 677/677/677 669/669/669 668/668/668 676/676/676
f 678/678/678 670/670/670 669/669/669 677/677/677
f 679/679/679 671/671/671 670/670/670 678/678/678
f 680/680/680 672/672/672 671/671/671 679/679/679
f 681/681/681 673/673/673 672/672/672 680/680/680
f 682/682/682 674/674/674 673/673/673 681/681/681
f 685/685/685 677/677/677 676/676/676 684/684/684
f 686/686/686 678/678/678 677/677/677 685/685/685
f 687/687/687 679/679/679 678/678/678 686/686/686
f 688/688/688 680/680/680 679/679/679 687/687/687
f 689/689/689 681/681/681 680/680/680 688/688/688
f 690/690/690 682/682/682 681/681/681 689/689/689
f 693/693/693 685/685/685 684/684/684 692/692/692
f 694/694/694 686/686/686 685/685/685 693/693/693
f 695/695/695 687/687/687 686/686/686 694/694/694
f 696/696/696 688/688/688 687/687/687 695/695/695
f 697/697/697 689/689/689 688/688/688 696/696/696
f 698/698/698 690/690/690 689/689/689 697/697/697
f 701/701/701 693/693/693 692/692/692 700/700/700
f 702/702/702 694/694/694 693/693/693 701/701/701
f 703/703/703 695/695/695 694/694/694 702/702/702
f 704/704/704 696/696/696 695/695/695 703/703/703
f 705/705/705 697/697/697 696/696/696 704/704/704
f 706/706/706 698/698/698 697/697/697 705/705/705
f 710/710/710 701/701/701 700/700/700 709/709/709
f 711/711/711 702/702/702 701/701/701 710/710/710
f 712/712/712 703/703/703 702/702/702 711/711/711
f 713/713/713 704/704/704 703/703/703 712/712/712
f 714/714/714 705/705/705 704/704/704 713/713/713
f 715/715/715 706/706/706 705/705/705 714/714/714
f 129/129/129 717/717/717 138/138/138 130/130/130
f 146/146/146 718/718/718 719/719/719
f 138/138/138 717/717/717 718/718/718
f 154/154/154 720/720/720 721/721/721
f 722/722/722 723/723/723 170/170/170 162/162/162
f 723/723/723 724/724/724 178/178/178 170/170/170
f 162/162/162 721/721/721 722/722/722
f 719/719/719 720/720/720 154/154/154 146/146/146
f 186/186/186 725/725/725 726/726/726
f 727/727/727 728/728/728 202/202/202 194/194/194
f 728/728/728 729/729/729 210/210/210 202/202/202
f 726/726/726 727/727/727 194/194/194 186/186/186
f 218/218/218 730/730/730 731/731/731
f 732/732/732 733/733/733 234/234/234 226/226/226
f 234/234/234 733/733/733 734/734/734
f 731/731/731 732/732/732 226/226/226 218/218/218
f 210/210/210 729/729/729 730/730/730
f 178/178/178 724/724/724 725/725/725
f 162/162/162 154/154/154 721/721/721
f 138/138/138 718/718/718 146/146/146
f 178/178/178 725/725/725 186/186/186
f 218/218/218 210/210/210 730/730/730
f 735/735/735 736/736/736 250/250/250 242/242/242
f 736/736/736 737/737/737 258/258/258 250/250/250
f 242/242/242 234/234/234 734/734/734 735/735/735
f 258/258/258 737/737/737 738/738/738
f 266/266/266 738/738/738 739/739/739
f 274/274/274 740/740/740 283/283/283 275/275/275
f 283/283/283 740/740/740 741/741/741
f 739/739/739 274/274/274 275/275/275 266/266/266
f 742/742/742 743/743/743 299/299/299 291/291/291
f 307/307/307 744/744/744 745/745/745
f 745/745/745 746/746/746 315/315/315 307/307/307
f 299/299/299 743/743/743 744/744/744
f 291/291/291 741/741/741 742/742/742
f 323/323/323 747/747/747 748/748/748
f 749/749/749 750/750/750 339/339/339 331/331/331
f 750/750/750 751/751/751 347/347/347 339/339/339
f 331/331/331 748/748/748 749/749/749
f 355/355/355 752/752/752 753/753/753
f 371/371/371 363/363/363 754/754/754 755/755/755
f 363/363/363 753/753/753 754/754/754
f 751/751/751 752/752/752 355/355/355 347/347/347
f 746/746/746 747/747/747 323/323/323 315/315/315
f 291/291/291 283/283/283 741/741/741
f 331/331/331 323/323/323 748/748/748
f 299/299/299 744/744/744 307/307/307
f 757/757/757 379/379/379 756/756/756
f 758/758/758 759/759/759 395/395/395 387/387/387
f 759/759/759 760/760/760 403/403/403 395/395/395
f 758/758/758 387/387/387 757/757/757
f 761/761/761 762/762/762 411/411/411
f 363/363/363 355/355/355 753/753/753
f 762/762/762 419/419/419 420/420/420 411/411/411
f 403/403/403 760/760/760 761/761/761
f 755/755/755 756/756/756 379/379/379 371/371/371
f 258/258/258 738/738/738 266/266/266
f 144/144/144 145/145/145 137/137/137 136/136/136
f 160/160/160 161/161/161 153/153/153 152/152/152
f 152/152/152 153/153/153 145/145/145 144/144/144
f 176/176/176 177/177/177 169/169/169 168/168/168
f 192/192/192 193/193/193 185/185/185 184/184/184
f 200/200/200 201/201/201 193/193/193 192/192/192
f 184/184/184 185/185/185 177/177/177 176/176/176
f 168/168/168 169/169/169 161/161/161 160/160/160
f 216/216/216 217/217/217 209/209/209 208/208/208
f 232/232/232 233/233/233 225/225/225 224/224/224
f 240/240/240 241/241/241 233/233/233 232/232/232
f 224/224/224 225/225/225 217/217/217 216/216/216
f 256/256/256 257/257/257 249/249/249 248/248/248
f 272/272/272 273/273/273 265/265/265 264/264/264
f 281/281/281 282/282/282 273/273/273 272/272/272
f 264/264/264 265/265/265 257/257/257 256/256/256
f 248/248/248 249/249/249 241/241/241 240/240/240
f 208/208/208 209/209/209 201/201/201 200/200/200
f 289/289/289 290/290/290 282/282/282 281/281/281
f 305/305/305 306/306/306 298/298/298 297/297/297
f 321/321/321 322/322/322 314/314/314 313/313/313
f 329/329/329 330/330/330 322/322/322 321/321/321
f 313/313/313 314/314/314 306/306/306 305/305/305
f 345/345/345 346/346/346 338/338/338 337/337/337
f 361/361/361 362/362/362 354/354/354 353/353/353
f 369/369/369 370/370/370 362/362/362 361/361/361
f 353/353/353 354/354/354 346/346/346 345/345/345
f 337/337/337 338/338/338 330/330/330 329/329/329
f 387/387/387 379/379/379 757/757/757
f 385/385/385 386/386/386 378/378/378 377/377/377
f 393/393/393 394/394/394 386/386/386 385/385/385
f 411/411/411 403/403/403 761/761/761
f 377/377/377 378/378/378 370/370/370 369/369/369
f 297/297/297 298/298/298 290/290/290 289/289/289
f 409/409/409 410/410/410 402/402/402 401/401/401
f 417/417/417 418/418/418 410/410/410 409/409/409
f 401/401/401 402/402/402 394/394/394 393/393/393
f 418/418/418 417/417/417 426/426/426 427/427/427
f 419/419/419 763/763/763 428/428/428 420/420/420
f 428/428/428 763/763/763 764/764/764
f 765/765/765 766/766/766 444/444/444 436/436/436
f 436/436/436 764/764/764 765/765/765
f 452/452/452 767/767/767 768/768/768
f 769/769/769 770/770/770 468/468/468 460/460/460
f 468/468/468 770/770/770 771/771/771
f 768/768/768 769/769/769 460/460/460 452/452/452
f 444/444/444 766/766/766 767/767/767
f 772/772/772 773/773/773 484/484/484 476/476/476
f 774/774/774 775/775/775 500/500/500 492/492/492
f 500/500/500 775/775/775 776/776/776
f 773/773/773 774/774/774 492/492/492 484/484/484
f 777/777/777 778/778/778 516/516/516 508/508/508
f 524/524/524 779/779/779 780/780/780
f 532/532/532 780/780/780 781/781/781
f 778/778/778 779/779/779 524/524/524 516/516/516
f 508/508/508 776/776/776 777/777/777
f 476/476/476 771/771/771 772/772/772
f 436/436/436 428/428/428 764/764/764
f 452/452/452 444/444/444 767/767/767
f 476/476/476 468/468/468 771/771/771
f 782/782/782 783/783/783 548/548/548 540/540/540
f 508/508/508 500/500/500 776/776/776
f 784/784/784 548/548/548 783/783/783
f 532/532/532 524/524/524 780/780/780
f 556/556/556 548/548/548 784/784/784 785/785/785
f 540/540/540 532/532/532 781/781/781 782/782/782
f 785/785/785 786/786/786 564/564/564 556/556/556
f 572/572/572 787/787/787 788/788/788
f 580/580/580 788/788/788 789/789/789
f 786/786/786 787/787/787 572/572/572 564/564/564
f 588/588/588 790/790/790 791/791/791
f 792/792/792 793/793/793 604/604/604 596/596/596
f 793/793/793 794/794/794 612/612/612 604/604/604
f 596/596/596 791/791/791 792/792/792
f 789/789/789 790/790/790 588/588/588 580/580/580
f 620/620/620 795/795/795 796/796/796
f 797/797/797 798/798/798 636/636/636 628/628/628
f 798/798/798 799/799/799 644/644/644 636/636/636
f 796/796/796 797/797/797 628/628/628 620/620/620
f 652/652/652 800/800/800 801/801/801
f 802/802/802 803/803/803 668/668/668 660/660/660
f 668/668/668 803/803/803 804/804/804
f 801/801/801 802/802/802 660/660/660 652/652/652
f 644/644/644 799/799/799 800/800/800
f 612/612/612 794/794/794 795/795/795
f 596/596/596 588/588/588 791/791/791
f 572/572/572 788/788/788 580/580/580
f 612/612/612 795/795/795 620/620/620
f 805/805/805 676/676/676 804/804/804
f 806/806/806 807/807/807 692/692/692 684/684/684
f 808/808/808 692/692/692 807/807/807
f 805/805/805 806/806/806 684/684/684 676/676/676
f 644/644/644 800/800/800 652/652/652
f 809/809/809 708/708/708 709/709/709 700/700/700
f 808/808/808 809/809/809 700/700/700
f 676/676/676 668/668/668 804/804/804
f 434/434/434 435/435/435 427/427/427 426/426/426
f 450/450/450 451/451/451 443/443/443 442/442/442
f 442/442/442 443/443/443 435/435/435 434/434/434
f 466/466/466 467/467/467 459/459/459 458/458/458
f 482/482/482 483/483/483 475/475/475 474/474/474
f 490/490/490 491/491/491 483/483/483 482/482/482
f 474/474/474 475/475/475 467/467/467 466/466/466
f 458/458/458 459/459/459 451/451/451 450/450/450
f 506/506/506 507/507/507 499/499/499 498/498/498
f 522/522/522 523/523/523 515/515/515 514/514/514
f 530/530/530 531/531/531 523/523/523 522/522/522
f 514/514/514 515/515/515 507/507/507 506/506/506
f 546/546/546 547/547/547 539/539/539 538/538/538
f 562/562/562 563/563/563 555/555/555 554/554/554
f 570/570/570 571/571/571 563/563/563 562/562/562
f 554/554/554 555/555/555 547/547/547 546/546/546
f 538/538/538 539/539/539 531/531/531 530/530/530
f 498/498/498 499/499/499 491/491/491 490/490/490
f 578/578/578 579/579/579 571/571/571 570/570/570
f 594/594/594 595/595/595 587/587/587 586/586/586
f 610/610/610 611/611/611 603/603/603 602/602/602
f 618/618/618 619/619/619 611/611/611 610/610/610
f 602/602/602 603/603/603 595/595/595 594/594/594
f 634/634/634 635/635/635 627/627/627 626/626/626
f 650/650/650 651/651/651 643/643/643 642/642/642
f 658/658/658 659/659/659 651/651/651 650/650/650
f 642/642/642 643/643/643 635/635/635 634/634/634
f 626/626/626 627/627/627 619/619/619 618/618/618
f 808/808/808 700/700/700 692/692/692
f 674/674/674 675/675/675 667/667/667 666/666/666
f 690/690/690 691/691/691 683/683/683 682/682/682
f 698/698/698 699/699/699 691/691/691 690/690/690
f 682/682/682 683/683/683 675/675/675 674/674/674
f 666/666/666 667/667/667 659/659/659 658/658/658
f 586/586/586 587/587/587 579/579/579 578/578/578
f 715/715/715 716/716/716 707/707/707 706/706/706
f 706/706/706 707/707/707 699/699/699 698/698/698
f 845/845/845 844/844/844 842/842/842 843/843/843
f 843/843/843 842/842/842 848/848/848 849/849/849
f 842/842/842 846/846/846 850/850/850 848/848/848
f 844/844/844 847/847/847 846/846/846 842/842/842
f 829/829/829 828/828/828 850/850/850
f 827/827/827 848/848/848 828/828/828
f 827/827/827 826/826/826 848/848/848
f 830/830/830 829/829/829 850/850/850
f 846/846/846 833/833/833 832/832/832
f 831/831/831 850/850/850 832/832/832
f 846/846/846 832/832/832 850/850/850
f 828/828/828 848/848/848 850/850/850
f 830/830/830 850/850/850 831/831/831
f 846/846/846 834/834/834 833/833/833
f 849/849/849 824/824/824 823/823/823
f 822/822/822 849/849/849 823/823/823
f 849/849/849 822/822/822 821/821/821
f 824/824/824 848/848/848 825/825/825
f 824/824/824 849/849/849 848/848/848
f 819/819/819 843/843/843 820/820/820
f 849/849/849 820/820/820 843/843/843
f 818/818/818 843/843/843 819/819/819
f 821/821/821 820/820/820 849/849/849
f 848/848/848 826/826/826 825/825/825
f 835/835/835 846/846/846 836/836/836
f 837/837/837 836/836/836 847/847/847
f 840/840/840 847/847/847 844/844/844
f 847/847/847 836/836/836 846/846/846
f 838/838/838 847/847/847 839/839/839
f 844/844/844 841/841/841 840/840/840
f 840/840/840 839/839/839 847/847/847
f 837/837/837 847/847/847 838/838/838
f 810/810/810 841/841/841 844/844/844
f 816/816/816 815/815/815 845/845/845
f 814/814/814 845/845/845 815/815/815
f 843/843/843 818/818/818 817/817/817
f 817/817/817 816/816/816 843/843/843
f 843/843/843 816/816/816 845/845/845
f 845/845/845 812/812/812 844/844/844
f 845/845/845 814/814/814 813/813/813
f 813/813/813 812/812/812 845/845/845
f 812/812/812 811/811/811 844/844/844
f 811/811/811 810/810/810 844/844/844
f 846/846/846 835/835/835 834/834/834
f 865/865/865 2035/2035/2035 2037/2037/2037 2034/2034/2034
f 2035/2035/2035 851/851/851 2036/2036/2036 2037/2037/2037
f 2035/2035/2035 865/865/865 866/866/866
f 852/852/852 851/851/851 2035/2035/2035
f 866/866/866 852/852/852 2035/2035/2035
f 867/867/867 853/853/853 852/852/852 866/866/866
f 868/868/868 854/854/854 853/853/853 867/867/867
f 869/869/869 855/855/855 854/854/854 868/868/868
f 870/870/870 856/856/856 855/855/855 869/869/869
f 871/871/871 857/857/857 856/856/856 870/870/870
f 872/872/872 858/858/858 857/857/857 871/871/871
f 873/873/873 859/859/859 858/858/858 872/872/872
f 874/874/874 860/860/860 859/859/859 873/873/873
f 875/875/875 861/861/861 860/860/860 874/874/874
f 876/876/876 862/862/862 861/861/861 875/875/875
f 1387/1387/1387 863/863/863 862/862/862
f 876/876/876 877/877/877 1387/1387/1387
f 862/862/862 876/876/876 1387/1387/1387
f 1983/1983/1983 1981/1981/1981 1393/1393/1393 1982/1982/1982
f 1980/1980/1980 1983/1983/1983 1982/1982/1982 1979/1979/1979
f 1982/1982/1982 1393/1393/1393 1388/1388/1388
f 1978/1978/1978 1979/1979/1979 1982/1982/1982
f 1388/1388/1388 1978/1978/1978 1982/1982/1982
f 1969/1969/1969 1979/1979/1979 1978/1978/1978 1385/1385/1385
f 1986/1986/1986 1984/1984/1984 1396/1396/1396 1985/1985/1985
f 1981/1981/1981 1986/1986/1986 1985/1985/1985 1393/1393/1393
f 1989/1989/1989 1987/1987/1987 1394/1394/1394 1988/1988/1988
f 1984/1984/1984 1989/1989/1989 1988/1988/1988 1396/1396/1396
f 1988/1988/1988 1394/1394/1394 1386/1386/1386
f 1395/1395/1395 1396/1396/1396 1988/1988/1988
f 1386/1386/1386 1395/1395/1395 1988/1988/1988
f 1985/1985/1985 1396/1396/1396 1395/1395/1395
f 1388/1388/1388 1393/1393/1393 1985/1985/1985
f 1395/1395/1395 1388/1388/1388 1985/1985/1985
f 1395/1395/1395 1386/1386/1386 863/863/863
f 1387/1387/1387 1388/1388/1388 1395/1395/1395
f 863/863/863 1387/1387/1387 1395/1395/1395
f 1978/1978/1978 1388/1388/1388 1387/1387/1387
f 877/877/877 1385/1385/1385 1978/1978/1978
f 1387/1387/1387 877/877/877 1978/1978/1978
f 878/878/878 2039/2039/2039 2040/2040/2040 2038/2038/2038
f 2039/2039/2039 865/865/865 2034/2034/2034 2040/2040/2040
f 2039/2039/2039 878/878/878 879/879/879
f 866/866/866 865/865/865 2039/2039/2039
f 879/879/879 866/866/866 2039/2039/2039
f 880/880/880 867/867/867 866/866/866 879/879/879
f 881/881/881 868/868/868 867/867/867 880/880/880
f 882/882/882 869/869/869 868/868/868 881/881/881
f 883/883/883 870/870/870 869/869/869 882/882/882
f 884/884/884 871/871/871 870/870/870 883/883/883
f 885/885/885 872/872/872 871/871/871 884/884/884
f 886/886/886 873/873/873 872/872/872 885/885/885
f 887/887/887 874/874/874 873/873/873 886/886/886
f 888/888/888 875/875/875 874/874/874 887/887/887
f 889/889/889 876/876/876 875/875/875 888/888/888
f 1954/1954/1954 877/877/877 876/876/876
f 889/889/889 890/890/890 1954/1954/1954
f 876/876/876 889/889/889 1954/1954/1954
f 1968/1968/1968 1966/1966/1966 1962/1962/1962 1967/1967/1967
f 1965/1965/1965 1968/1968/1968 1967/1967/1967 1964/1964/1964
f 1967/1967/1967 1962/1962/1962 1955/1955/1955
f 1963/1963/1963 1964/1964/1964 1967/1967/1967
f 1955/1955/1955 1963/1963/1963 1967/1967/1967
f 1951/1951/1951 1964/1964/1964 1963/1963/1963 1935/1935/1935
f 1974/1974/1974 1972/1972/1972 1971/1971/1971 1973/1973/1973
f 1966/1966/1966 1974/1974/1974 1973/1973/1973 1962/1962/1962
f 1977/1977/1977 1975/1975/1975 1969/1969/1969 1976/1976/1976
f 1972/1972/1972 1977/1977/1977 1976/1976/1976 1971/1971/1971
f 1976/1976/1976 1969/1969/1969 1385/1385/1385
f 1970/1970/1970 1971/1971/1971 1976/1976/1976
f 1385/1385/1385 1970/1970/1970 1976/1976/1976
f 1973/1973/1973 1971/1971/1971 1970/1970/1970
f 1955/1955/1955 1962/1962/1962 1973/1973/1973
f 1970/1970/1970 1955/1955/1955 1973/1973/1973
f 1970/1970/1970 1385/1385/1385 877/877/877
f 1954/1954/1954 1955/1955/1955 1970/1970/1970
f 877/877/877 1954/1954/1954 1970/1970/1970
f 1963/1963/1963 1955/1955/1955 1954/1954/1954
f 890/890/890 1935/1935/1935 1963/1963/1963
f 1954/1954/1954 890/890/890 1963/1963/1963
f 891/891/891 2042/2042/2042 2043/2043/2043 2041/2041/2041
f 2042/2042/2042 878/878/878 2038/2038/2038 2043/2043/2043
f 2042/2042/2042 891/891/891 892/892/892
f 879/879/879 878/878/878 2042/2042/2042
f 892/892/892 879/879/879 2042/2042/2042
f 893/893/893 880/880/880 879/879/879 892/892/892
f 894/894/894 881/881/881 880/880/880 893/893/893
f 895/895/895 882/882/882 881/881/881 894/894/894
f 896/896/896 883/883/883 882/882/882 895/895/895
f 897/897/897 884/884/884 883/883/883 896/896/896
f 898/898/898 885/885/885 884/884/884 897/897/897
f 899/899/899 886/886/886 885/885/885 898/898/898
f 900/900/900 887/887/887 886/886/886 899/899/899
f 901/901/901 888/888/888 887/887/887 900/900/900
f 902/902/902 889/889/889 888/888/888 901/901/901
f 1936/1936/1936 890/890/890 889/889/889
f 902/902/902 903/903/903 1936/1936/1936
f 889/889/889 902/902/902 1936/1936/1936
f 1947/1947/1947 1945/1945/1945 1943/1943/1943 1946/1946/1946
f 1944/1944/1944 1947/1947/1947 1946/1946/1946 1932/1932/1932
f 1950/1950/1950 1948/1948/1948 1941/1941/1941 1949/1949/1949
f 1945/1945/1945 1950/1950/1950 1949/1949/1949 1943/1943/1943
f 1949/1949/1949 1941/1941/1941 1937/1937/1937
f 1942/1942/1942 1943/1943/1943 1949/1949/1949
f 1937/1937/1937 1942/1942/1942 1949/1949/1949
f 1946/1946/1946 1943/1943/1943 1942/1942/1942
f 1916/1916/1916 1932/1932/1932 1946/1946/1946
f 1942/1942/1942 1916/1916/1916 1946/1946/1946
f 1958/1958/1958 1956/1956/1956 1953/1953/1953 1957/1957/1957
f 1948/1948/1948 1958/1958/1958 1957/1957/1957 1941/1941/1941
f 1961/1961/1961 1959/1959/1959 1951/1951/1951 1960/1960/1960
f 1956/1956/1956 1961/1961/1961 1960/1960/1960 1953/1953/1953
f 1960/1960/1960 1951/1951/1951 1935/1935/1935
f 1952/1952/1952 1953/1953/1953 1960/1960/1960
f 1935/1935/1935 1952/1952/1952 1960/1960/1960
f 1957/1957/1957 1953/1953/1953 1952/1952/1952
f 1937/1937/1937 1941/1941/1941 1957/1957/1957
f 1952/1952/1952 1937/1937/1937 1957/1957/1957
f 1952/1952/1952 1935/1935/1935 890/890/890
f 1936/1936/1936 1937/1937/1937 1952/1952/1952
f 890/890/890 1936/1936/1936 1952/1952/1952
f 1942/1942/1942 1937/1937/1937 1936/1936/1936
f 903/903/903 1916/1916/1916 1942/1942/1942
f 1936/1936/1936 903/903/903 1942/1942/1942
f 904/904/904 2045/2045/2045 2046/2046/2046 2044/2044/2044
f 2045/2045/2045 891/891/891 2041/2041/2041 2046/2046/2046
f 2045/2045/2045 904/904/904 905/905/905
f 892/892/892 891/891/891 2045/2045/2045
f 905/905/905 892/892/892 2045/2045/2045
f 906/906/906 893/893/893 892/892/892 905/905/905
f 907/907/907 894/894/894 893/893/893 906/906/906
f 908/908/908 895/895/895 894/894/894 907/907/907
f 909/909/909 896/896/896 895/895/895 908/908/908
f 910/910/910 897/897/897 896/896/896 909/909/909
f 911/911/911 898/898/898 897/897/897 910/910/910
f 912/912/912 899/899/899 898/898/898 911/911/911
f 913/913/913 900/900/900 899/899/899 912/912/912
f 914/914/914 901/901/901 900/900/900 913/913/913
f 915/915/915 902/902/902 901/901/901 914/914/914
f 1917/1917/1917 903/903/903 902/902/902
f 915/915/915 916/916/916 1917/1917/1917
f 902/902/902 915/915/915 1917/1917/1917
f 1928/1928/1928 1926/1926/1926 1924/1924/1924 1927/1927/1927
f 1925/1925/1925 1928/1928/1928 1927/1927/1927 1913/1913/1913
f 1931/1931/1931 1929/1929/1929 1922/1922/1922 1930/1930/1930
f 1926/1926/1926 1931/1931/1931 1930/1930/1930 1924/1924/1924
f 1930/1930/1930 1922/1922/1922 1918/1918/1918
f 1923/1923/1923 1924/1924/1924 1930/1930/1930
f 1918/1918/1918 1923/1923/1923 1930/1930/1930
f 1927/1927/1927 1924/1924/1924 1923/1923/1923
f 1897/1897/1897 1913/1913/1913 1927/1927/1927
f 1923/1923/1923 1897/1897/1897 1927/1927/1927
f 1940/1940/1940 1938/1938/1938 1934/1934/1934 1939/1939/1939
f 1929/1929/1929 1940/1940/1940 1939/1939/1939 1922/1922/1922
f 1934/1934/1934 1932/1932/1932 1916/1916/1916 1933/1933/1933
f 1939/1939/1939 1934/1934/1934 1933/1933/1933
f 1918/1918/1918 1922/1922/1922 1939/1939/1939
f 1933/1933/1933 1918/1918/1918 1939/1939/1939
f 1933/1933/1933 1916/1916/1916 903/903/903
f 1917/1917/1917 1918/1918/1918 1933/1933/1933
f 903/903/903 1917/1917/1917 1933/1933/1933
f 1923/1923/1923 1918/1918/1918 1917/1917/1917
f 916/916/916 1897/1897/1897 1923/1923/1923
f 1917/1917/1917 916/916/916 1923/1923/1923
f 917/917/917 2048/2048/2048 2049/2049/2049 2047/2047/2047
f 2048/2048/2048 904/904/904 2044/2044/2044 2049/2049/2049
f 2048/2048/2048 917/917/917 918/918/918
f 905/905/905 904/904/904 2048/2048/2048
f 918/918/918 905/905/905 2048/2048/2048
f 919/919/919 906/906/906 905/905/905 918/918/918
f 920/920/920 907/907/907 906/906/906 919/919/919
f 921/921/921 908/908/908 907/907/907 920/920/920
f 922/922/922 909/909/909 908/908/908 921/921/921
f 923/923/923 910/910/910 909/909/909 922/922/922
f 924/924/924 911/911/911 910/910/910 923/923/923
f 925/925/925 912/912/912 911/911/911 924/924/924
f 926/926/926 913/913/913 912/912/912 925/925/925
f 927/927/927 914/914/914 913/913/913 926/926/926
f 928/928/928 915/915/915 914/914/914 927/927/927
f 1898/1898/1898 916/916/916 915/915/915
f 928/928/928 929/929/929 1898/1898/1898
f 915/915/915 928/928/928 1898/1898/1898
f 1909/1909/1909 1907/1907/1907 1906/1906/1906 1908/1908/1908
f 1901/1901/1901 1909/1909/1909 1908/1908/1908 1894/1894/1894
f 1912/1912/1912 1910/1910/1910 1904/1904/1904 1911/1911/1911
f 1907/1907/1907 1912/1912/1912 1911/1911/1911 1906/1906/1906
f 1911/1911/1911 1904/1904/1904 1899/1899/1899
f 1905/1905/1905 1906/1906/1906 1911/1911/1911
f 1899/1899/1899 1905/1905/1905 1911/1911/1911
f 1908/1908/1908 1906/1906/1906 1905/1905/1905
f 1878/1878/1878 1894/1894/1894 1908/1908/1908
f 1905/1905/1905 1878/1878/1878 1908/1908/1908
f 1921/1921/1921 1919/1919/1919 1915/1915/1915 1920/1920/1920
f 1910/1910/1910 1921/1921/1921 1920/1920/1920 1904/1904/1904
f 1915/1915/1915 1913/1913/1913 1897/1897/1897 1914/1914/1914
f 1920/1920/1920 1915/1915/1915 1914/1914/1914
f 1899/1899/1899 1904/1904/1904 1920/1920/1920
f 1914/1914/1914 1899/1899/1899 1920/1920/1920
f 1914/1914/1914 1897/1897/1897 916/916/916
f 1898/1898/1898 1899/1899/1899 1914/1914/1914
f 916/916/916 1898/1898/1898 1914/1914/1914
f 1905/1905/1905 1899/1899/1899 1898/1898/1898
f 929/929/929 1878/1878/1878 1905/1905/1905
f 1898/1898/1898 929/929/929 1905/1905/1905
f 930/930/930 2051/2051/2051 2052/2052/2052 2050/2050/2050
f 2051/2051/2051 917/917/917 2047/2047/2047 2052/2052/2052
f 2051/2051/2051 930/930/930 931/931/931
f 918/918/918 917/917/917 2051/2051/2051
f 931/931/931 918/918/918 2051/2051/2051
f 932/932/932 919/919/919 918/918/918 931/931/931
f 933/933/933 920/920/920 919/919/919 932/932/932
f 934/934/934 921/921/921 920/920/920 933/933/933
f 935/935/935 922/922/922 921/921/921 934/934/934
f 936/936/936 923/923/923 922/922/922 935/935/935
f 937/937/937 924/924/924 923/923/923 936/936/936
f 938/938/938 925/925/925 924/924/924 937/937/937
f 939/939/939 926/926/926 925/925/925 938/938/938
f 940/940/940 927/927/927 926/926/926 939/939/939
f 941/941/941 928/928/928 927/927/927 940/940/940
f 1879/1879/1879 929/929/929 928/928/928
f 941/941/941 942/942/942 1879/1879/1879
f 928/928/928 941/941/941 1879/1879/1879
f 1890/1890/1890 1888/1888/1888 1887/1887/1887 1889/1889/1889
f 1882/1882/1882 1890/1890/1890 1889/1889/1889 1875/1875/1875
f 1893/1893/1893 1891/1891/1891 1885/1885/1885 1892/1892/1892
f 1888/1888/1888 1893/1893/1893 1892/1892/1892 1887/1887/1887
f 1892/1892/1892 1885/1885/1885 1880/1880/1880
f 1886/1886/1886 1887/1887/1887 1892/1892/1892
f 1880/1880/1880 1886/1886/1886 1892/1892/1892
f 1889/1889/1889 1887/1887/1887 1886/1886/1886
f 1859/1859/1859 1875/1875/1875 1889/1889/1889
f 1886/1886/1886 1859/1859/1859 1889/1889/1889
f 1903/1903/1903 1901/1901/1901 1894/1894/1894 1902/1902/1902
f 1900/1900/1900 1903/1903/1903 1902/1902/1902 1896/1896/1896
f 1902/1902/1902 1894/1894/1894 1878/1878/1878
f 1895/1895/1895 1896/1896/1896 1902/1902/1902
f 1878/1878/1878 1895/1895/1895 1902/1902/1902
f 1885/1885/1885 1896/1896/1896 1895/1895/1895 1880/1880/1880
f 1895/1895/1895 1878/1878/1878 929/929/929
f 1879/1879/1879 1880/1880/1880 1895/1895/1895
f 929/929/929 1879/1879/1879 1895/1895/1895
f 1886/1886/1886 1880/1880/1880 1879/1879/1879
f 942/942/942 1859/1859/1859 1886/1886/1886
f 1879/1879/1879 942/942/942 1886/1886/1886
f 943/943/943 2054/2054/2054 2055/2055/2055 2053/2053/2053
f 2054/2054/2054 930/930/930 2050/2050/2050 2055/2055/2055
f 2054/2054/2054 943/943/943 944/944/944
f 931/931/931 930/930/930 2054/2054/2054
f 944/944/944 931/931/931 2054/2054/2054
f 945/945/945 932/932/932 931/931/931 944/944/944
f 946/946/946 933/933/933 932/932/932 945/945/945
f 947/947/947 934/934/934 933/933/933 946/946/946
f 948/948/948 935/935/935 934/934/934 947/947/947
f 949/949/949 936/936/936 935/935/935 948/948/948
f 950/950/950 937/937/937 936/936/936 949/949/949
f 951/951/951 938/938/938 937/937/937 950/950/950
f 952/952/952 939/939/939 938/938/938 951/951/951
f 953/953/953 940/940/940 939/939/939 952/952/952
f 954/954/954 941/941/941 940/940/940 953/953/953
f 1860/1860/1860 942/942/942 941/941/941
f 954/954/954 955/955/955 1860/1860/1860
f 941/941/941 954/954/954 1860/1860/1860
f 1871/1871/1871 1869/1869/1869 1867/1867/1867 1870/1870/1870
f 1868/1868/1868 1871/1871/1871 1870/1870/1870 1856/1856/1856
f 1874/1874/1874 1872/1872/1872 1865/1865/1865 1873/1873/1873
f 1869/1869/1869 1874/1874/1874 1873/1873/1873 1867/1867/1867
f 1873/1873/1873 1865/1865/1865 1861/1861/1861
f 1866/1866/1866 1867/1867/1867 1873/1873/1873
f 1861/1861/1861 1866/1866/1866 1873/1873/1873
f 1870/1870/1870 1867/1867/1867 1866/1866/1866
f 1840/1840/1840 1856/1856/1856 1870/1870/1870
f 1866/1866/1866 1840/1840/1840 1870/1870/1870
f 1884/1884/1884 1882/1882/1882 1875/1875/1875 1883/1883/1883
f 1881/1881/1881 1884/1884/1884 1883/1883/1883 1877/1877/1877
f 1883/1883/1883 1875/1875/1875 1859/1859/1859
f 1876/1876/1876 1877/1877/1877 1883/1883/1883
f 1859/1859/1859 1876/1876/1876 1883/1883/1883
f 1865/1865/1865 1877/1877/1877 1876/1876/1876 1861/1861/1861
f 1876/1876/1876 1859/1859/1859 942/942/942
f 1860/1860/1860 1861/1861/1861 1876/1876/1876
f 942/942/942 1860/1860/1860 1876/1876/1876
f 1866/1866/1866 1861/1861/1861 1860/1860/1860
f 955/955/955 1840/1840/1840 1866/1866/1866
f 1860/1860/1860 955/955/955 1866/1866/1866
f 956/956/956 2057/2057/2057 2058/2058/2058 2056/2056/2056
f 2057/2057/2057 943/943/943 2053/2053/2053 2058/2058/2058
f 2057/2057/2057 956/956/956 957/957/957
f 944/944/944 943/943/943 2057/2057/2057
f 957/957/957 944/944/944 2057/2057/2057
f 958/958/958 945/945/945 944/944/944 957/957/957
f 959/959/959 946/946/946 945/945/945 958/958/958
f 960/960/960 947/947/947 946/946/946 959/959/959
f 961/961/961 948/948/948 947/947/947 960/960/960
f 962/962/962 949/949/949 948/948/948 961/961/961
f 963/963/963 950/950/950 949/949/949 962/962/962
f 964/964/964 951/951/951 950/950/950 963/963/963
f 965/965/965 952/952/952 951/951/951 964/964/964
f 966/966/966 953/953/953 952/952/952 965/965/965
f 967/967/967 954/954/954 953/953/953 966/966/966
f 1841/1841/1841 955/955/955 954/954/954
f 967/967/967 968/968/968 1841/1841/1841
f 954/954/954 967/967/967 1841/1841/1841
f 1852/1852/1852 1850/1850/1850 1848/1848/1848 1851/1851/1851
f 1849/1849/1849 1852/1852/1852 1851/1851/1851 1837/1837/1837
f 1855/1855/1855 1853/1853/1853 1846/1846/1846 1854/1854/1854
f 1850/1850/1850 1855/1855/1855 1854/1854/1854 1848/1848/1848
f 1854/1854/1854 1846/1846/1846 1842/1842/1842
f 1847/1847/1847 1848/1848/1848 1854/1854/1854
f 1842/1842/1842 1847/1847/1847 1854/1854/1854
f 1851/1851/1851 1848/1848/1848 1847/1847/1847
f 1821/1821/1821 1837/1837/1837 1851/1851/1851
f 1847/1847/1847 1821/1821/1821 1851/1851/1851
f 1864/1864/1864 1862/1862/1862 1858/1858/1858 1863/1863/1863
f 1853/1853/1853 1864/1864/1864 1863/1863/1863 1846/1846/1846
f 1858/1858/1858 1856/1856/1856 1840/1840/1840 1857/1857/1857
f 1863/1863/1863 1858/1858/1858 1857/1857/1857
f 1842/1842/1842 1846/1846/1846 1863/1863/1863
f 1857/1857/1857 1842/1842/1842 1863/1863/1863
f 1857/1857/1857 1840/1840/1840 955/955/955
f 1841/1841/1841 1842/1842/1842 1857/1857/1857
f 955/955/955 1841/1841/1841 1857/1857/1857
f 1847/1847/1847 1842/1842/1842 1841/1841/1841
f 968/968/968 1821/1821/1821 1847/1847/1847
f 1841/1841/1841 968/968/968 1847/1847/1847
f 970/970/970 2060/2060/2060 2061/2061/2061 2059/2059/2059
f 2060/2060/2060 956/956/956 2056/2056/2056 2061/2061/2061
f 2060/2060/2060 970/970/970 971/971/971
f 957/957/957 956/956/956 2060/2060/2060
f 971/971/971 957/957/957 2060/2060/2060
f 972/972/972 958/958/958 957/957/957 971/971/971
f 973/973/973 959/959/959 958/958/958 972/972/972
f 974/974/974 960/960/960 959/959/959 973/973/973
f 975/975/975 961/961/961 960/960/960 974/974/974
f 976/976/976 962/962/962 961/961/961 975/975/975
f 977/977/977 963/963/963 962/962/962 976/976/976
f 978/978/978 964/964/964 963/963/963 977/977/977
f 979/979/979 965/965/965 964/964/964 978/978/978
f 980/980/980 966/966/966 965/965/965 979/979/979
f 981/981/981 967/967/967 966/966/966 980/980/980
f 1822/1822/1822 968/968/968 967/967/967
f 981/981/981 982/982/982 1822/1822/1822
f 967/967/967 981/981/981 1822/1822/1822
f 1836/1836/1836 1834/1834/1834 1830/1830/1830 1835/1835/1835
f 1833/1833/1833 1836/1836/1836 1835/1835/1835 1832/1832/1832
f 1835/1835/1835 1830/1830/1830 1823/1823/1823
f 1831/1831/1831 1832/1832/1832 1835/1835/1835
f 1823/1823/1823 1831/1831/1831 1835/1835/1835
f 1818/1818/1818 1832/1832/1832 1831/1831/1831 1802/1802/1802
f 1845/1845/1845 1843/1843/1843 1839/1839/1839 1844/1844/1844
f 1834/1834/1834 1845/1845/1845 1844/1844/1844 1830/1830/1830
f 1839/1839/1839 1837/1837/1837 1821/1821/1821 1838/1838/1838
f 1844/1844/1844 1839/1839/1839 1838/1838/1838
f 1823/1823/1823 1830/1830/1830 1844/1844/1844
f 1838/1838/1838 1823/1823/1823 1844/1844/1844
f 1838/1838/1838 1821/1821/1821 968/968/968
f 1822/1822/1822 1823/1823/1823 1838/1838/1838
f 968/968/968 1822/1822/1822 1838/1838/1838
f 1831/1831/1831 1823/1823/1823 1822/1822/1822
f 982/982/982 1802/1802/1802 1831/1831/1831
f 1822/1822/1822 982/982/982 1831/1831/1831
f 983/983/983 2063/2063/2063 2064/2064/2064 2062/2062/2062
f 2063/2063/2063 970/970/970 2059/2059/2059 2064/2064/2064
f 2063/2063/2063 983/983/983 984/984/984
f 971/971/971 970/970/970 2063/2063/2063
f 984/984/984 971/971/971 2063/2063/2063
f 985/985/985 972/972/972 971/971/971 984/984/984
f 986/986/986 973/973/973 972/972/972 985/985/985
f 987/987/987 974/974/974 973/973/973 986/986/986
f 988/988/988 975/975/975 974/974/974 987/987/987
f 989/989/989 976/976/976 975/975/975 988/988/988
f 990/990/990 977/977/977 976/976/976 989/989/989
f 991/991/991 978/978/978 977/977/977 990/990/990
f 992/992/992 979/979/979 978/978/978 991/991/991
f 993/993/993 980/980/980 979/979/979 992/992/992
f 994/994/994 981/981/981 980/980/980 993/993/993
f 1803/1803/1803 982/982/982 981/981/981
f 994/994/994 995/995/995 1803/1803/1803
f 981/981/981 994/994/994 1803/1803/1803
f 1817/1817/1817 1815/1815/1815 1811/1811/1811 1816/1816/1816
f 1814/1814/1814 1817/1817/1817 1816/1816/1816 1813/1813/1813
f 1816/1816/1816 1811/1811/1811 1804/1804/1804
f 1812/1812/1812 1813/1813/1813 1816/1816/1816
f 1804/1804/1804 1812/1812/1812 1816/1816/1816
f 1799/1799/1799 1813/1813/1813 1812/1812/1812 1783/1783/1783
f 1826/1826/1826 1824/1824/1824 1820/1820/1820 1825/1825/1825
f 1815/1815/1815 1826/1826/1826 1825/1825/1825 1811/1811/1811
f 1829/1829/1829 1827/1827/1827 1818/1818/1818 1828/1828/1828
f 1824/1824/1824 1829/1829/1829 1828/1828/1828 1820/1820/1820
f 1828/1828/1828 1818/1818/1818 1802/1802/1802
f 1819/1819/1819 1820/1820/1820 1828/1828/1828
f 1802/1802/1802 1819/1819/1819 1828/1828/1828
f 1825/1825/1825 1820/1820/1820 1819/1819/1819
f 1804/1804/1804 1811/1811/1811 1825/1825/1825
f 1819/1819/1819 1804/1804/1804 1825/1825/1825
f 1819/1819/1819 1802/1802/1802 982/982/982
f 1803/1803/1803 1804/1804/1804 1819/1819/1819
f 982/982/982 1803/1803/1803 1819/1819/1819
f 1812/1812/1812 1804/1804/1804 1803/1803/1803
f 995/995/995 1783/1783/1783 1812/1812/1812
f 1803/1803/1803 995/995/995 1812/1812/1812
f 996/996/996 2066/2066/2066 2067/2067/2067 2065/2065/2065
f 2066/2066/2066 983/983/983 2062/2062/2062 2067/2067/2067
f 2066/2066/2066 996/996/996 997/997/997
f 984/984/984 983/983/983 2066/2066/2066
f 997/997/997 984/984/984 2066/2066/2066
f 998/998/998 985/985/985 984/984/984 997/997/997
f 999/999/999 986/986/986 985/985/985 998/998/998
f 1000/1000/1000 987/987/987 986/986/986 999/999/999
f 1001/1001/1001 988/988/988 987/987/987 1000/1000/1000
f 1002/1002/1002 989/989/989 988/988/988 1001/1001/1001
f 1003/1003/1003 990/990/990 989/989/989 1002/1002/1002
f 1004/1004/1004 991/991/991 990/990/990 1003/1003/1003
f 1005/1005/1005 992/992/992 991/991/991 1004/1004/1004
f 1006/1006/1006 993/993/993 992/992/992 1005/1005/1005
f 1007/1007/1007 994/994/994 993/993/993 1006/1006/1006
f 1784/1784/1784 995/995/995 994/994/994
f 1007/1007/1007 1008/1008/1008 1784/1784/1784
f 994/994/994 1007/1007/1007 1784/1784/1784
f 1795/1795/1795 1793/1793/1793 1791/1791/1791 1794/1794/1794
f 1792/1792/1792 1795/1795/1795 1794/1794/1794 1780/1780/1780
f 1798/1798/1798 1796/1796/1796 1789/1789/1789 1797/1797/1797
f 1793/1793/1793 1798/1798/1798 1797/1797/1797 1791/1791/1791
f 1797/1797/1797 1789/1789/1789 1785/1785/1785
f 1790/1790/1790 1791/1791/1791 1797/1797/1797
f 1785/1785/1785 1790/1790/1790 1797/1797/1797
f 1794/1794/1794 1791/1791/1791 1790/1790/1790
f 1764/1764/1764 1780/1780/1780 1794/1794/1794
f 1790/1790/1790 1764/1764/1764 1794/1794/1794
f 1807/1807/1807 1805/1805/1805 1801/1801/1801 1806/1806/1806
f 1796/1796/1796 1807/1807/1807 1806/1806/1806 1789/1789/1789
f 1810/1810/1810 1808/1808/1808 1799/1799/1799 1809/1809/1809
f 1805/1805/1805 1810/1810/1810 1809/1809/1809 1801/1801/1801
f 1809/1809/1809 1799/1799/1799 1783/1783/1783
f 1800/1800/1800 1801/1801/1801 1809/1809/1809
f 1783/1783/1783 1800/1800/1800 1809/1809/1809
f 1806/1806/1806 1801/1801/1801 1800/1800/1800
f 1785/1785/1785 1789/1789/1789 1806/1806/1806
f 1800/1800/1800 1785/1785/1785 1806/1806/1806
f 1800/1800/1800 1783/1783/1783 995/995/995
f 1784/1784/1784 1785/1785/1785 1800/1800/1800
f 995/995/995 1784/1784/1784 1800/1800/1800
f 1790/1790/1790 1785/1785/1785 1784/1784/1784
f 1008/1008/1008 1764/1764/1764 1790/1790/1790
f 1784/1784/1784 1008/1008/1008 1790/1790/1790
f 1009/1009/1009 2069/2069/2069 2070/2070/2070 2068/2068/2068
f 2069/2069/2069 996/996/996 2065/2065/2065 2070/2070/2070
f 2069/2069/2069 1009/1009/1009 1010/1010/1010
f 997/997/997 996/996/996 2069/2069/2069
f 1010/1010/1010 997/997/997 2069/2069/2069
f 1011/1011/1011 998/998/998 997/997/997 1010/1010/1010
f 1012/1012/1012 999/999/999 998/998/998 1011/1011/1011
f 1013/1013/1013 1000/1000/1000 999/999/999 1012/1012/1012
f 1014/1014/1014 1001/1001/1001 1000/1000/1000 1013/1013/1013
f 1015/1015/1015 1002/1002/1002 1001/1001/1001 1014/1014/1014
f 1016/1016/1016 1003/1003/1003 1002/1002/1002 1015/1015/1015
f 1017/1017/1017 1004/1004/1004 1003/1003/1003 1016/1016/1016
f 1018/1018/1018 1005/1005/1005 1004/1004/1004 1017/1017/1017
f 1019/1019/1019 1006/1006/1006 1005/1005/1005 1018/1018/1018
f 1020/1020/1020 1007/1007/1007 1006/1006/1006 1019/1019/1019
f 1765/1765/1765 1008/1008/1008 1007/1007/1007
f 1020/1020/1020 1021/1021/1021 1765/1765/1765
f 1007/1007/1007 1020/1020/1020 1765/1765/1765
f 1776/1776/1776 1774/1774/1774 1772/1772/1772 1775/1775/1775
f 1773/1773/1773 1776/1776/1776 1775/1775/1775 1761/1761/1761
f 1779/1779/1779 1777/1777/1777 1770/1770/1770 1778/1778/1778
f 1774/1774/1774 1779/1779/1779 1778/1778/1778 1772/1772/1772
f 1778/1778/1778 1770/1770/1770 1766/1766/1766
f 1771/1771/1771 1772/1772/1772 1778/1778/1778
f 1766/1766/1766 1771/1771/1771 1778/1778/1778
f 1775/1775/1775 1772/1772/1772 1771/1771/1771
f 1745/1745/1745 1761/1761/1761 1775/1775/1775
f 1771/1771/1771 1745/1745/1745 1775/1775/1775
f 1788/1788/1788 1786/1786/1786 1782/1782/1782 1787/1787/1787
f 1777/1777/1777 1788/1788/1788 1787/1787/1787 1770/1770/1770
f 1782/1782/1782 1780/1780/1780 1764/1764/1764 1781/1781/1781
f 1787/1787/1787 1782/1782/1782 1781/1781/1781
f 1766/1766/1766 1770/1770/1770 1787/1787/1787
f 1781/1781/1781 1766/1766/1766 1787/1787/1787
f 1781/1781/1781 1764/1764/1764 1008/1008/1008
f 1765/1765/1765 1766/1766/1766 1781/1781/1781
f 1008/1008/1008 1765/1765/1765 1781/1781/1781
f 1771/1771/1771 1766/1766/1766 1765/1765/1765
f 1021/1021/1021 1745/1745/1745 1771/1771/1771
f 1765/1765/1765 1021/1021/1021 1771/1771/1771
f 1022/1022/1022 2072/2072/2072 2073/2073/2073 2071/2071/2071
f 2072/2072/2072 1009/1009/1009 2068/2068/2068 2073/2073/2073
f 2072/2072/2072 1022/1022/1022 1023/1023/1023
f 1010/1010/1010 1009/1009/1009 2072/2072/2072
f 1023/1023/1023 1010/1010/1010 2072/2072/2072
f 1024/1024/1024 1011/1011/1011 1010/1010/1010 1023/1023/1023
f 1025/1025/1025 1012/1012/1012 1011/1011/1011 1024/1024/1024
f 1026/1026/1026 1013/1013/1013 1012/1012/1012 1025/1025/1025
f 1027/1027/1027 1014/1014/1014 1013/1013/1013 1026/1026/1026
f 1028/1028/1028 1015/1015/1015 1014/1014/1014 1027/1027/1027
f 1029/1029/1029 1016/1016/1016 1015/1015/1015 1028/1028/1028
f 1030/1030/1030 1017/1017/1017 1016/1016/1016 1029/1029/1029
f 1031/1031/1031 1018/1018/1018 1017/1017/1017 1030/1030/1030
f 1032/1032/1032 1019/1019/1019 1018/1018/1018 1031/1031/1031
f 1033/1033/1033 1020/1020/1020 1019/1019/1019 1032/1032/1032
f 1746/1746/1746 1021/1021/1021 1020/1020/1020
f 1033/1033/1033 1034/1034/1034 1746/1746/1746
f 1020/1020/1020 1033/1033/1033 1746/1746/1746
f 1757/1757/1757 1755/1755/1755 1754/1754/1754 1756/1756/1756
f 1749/1749/1749 1757/1757/1757 1756/1756/1756 1742/1742/1742
f 1760/1760/1760 1758/1758/1758 1752/1752/1752 1759/1759/1759
f 1755/1755/1755 1760/1760/1760 1759/1759/1759 1754/1754/1754
f 1759/1759/1759 1752/1752/1752 1747/1747/1747
f 1753/1753/1753 1754/1754/1754 1759/1759/1759
f 1747/1747/1747 1753/1753/1753 1759/1759/1759
f 1756/1756/1756 1754/1754/1754 1753/1753/1753
f 1726/1726/1726 1742/1742/1742 1756/1756/1756
f 1753/1753/1753 1726/1726/1726 1756/1756/1756
f 1769/1769/1769 1767/1767/1767 1763/1763/1763 1768/1768/1768
f 1758/1758/1758 1769/1769/1769 1768/1768/1768 1752/1752/1752
f 1763/1763/1763 1761/1761/1761 1745/1745/1745 1762/1762/1762
f 1768/1768/1768 1763/1763/1763 1762/1762/1762
f 1747/1747/1747 1752/1752/1752 1768/1768/1768
f 1762/1762/1762 1747/1747/1747 1768/1768/1768
f 1762/1762/1762 1745/1745/1745 1021/1021/1021
f 1746/1746/1746 1747/1747/1747 1762/1762/1762
f 1021/1021/1021 1746/1746/1746 1762/1762/1762
f 1753/1753/1753 1747/1747/1747 1746/1746/1746
f 1034/1034/1034 1726/1726/1726 1753/1753/1753
f 1746/1746/1746 1034/1034/1034 1753/1753/1753
f 1035/1035/1035 2075/2075/2075 2076/2076/2076 2074/2074/2074
f 2075/2075/2075 1022/1022/1022 2071/2071/2071 2076/2076/2076
f 2075/2075/2075 1035/1035/1035 1036/1036/1036
f 1023/1023/1023 1022/1022/1022 2075/2075/2075
f 1036/1036/1036 1023/1023/1023 2075/2075/2075
f 1037/1037/1037 1024/1024/1024 1023/1023/1023 1036/1036/1036
f 1038/1038/1038 1025/1025/1025 1024/1024/1024 1037/1037/1037
f 1039/1039/1039 1026/1026/1026 1025/1025/1025 1038/1038/1038
f 1040/1040/1040 1027/1027/1027 1026/1026/1026 1039/1039/1039
f 1041/1041/1041 1028/1028/1028 1027/1027/1027 1040/1040/1040
f 1042/1042/1042 1029/1029/1029 1028/1028/1028 1041/1041/1041
f 1043/1043/1043 1030/1030/1030 1029/1029/1029 1042/1042/1042
f 1044/1044/1044 1031/1031/1031 1030/1030/1030 1043/1043/1043
f 1045/1045/1045 1032/1032/1032 1031/1031/1031 1044/1044/1044
f 1046/1046/1046 1033/1033/1033 1032/1032/1032 1045/1045/1045
f 1727/1727/1727 1034/1034/1034 1033/1033/1033
f 1046/1046/1046 1047/1047/1047 1727/1727/1727
f 1033/1033/1033 1046/1046/1046 1727/1727/1727
f 1738/1738/1738 1736/1736/1736 1735/1735/1735 1737/1737/1737
f 1730/1730/1730 1738/1738/1738 1737/1737/1737 1723/1723/1723
f 1741/1741/1741 1739/1739/1739 1733/1733/1733 1740/1740/1740
f 1736/1736/1736 1741/1741/1741 1740/1740/1740 1735/1735/1735
f 1740/1740/1740 1733/1733/1733 1728/1728/1728
f 1734/1734/1734 1735/1735/1735 1740/1740/1740
f 1728/1728/1728 1734/1734/1734 1740/1740/1740
f 1737/1737/1737 1735/1735/1735 1734/1734/1734
f 1707/1707/1707 1723/1723/1723 1737/1737/1737
f 1734/1734/1734 1707/1707/1707 1737/1737/1737
f 1751/1751/1751 1749/1749/1749 1742/1742/1742 1750/1750/1750
f 1748/1748/1748 1751/1751/1751 1750/1750/1750 1744/1744/1744
f 1750/1750/1750 1742/1742/1742 1726/1726/1726
f 1743/1743/1743 1744/1744/1744 1750/1750/1750
f 1726/1726/1726 1743/1743/1743 1750/1750/1750
f 1733/1733/1733 1744/1744/1744 1743/1743/1743 1728/1728/1728
f 1743/1743/1743 1726/1726/1726 1034/1034/1034
f 1727/1727/1727 1728/1728/1728 1743/1743/1743
f 1034/1034/1034 1727/1727/1727 1743/1743/1743
f 1734/1734/1734 1728/1728/1728 1727/1727/1727
f 1047/1047/1047 1707/1707/1707 1734/1734/1734
f 1727/1727/1727 1047/1047/1047 1734/1734/1734
f 1048/1048/1048 2078/2078/2078 2079/2079/2079 2077/2077/2077
f 2078/2078/2078 1035/1035/1035 2074/2074/2074 2079/2079/2079
f 2078/2078/2078 1048/1048/1048 1049/1049/1049
f 1036/1036/1036 1035/1035/1035 2078/2078/2078
f 1049/1049/1049 1036/1036/1036 2078/2078/2078
f 1050/1050/1050 1037/1037/1037 1036/1036/1036 1049/1049/1049
f 1051/1051/1051 1038/1038/1038 1037/1037/1037 1050/1050/1050
f 1052/1052/1052 1039/1039/1039 1038/1038/1038 1051/1051/1051
f 1053/1053/1053 1040/1040/1040 1039/1039/1039 1052/1052/1052
f 1054/1054/1054 1041/1041/1041 1040/1040/1040 1053/1053/1053
f 1055/1055/1055 1042/1042/1042 1041/1041/1041 1054/1054/1054
f 1056/1056/1056 1043/1043/1043 1042/1042/1042 1055/1055/1055
f 1057/1057/1057 1044/1044/1044 1043/1043/1043 1056/1056/1056
f 1058/1058/1058 1045/1045/1045 1044/1044/1044 1057/1057/1057
f 1059/1059/1059 1046/1046/1046 1045/1045/1045 1058/1058/1058
f 1708/1708/1708 1047/1047/1047 1046/1046/1046
f 1059/1059/1059 1060/1060/1060 1708/1708/1708
f 1046/1046/1046 1059/1059/1059 1708/1708/1708
f 1719/1719/1719 1717/1717/1717 1715/1715/1715 1718/1718/1718
f 1716/1716/1716 1719/1719/1719 1718/1718/1718 1704/1704/1704
f 1722/1722/1722 1720/1720/1720 1713/1713/1713 1721/1721/1721
f 1717/1717/1717 1722/1722/1722 1721/1721/1721 1715/1715/1715
f 1721/1721/1721 1713/1713/1713 1709/1709/1709
f 1714/1714/1714 1715/1715/1715 1721/1721/1721
f 1709/1709/1709 1714/1714/1714 1721/1721/1721
f 1718/1718/1718 1715/1715/1715 1714/1714/1714
f 1688/1688/1688 1704/1704/1704 1718/1718/1718
f 1714/1714/1714 1688/1688/1688 1718/1718/1718
f 1732/1732/1732 1730/1730/1730 1723/1723/1723 1731/1731/1731
f 1729/1729/1729 1732/1732/1732 1731/1731/1731 1725/1725/1725
f 1731/1731/1731 1723/1723/1723 1707/1707/1707
f 1724/1724/1724 1725/1725/1725 1731/1731/1731
f 1707/1707/1707 1724/1724/1724 1731/1731/1731
f 1713/1713/1713 1725/1725/1725 1724/1724/1724 1709/1709/1709
f 1724/1724/1724 1707/1707/1707 1047/1047/1047
f 1708/1708/1708 1709/1709/1709 1724/1724/1724
f 1047/1047/1047 1708/1708/1708 1724/1724/1724
f 1714/1714/1714 1709/1709/1709 1708/1708/1708
f 1060/1060/1060 1688/1688/1688 1714/1714/1714
f 1708/1708/1708 1060/1060/1060 1714/1714/1714
f 1061/1061/1061 2081/2081/2081 2082/2082/2082 2080/2080/2080
f 2081/2081/2081 1048/1048/1048 2077/2077/2077 2082/2082/2082
f 2081/2081/2081 1061/1061/1061 1062/1062/1062
f 1049/1049/1049 1048/1048/1048 2081/2081/2081
f 1062/1062/1062 1049/1049/1049 2081/2081/2081
f 1063/1063/1063 1050/1050/1050 1049/1049/1049 1062/1062/1062
f 1064/1064/1064 1051/1051/1051 1050/1050/1050 1063/1063/1063
f 1065/1065/1065 1052/1052/1052 1051/1051/1051 1064/1064/1064
f 1066/1066/1066 1053/1053/1053 1052/1052/1052 1065/1065/1065
f 1067/1067/1067 1054/1054/1054 1053/1053/1053 1066/1066/1066
f 1068/1068/1068 1055/1055/1055 1054/1054/1054 1067/1067/1067
f 1069/1069/1069 1056/1056/1056 1055/1055/1055 1068/1068/1068
f 1070/1070/1070 1057/1057/1057 1056/1056/1056 1069/1069/1069
f 1071/1071/1071 1058/1058/1058 1057/1057/1057 1070/1070/1070
f 1072/1072/1072 1059/1059/1059 1058/1058/1058 1071/1071/1071
f 1689/1689/1689 1060/1060/1060 1059/1059/1059
f 1072/1072/1072 1073/1073/1073 1689/1689/1689
f 1059/1059/1059 1072/1072/1072 1689/1689/1689
f 1703/1703/1703 1701/1701/1701 1697/1697/1697 1702/1702/1702
f 1700/1700/1700 1703/1703/1703 1702/1702/1702 1699/1699/1699
f 1702/1702/1702 1697/1697/1697 1690/1690/1690
f 1698/1698/1698 1699/1699/1699 1702/1702/1702
f 1690/1690/1690 1698/1698/1698 1702/1702/1702
f 1685/1685/1685 1699/1699/1699 1698/1698/1698 1669/1669/1669
f 1712/1712/1712 1710/1710/1710 1706/1706/1706 1711/1711/1711
f 1701/1701/1701 1712/1712/1712 1711/1711/1711 1697/1697/1697
f 1706/1706/1706 1704/1704/1704 1688/1688/1688 1705/1705/1705
f 1711/1711/1711 1706/1706/1706 1705/1705/1705
f 1690/1690/1690 1697/1697/1697 1711/1711/1711
f 1705/1705/1705 1690/1690/1690 1711/1711/1711
f 1705/1705/1705 1688/1688/1688 1060/1060/1060
f 1689/1689/1689 1690/1690/1690 1705/1705/1705
f 1060/1060/1060 1689/1689/1689 1705/1705/1705
f 1698/1698/1698 1690/1690/1690 1689/1689/1689
f 1073/1073/1073 1669/1669/1669 1698/1698/1698
f 1689/1689/1689 1073/1073/1073 1698/1698/1698
f 1075/1075/1075 2084/2084/2084 2085/2085/2085 2083/2083/2083
f 2084/2084/2084 1061/1061/1061 2080/2080/2080 2085/2085/2085
f 2084/2084/2084 1075/1075/1075 1076/1076/1076
f 1062/1062/1062 1061/1061/1061 2084/2084/2084
f 1076/1076/1076 1062/1062/1062 2084/2084/2084
f 1077/1077/1077 1063/1063/1063 1062/1062/1062 1076/1076/1076
f 1078/1078/1078 1064/1064/1064 1063/1063/1063 1077/1077/1077
f 1079/1079/1079 1065/1065/1065 1064/1064/1064 1078/1078/1078
f 1080/1080/1080 1066/1066/1066 1065/1065/1065 1079/1079/1079
f 1081/1081/1081 1067/1067/1067 1066/1066/1066 1080/1080/1080
f 1082/1082/1082 1068/1068/1068 1067/1067/1067 1081/1081/1081
f 1083/1083/1083 1069/1069/1069 1068/1068/1068 1082/1082/1082
f 1084/1084/1084 1070/1070/1070 1069/1069/1069 1083/1083/1083
f 1085/1085/1085 1071/1071/1071 1070/1070/1070 1084/1084/1084
f 1086/1086/1086 1072/1072/1072 1071/1071/1071 1085/1085/1085
f 1670/1670/1670 1073/1073/1073 1072/1072/1072
f 1086/1086/1086 1087/1087/1087 1670/1670/1670
f 1072/1072/1072 1086/1086/1086 1670/1670/1670
f 1684/1684/1684 1682/1682/1682 1678/1678/1678 1683/1683/1683
f 1681/1681/1681 1684/1684/1684 1683/1683/1683 1680/1680/1680
f 1683/1683/1683 1678/1678/1678 1671/1671/1671
f 1679/1679/1679 1680/1680/1680 1683/1683/1683
f 1671/1671/1671 1679/1679/1679 1683/1683/1683
f 1666/1666/1666 1680/1680/1680 1679/1679/1679 1650/1650/1650
f 1693/1693/1693 1691/1691/1691 1687/1687/1687 1692/1692/1692
f 1682/1682/1682 1693/1693/1693 1692/1692/1692 1678/1678/1678
f 1696/1696/1696 1694/1694/1694 1685/1685/1685 1695/1695/1695
f 1691/1691/1691 1696/1696/1696 1695/1695/1695 1687/1687/1687
f 1695/1695/1695 1685/1685/1685 1669/1669/1669
f 1686/1686/1686 1687/1687/1687 1695/1695/1695
f 1669/1669/1669 1686/1686/1686 1695/1695/1695
f 1692/1692/1692 1687/1687/1687 1686/1686/1686
f 1671/1671/1671 1678/1678/1678 1692/1692/1692
f 1686/1686/1686 1671/1671/1671 1692/1692/1692
f 1686/1686/1686 1669/1669/1669 1073/1073/1073
f 1670/1670/1670 1671/1671/1671 1686/1686/1686
f 1073/1073/1073 1670/1670/1670 1686/1686/1686
f 1679/1679/1679 1671/1671/1671 1670/1670/1670
f 1087/1087/1087 1650/1650/1650 1679/1679/1679
f 1670/1670/1670 1087/1087/1087 1679/1679/1679
f 1088/1088/1088 2087/2087/2087 2088/2088/2088 2086/2086/2086
f 2087/2087/2087 1075/1075/1075 2083/2083/2083 2088/2088/2088
f 2087/2087/2087 1088/1088/1088 1089/1089/1089
f 1076/1076/1076 1075/1075/1075 2087/2087/2087
f 1089/1089/1089 1076/1076/1076 2087/2087/2087
f 1090/1090/1090 1077/1077/1077 1076/1076/1076 1089/1089/1089
f 1091/1091/1091 1078/1078/1078 1077/1077/1077 1090/1090/1090
f 1092/1092/1092 1079/1079/1079 1078/1078/1078 1091/1091/1091
f 1093/1093/1093 1080/1080/1080 1079/1079/1079 1092/1092/1092
f 1094/1094/1094 1081/1081/1081 1080/1080/1080 1093/1093/1093
f 1095/1095/1095 1082/1082/1082 1081/1081/1081 1094/1094/1094
f 1096/1096/1096 1083/1083/1083 1082/1082/1082 1095/1095/1095
f 1097/1097/1097 1084/1084/1084 1083/1083/1083 1096/1096/1096
f 1098/1098/1098 1085/1085/1085 1084/1084/1084 1097/1097/1097
f 1099/1099/1099 1086/1086/1086 1085/1085/1085 1098/1098/1098
f 1651/1651/1651 1087/1087/1087 1086/1086/1086
f 1099/1099/1099 1100/1100/1100 1651/1651/1651
f 1086/1086/1086 1099/1099/1099 1651/1651/1651
f 1665/1665/1665 1663/1663/1663 1659/1659/1659 1664/1664/1664
f 1662/1662/1662 1665/1665/1665 1664/1664/1664 1661/1661/1661
f 1664/1664/1664 1659/1659/1659 1652/1652/1652
f 1660/1660/1660 1661/1661/1661 1664/1664/1664
f 1652/1652/1652 1660/1660/1660 1664/1664/1664
f 1647/1647/1647 1661/1661/1661 1660/1660/1660 1631/1631/1631
f 1674/1674/1674 1672/1672/1672 1668/1668/1668 1673/1673/1673
f 1663/1663/1663 1674/1674/1674 1673/1673/1673 1659/1659/1659
f 1677/1677/1677 1675/1675/1675 1666/1666/1666 1676/1676/1676
f 1672/1672/1672 1677/1677/1677 1676/1676/1676 1668/1668/1668
f 1676/1676/1676 1666/1666/1666 1650/1650/1650
f 1667/1667/1667 1668/1668/1668 1676/1676/1676
f 1650/1650/1650 1667/1667/1667 1676/1676/1676
f 1673/1673/1673 1668/1668/1668 1667/1667/1667
f 1652/1652/1652 1659/1659/1659 1673/1673/1673
f 1667/1667/1667 1652/1652/1652 1673/1673/1673
f 1667/1667/1667 1650/1650/1650 1087/1087/1087
f 1651/1651/1651 1652/1652/1652 1667/1667/1667
f 1087/1087/1087 1651/1651/1651 1667/1667/1667
f 1660/1660/1660 1652/1652/1652 1651/1651/1651
f 1100/1100/1100 1631/1631/1631 1660/1660/1660
f 1651/1651/1651 1100/1100/1100 1660/1660/1660
f 1101/1101/1101 2090/2090/2090 2091/2091/2091 2089/2089/2089
f 2090/2090/2090 1088/1088/1088 2086/2086/2086 2091/2091/2091
f 2090/2090/2090 1101/1101/1101 1102/1102/1102
f 1089/1089/1089 1088/1088/1088 2090/2090/2090
f 1102/1102/1102 1089/1089/1089 2090/2090/2090
f 1103/1103/1103 1090/1090/1090 1089/1089/1089 1102/1102/1102
f 1104/1104/1104 1091/1091/1091 1090/1090/1090 1103/1103/1103
f 1105/1105/1105 1092/1092/1092 1091/1091/1091 1104/1104/1104
f 1106/1106/1106 1093/1093/1093 1092/1092/1092 1105/1105/1105
f 1107/1107/1107 1094/1094/1094 1093/1093/1093 1106/1106/1106
f 1108/1108/1108 1095/1095/1095 1094/1094/1094 1107/1107/1107
f 1109/1109/1109 1096/1096/1096 1095/1095/1095 1108/1108/1108
f 1110/1110/1110 1097/1097/1097 1096/1096/1096 1109/1109/1109
f 1111/1111/1111 1098/1098/1098 1097/1097/1097 1110/1110/1110
f 1112/1112/1112 1099/1099/1099 1098/1098/1098 1111/1111/1111
f 1632/1632/1632 1100/1100/1100 1099/1099/1099
f 1112/1112/1112 1113/1113/1113 1632/1632/1632
f 1099/1099/1099 1112/1112/1112 1632/1632/1632
f 1643/1643/1643 1641/1641/1641 1639/1639/1639 1642/1642/1642
f 1640/1640/1640 1643/1643/1643 1642/1642/1642 1628/1628/1628
f 1646/1646/1646 1644/1644/1644 1637/1637/1637 1645/1645/1645
f 1641/1641/1641 1646/1646/1646 1645/1645/1645 1639/1639/1639
f 1645/1645/1645 1637/1637/1637 1633/1633/1633
f 1638/1638/1638 1639/1639/1639 1645/1645/1645
f 1633/1633/1633 1638/1638/1638 1645/1645/1645
f 1642/1642/1642 1639/1639/1639 1638/1638/1638
f 1612/1612/1612 1628/1628/1628 1642/1642/1642
f 1638/1638/1638 1612/1612/1612 1642/1642/1642
f 1655/1655/1655 1653/1653/1653 1649/1649/1649 1654/1654/1654
f 1644/1644/1644 1655/1655/1655 1654/1654/1654 1637/1637/1637
f 1658/1658/1658 1656/1656/1656 1647/1647/1647 1657/1657/1657
f 1653/1653/1653 1658/1658/1658 1657/1657/1657 1649/1649/1649
f 1657/1657/1657 1647/1647/1647 1631/1631/1631
f 1648/1648/1648 1649/1649/1649 1657/1657/1657
f 1631/1631/1631 1648/1648/1648 1657/1657/1657
f 1654/1654/1654 1649/1649/1649 1648/1648/1648
f 1633/1633/1633 1637/1637/1637 1654/1654/1654
f 1648/1648/1648 1633/1633/1633 1654/1654/1654
f 1648/1648/1648 1631/1631/1631 1100/1100/1100
f 1632/1632/1632 1633/1633/1633 1648/1648/1648
f 1100/1100/1100 1632/1632/1632 1648/1648/1648
f 1638/1638/1638 1633/1633/1633 1632/1632/1632
f 1113/1113/1113 1612/1612/1612 1638/1638/1638
f 1632/1632/1632 1113/1113/1113 1638/1638/1638
f 1114/1114/1114 2093/2093/2093 2094/2094/2094 2092/2092/2092
f 2093/2093/2093 1101/1101/1101 2089/2089/2089 2094/2094/2094
f 2093/2093/2093 1114/1114/1114 1115/1115/1115
f 1102/1102/1102 1101/1101/1101 2093/2093/2093
f 1115/1115/1115 1102/1102/1102 2093/2093/2093
f 1116/1116/1116 1103/1103/1103 1102/1102/1102 1115/1115/1115
f 1117/1117/1117 1104/1104/1104 1103/1103/1103 1116/1116/1116
f 1118/1118/1118 1105/1105/1105 1104/1104/1104 1117/1117/1117
f 1119/1119/1119 1106/1106/1106 1105/1105/1105 1118/1118/1118
f 1120/1120/1120 1107/1107/1107 1106/1106/1106 1119/1119/1119
f 1121/1121/1121 1108/1108/1108 1107/1107/1107 1120/1120/1120
f 1122/1122/1122 1109/1109/1109 1108/1108/1108 1121/1121/1121
f 1123/1123/1123 1110/1110/1110 1109/1109/1109 1122/1122/1122
f 1124/1124/1124 1111/1111/1111 1110/1110/1110 1123/1123/1123
f 1125/1125/1125 1112/1112/1112 1111/1111/1111 1124/1124/1124
f 1613/1613/1613 1113/1113/1113 1112/1112/1112
f 1125/1125/1125 1126/1126/1126 1613/1613/1613
f 1112/1112/1112 1125/1125/1125 1613/1613/1613
f 1624/1624/1624 1622/1622/1622 1620/1620/1620 1623/1623/1623
f 1621/1621/1621 1624/1624/1624 1623/1623/1623 1609/1609/1609
f 1627/1627/1627 1625/1625/1625 1618/1618/1618 1626/1626/1626
f 1622/1622/1622 1627/1627/1627 1626/1626/1626 1620/1620/1620
f 1626/1626/1626 1618/1618/1618 1614/1614/1614
f 1619/1619/1619 1620/1620/1620 1626/1626/1626
f 1614/1614/1614 1619/1619/1619 1626/1626/1626
f 1623/1623/1623 1620/1620/1620 1619/1619/1619
f 1593/1593/1593 1609/1609/1609 1623/1623/1623
f 1619/1619/1619 1593/1593/1593 1623/1623/1623
f 1636/1636/1636 1634/1634/1634 1630/1630/1630 1635/1635/1635
f 1625/1625/1625 1636/1636/1636 1635/1635/1635 1618/1618/1618
f 1630/1630/1630 1628/1628/1628 1612/1612/1612 1629/1629/1629
f 1635/1635/1635 1630/1630/1630 1629/1629/1629
f 1614/1614/1614 1618/1618/1618 1635/1635/1635
f 1629/1629/1629 1614/1614/1614 1635/1635/1635
f 1629/1629/1629 1612/1612/1612 1113/1113/1113
f 1613/1613/1613 1614/1614/1614 1629/1629/1629
f 1113/1113/1113 1613/1613/1613 1629/1629/1629
f 1619/1619/1619 1614/1614/1614 1613/1613/1613
f 1126/1126/1126 1593/1593/1593 1619/1619/1619
f 1613/1613/1613 1126/1126/1126 1619/1619/1619
f 1127/1127/1127 2096/2096/2096 2097/2097/2097 2095/2095/2095
f 2096/2096/2096 1114/1114/1114 2092/2092/2092 2097/2097/2097
f 2096/2096/2096 1127/1127/1127 1128/1128/1128
f 1115/1115/1115 1114/1114/1114 2096/2096/2096
f 1128/1128/1128 1115/1115/1115 2096/2096/2096
f 1129/1129/1129 1116/1116/1116 1115/1115/1115 1128/1128/1128
f 1130/1130/1130 1117/1117/1117 1116/1116/1116 1129/1129/1129
f 1131/1131/1131 1118/1118/1118 1117/1117/1117 1130/1130/1130
f 1132/1132/1132 1119/1119/1119 1118/1118/1118 1131/1131/1131
f 1133/1133/1133 1120/1120/1120 1119/1119/1119 1132/1132/1132
f 1134/1134/1134 1121/1121/1121 1120/1120/1120 1133/1133/1133
f 1135/1135/1135 1122/1122/1122 1121/1121/1121 1134/1134/1134
f 1136/1136/1136 1123/1123/1123 1122/1122/1122 1135/1135/1135
f 1137/1137/1137 1124/1124/1124 1123/1123/1123 1136/1136/1136
f 1138/1138/1138 1125/1125/1125 1124/1124/1124 1137/1137/1137
f 1594/1594/1594 1126/1126/1126 1125/1125/1125
f 1138/1138/1138 1139/1139/1139 1594/1594/1594
f 1125/1125/1125 1138/1138/1138 1594/1594/1594
f 1605/1605/1605 1603/1603/1603 1602/1602/1602 1604/1604/1604
f 1597/1597/1597 1605/1605/1605 1604/1604/1604 1590/1590/1590
f 1608/1608/1608 1606/1606/1606 1600/1600/1600 1607/1607/1607
f 1603/1603/1603 1608/1608/1608 1607/1607/1607 1602/1602/1602
f 1607/1607/1607 1600/1600/1600 1595/1595/1595
f 1601/1601/1601 1602/1602/1602 1607/1607/1607
f 1595/1595/1595 1601/1601/1601 1607/1607/1607
f 1604/1604/1604 1602/1602/1602 1601/1601/1601
f 1574/1574/1574 1590/1590/1590 1604/1604/1604
f 1601/1601/1601 1574/1574/1574 1604/1604/1604
f 1617/1617/1617 1615/1615/1615 1611/1611/1611 1616/1616/1616
f 1606/1606/1606 1617/1617/1617 1616/1616/1616 1600/1600/1600
f 1611/1611/1611 1609/1609/1609 1593/1593/1593 1610/1610/1610
f 1616/1616/1616 1611/1611/1611 1610/1610/1610
f 1595/1595/1595 1600/1600/1600 1616/1616/1616
f 1610/1610/1610 1595/1595/1595 1616/1616/1616
f 1610/1610/1610 1593/1593/1593 1126/1126/1126
f 1594/1594/1594 1595/1595/1595 1610/1610/1610
f 1126/1126/1126 1594/1594/1594 1610/1610/1610
f 1601/1601/1601 1595/1595/1595 1594/1594/1594
f 1139/1139/1139 1574/1574/1574 1601/1601/1601
f 1594/1594/1594 1139/1139/1139 1601/1601/1601
f 1140/1140/1140 2099/2099/2099 2100/2100/2100 2098/2098/2098
f 2099/2099/2099 1127/1127/1127 2095/2095/2095 2100/2100/2100
f 2099/2099/2099 1140/1140/1140 1141/1141/1141
f 1128/1128/1128 1127/1127/1127 2099/2099/2099
f 1141/1141/1141 1128/1128/1128 2099/2099/2099
f 1142/1142/1142 1129/1129/1129 1128/1128/1128 1141/1141/1141
f 1143/1143/1143 1130/1130/1130 1129/1129/1129 1142/1142/1142
f 1144/1144/1144 1131/1131/1131 1130/1130/1130 1143/1143/1143
f 1145/1145/1145 1132/1132/1132 1131/1131/1131 1144/1144/1144
f 1146/1146/1146 1133/1133/1133 1132/1132/1132 1145/1145/1145
f 1147/1147/1147 1134/1134/1134 1133/1133/1133 1146/1146/1146
f 1148/1148/1148 1135/1135/1135 1134/1134/1134 1147/1147/1147
f 1149/1149/1149 1136/1136/1136 1135/1135/1135 1148/1148/1148
f 1150/1150/1150 1137/1137/1137 1136/1136/1136 1149/1149/1149
f 1151/1151/1151 1138/1138/1138 1137/1137/1137 1150/1150/1150
f 1575/1575/1575 1139/1139/1139 1138/1138/1138
f 1151/1151/1151 1152/1152/1152 1575/1575/1575
f 1138/1138/1138 1151/1151/1151 1575/1575/1575
f 1586/1586/1586 1584/1584/1584 1583/1583/1583 1585/1585/1585
f 1578/1578/1578 1586/1586/1586 1585/1585/1585 1571/1571/1571
f 1589/1589/1589 1587/1587/1587 1581/1581/1581 1588/1588/1588
f 1584/1584/1584 1589/1589/1589 1588/1588/1588 1583/1583/1583
f 1588/1588/1588 1581/1581/1581 1576/1576/1576
f 1582/1582/1582 1583/1583/1583 1588/1588/1588
f 1576/1576/1576 1582/1582/1582 1588/1588/1588
f 1585/1585/1585 1583/1583/1583 1582/1582/1582
f 1555/1555/1555 1571/1571/1571 1585/1585/1585
f 1582/1582/1582 1555/1555/1555 1585/1585/1585
f 1599/1599/1599 1597/1597/1597 1590/1590/1590 1598/1598/1598
f 1596/1596/1596 1599/1599/1599 1598/1598/1598 1592/1592/1592
f 1598/1598/1598 1590/1590/1590 1574/1574/1574
f 1591/1591/1591 1592/1592/1592 1598/1598/1598
f 1574/1574/1574 1591/1591/1591 1598/1598/1598
f 1581/1581/1581 1592/1592/1592 1591/1591/1591 1576/1576/1576
f 1591/1591/1591 1574/1574/1574 1139/1139/1139
f 1575/1575/1575 1576/1576/1576 1591/1591/1591
f 1139/1139/1139 1575/1575/1575 1591/1591/1591
f 1582/1582/1582 1576/1576/1576 1575/1575/1575
f 1152/1152/1152 1555/1555/1555 1582/1582/1582
f 1575/1575/1575 1152/1152/1152 1582/1582/1582
f 1153/1153/1153 2102/2102/2102 2103/2103/2103 2101/2101/2101
f 2102/2102/2102 1140/1140/1140 2098/2098/2098 2103/2103/2103
f 2102/2102/2102 1153/1153/1153 1154/1154/1154
f 1141/1141/1141 1140/1140/1140 2102/2102/2102
f 1154/1154/1154 1141/1141/1141 2102/2102/2102
f 1155/1155/1155 1142/1142/1142 1141/1141/1141 1154/1154/1154
f 1156/1156/1156 1143/1143/1143 1142/1142/1142 1155/1155/1155
f 1157/1157/1157 1144/1144/1144 1143/1143/1143 1156/1156/1156
f 1158/1158/1158 1145/1145/1145 1144/1144/1144 1157/1157/1157
f 1159/1159/1159 1146/1146/1146 1145/1145/1145 1158/1158/1158
f 1160/1160/1160 1147/1147/1147 1146/1146/1146 1159/1159/1159
f 1161/1161/1161 1148/1148/1148 1147/1147/1147 1160/1160/1160
f 1162/1162/1162 1149/1149/1149 1148/1148/1148 1161/1161/1161
f 1163/1163/1163 1150/1150/1150 1149/1149/1149 1162/1162/1162
f 1164/1164/1164 1151/1151/1151 1150/1150/1150 1163/1163/1163
f 1556/1556/1556 1152/1152/1152 1151/1151/1151
f 1164/1164/1164 1165/1165/1165 1556/1556/1556
f 1151/1151/1151 1164/1164/1164 1556/1556/1556
f 1567/1567/1567 1565/1565/1565 1563/1563/1563 1566/1566/1566
f 1564/1564/1564 1567/1567/1567 1566/1566/1566 1552/1552/1552
f 1570/1570/1570 1568/1568/1568 1561/1561/1561 1569/1569/1569
f 1565/1565/1565 1570/1570/1570 1569/1569/1569 1563/1563/1563
f 1569/1569/1569 1561/1561/1561 1557/1557/1557
f 1562/1562/1562 1563/1563/1563 1569/1569/1569
f 1557/1557/1557 1562/1562/1562 1569/1569/1569
f 1566/1566/1566 1563/1563/1563 1562/1562/1562
f 1536/1536/1536 1552/1552/1552 1566/1566/1566
f 1562/1562/1562 1536/1536/1536 1566/1566/1566
f 1580/1580/1580 1578/1578/1578 1571/1571/1571 1579/1579/1579
f 1577/1577/1577 1580/1580/1580 1579/1579/1579 1573/1573/1573
f 1579/1579/1579 1571/1571/1571 1555/1555/1555
f 1572/1572/1572 1573/1573/1573 1579/1579/1579
f 1555/1555/1555 1572/1572/1572 1579/1579/1579
f 1561/1561/1561 1573/1573/1573 1572/1572/1572 1557/1557/1557
f 1572/1572/1572 1555/1555/1555 1152/1152/1152
f 1556/1556/1556 1557/1557/1557 1572/1572/1572
f 1152/1152/1152 1556/1556/1556 1572/1572/1572
f 1562/1562/1562 1557/1557/1557 1556/1556/1556
f 1165/1165/1165 1536/1536/1536 1562/1562/1562
f 1556/1556/1556 1165/1165/1165 1562/1562/1562
f 1166/1166/1166 2105/2105/2105 2106/2106/2106 2104/2104/2104
f 2105/2105/2105 1153/1153/1153 2101/2101/2101 2106/2106/2106
f 2105/2105/2105 1166/1166/1166 1167/1167/1167
f 1154/1154/1154 1153/1153/1153 2105/2105/2105
f 1167/1167/1167 1154/1154/1154 2105/2105/2105
f 1168/1168/1168 1155/1155/1155 1154/1154/1154 1167/1167/1167
f 1169/1169/1169 1156/1156/1156 1155/1155/1155 1168/1168/1168
f 1170/1170/1170 1157/1157/1157 1156/1156/1156 1169/1169/1169
f 1171/1171/1171 1158/1158/1158 1157/1157/1157 1170/1170/1170
f 1172/1172/1172 1159/1159/1159 1158/1158/1158 1171/1171/1171
f 1173/1173/1173 1160/1160/1160 1159/1159/1159 1172/1172/1172
f 1174/1174/1174 1161/1161/1161 1160/1160/1160 1173/1173/1173
f 1175/1175/1175 1162/1162/1162 1161/1161/1161 1174/1174/1174
f 1176/1176/1176 1163/1163/1163 1162/1162/1162 1175/1175/1175
f 1177/1177/1177 1164/1164/1164 1163/1163/1163 1176/1176/1176
f 1537/1537/1537 1165/1165/1165 1164/1164/1164
f 1177/1177/1177 1178/1178/1178 1537/1537/1537
f 1164/1164/1164 1177/1177/1177 1537/1537/1537
f 1548/1548/1548 1546/1546/1546 1544/1544/1544 1547/1547/1547
f 1545/1545/1545 1548/1548/1548 1547/1547/1547 1533/1533/1533
f 1551/1551/1551 1549/1549/1549 1542/1542/1542 1550/1550/1550
f 1546/1546/1546 1551/1551/1551 1550/1550/1550 1544/1544/1544
f 1550/1550/1550 1542/1542/1542 1538/1538/1538
f 1543/1543/1543 1544/1544/1544 1550/1550/1550
f 1538/1538/1538 1543/1543/1543 1550/1550/1550
f 1547/1547/1547 1544/1544/1544 1543/1543/1543
f 1517/1517/1517 1533/1533/1533 1547/1547/1547
f 1543/1543/1543 1517/1517/1517 1547/1547/1547
f 1560/1560/1560 1558/1558/1558 1554/1554/1554 1559/1559/1559
f 1549/1549/1549 1560/1560/1560 1559/1559/1559 1542/1542/1542
f 1554/1554/1554 1552/1552/1552 1536/1536/1536 1553/1553/1553
f 1559/1559/1559 1554/1554/1554 1553/1553/1553
f 1538/1538/1538 1542/1542/1542 1559/1559/1559
f 1553/1553/1553 1538/1538/1538 1559/1559/1559
f 1553/1553/1553 1536/1536/1536 1165/1165/1165
f 1537/1537/1537 1538/1538/1538 1553/1553/1553
f 1165/1165/1165 1537/1537/1537 1553/1553/1553
f 1543/1543/1543 1538/1538/1538 1537/1537/1537
f 1178/1178/1178 1517/1517/1517 1543/1543/1543
f 1537/1537/1537 1178/1178/1178 1543/1543/1543
f 1180/1180/1180 2108/2108/2108 2109/2109/2109 2107/2107/2107
f 2108/2108/2108 1166/1166/1166 2104/2104/2104 2109/2109/2109
f 2108/2108/2108 1180/1180/1180 1181/1181/1181
f 1167/1167/1167 1166/1166/1166 2108/2108/2108
f 1181/1181/1181 1167/1167/1167 2108/2108/2108
f 1182/1182/1182 1168/1168/1168 1167/1167/1167 1181/1181/1181
f 1183/1183/1183 1169/1169/1169 1168/1168/1168 1182/1182/1182
f 1184/1184/1184 1170/1170/1170 1169/1169/1169 1183/1183/1183
f 1185/1185/1185 1171/1171/1171 1170/1170/1170 1184/1184/1184
f 1186/1186/1186 1172/1172/1172 1171/1171/1171 1185/1185/1185
f 1187/1187/1187 1173/1173/1173 1172/1172/1172 1186/1186/1186
f 1188/1188/1188 1174/1174/1174 1173/1173/1173 1187/1187/1187
f 1189/1189/1189 1175/1175/1175 1174/1174/1174 1188/1188/1188
f 1190/1190/1190 1176/1176/1176 1175/1175/1175 1189/1189/1189
f 1191/1191/1191 1177/1177/1177 1176/1176/1176 1190/1190/1190
f 1518/1518/1518 1178/1178/1178 1177/1177/1177
f 1191/1191/1191 1192/1192/1192 1518/1518/1518
f 1177/1177/1177 1191/1191/1191 1518/1518/1518
f 1532/1532/1532 1530/1530/1530 1526/1526/1526 1531/1531/1531
f 1529/1529/1529 1532/1532/1532 1531/1531/1531 1528/1528/1528
f 1531/1531/1531 1526/1526/1526 1519/1519/1519
f 1527/1527/1527 1528/1528/1528 1531/1531/1531
f 1519/1519/1519 1527/1527/1527 1531/1531/1531
f 1514/1514/1514 1528/1528/1528 1527/1527/1527 1498/1498/1498
f 1541/1541/1541 1539/1539/1539 1535/1535/1535 1540/1540/1540
f 1530/1530/1530 1541/1541/1541 1540/1540/1540 1526/1526/1526
f 1535/1535/1535 1533/1533/1533 1517/1517/1517 1534/1534/1534
f 1540/1540/1540 1535/1535/1535 1534/1534/1534
f 1519/1519/1519 1526/1526/1526 1540/1540/1540
f 1534/1534/1534 1519/1519/1519 1540/1540/1540
f 1534/1534/1534 1517/1517/1517 1178/1178/1178
f 1518/1518/1518 1519/1519/1519 1534/1534/1534
f 1178/1178/1178 1518/1518/1518 1534/1534/1534
f 1527/1527/1527 1519/1519/1519 1518/1518/1518
f 1192/1192/1192 1498/1498/1498 1527/1527/1527
f 1518/1518/1518 1192/1192/1192 1527/1527/1527
f 1193/1193/1193 2111/2111/2111 2112/2112/2112 2110/2110/2110
f 2111/2111/2111 1180/1180/1180 2107/2107/2107 2112/2112/2112
f 2111/2111/2111 1193/1193/1193 1194/1194/1194
f 1181/1181/1181 1180/1180/1180 2111/2111/2111
f 1194/1194/1194 1181/1181/1181 2111/2111/2111
f 1195/1195/1195 1182/1182/1182 1181/1181/1181 1194/1194/1194
f 1196/1196/1196 1183/1183/1183 1182/1182/1182 1195/1195/1195
f 1197/1197/1197 1184/1184/1184 1183/1183/1183 1196/1196/1196
f 1198/1198/1198 1185/1185/1185 1184/1184/1184 1197/1197/1197
f 1199/1199/1199 1186/1186/1186 1185/1185/1185 1198/1198/1198
f 1200/1200/1200 1187/1187/1187 1186/1186/1186 1199/1199/1199
f 1201/1201/1201 1188/1188/1188 1187/1187/1187 1200/1200/1200
f 1202/1202/1202 1189/1189/1189 1188/1188/1188 1201/1201/1201
f 1203/1203/1203 1190/1190/1190 1189/1189/1189 1202/1202/1202
f 1204/1204/1204 1191/1191/1191 1190/1190/1190 1203/1203/1203
f 1499/1499/1499 1192/1192/1192 1191/1191/1191
f 1204/1204/1204 1205/1205/1205 1499/1499/1499
f 1191/1191/1191 1204/1204/1204 1499/1499/1499
f 1513/1513/1513 1511/1511/1511 1507/1507/1507 1512/1512/1512
f 1510/1510/1510 1513/1513/1513 1512/1512/1512 1509/1509/1509
f 1512/1512/1512 1507/1507/1507 1500/1500/1500
f 1508/1508/1508 1509/1509/1509 1512/1512/1512
f 1500/1500/1500 1508/1508/1508 1512/1512/1512
f 1495/1495/1495 1509/1509/1509 1508/1508/1508 1479/1479/1479
f 1522/1522/1522 1520/1520/1520 1516/1516/1516 1521/1521/1521
f 1511/1511/1511 1522/1522/1522 1521/1521/1521 1507/1507/1507
f 1525/1525/1525 1523/1523/1523 1514/1514/1514 1524/1524/1524
f 1520/1520/1520 1525/1525/1525 1524/1524/1524 1516/1516/1516
f 1524/1524/1524 1514/1514/1514 1498/1498/1498
f 1515/1515/1515 1516/1516/1516 1524/1524/1524
f 1498/1498/1498 1515/1515/1515 1524/1524/1524
f 1521/1521/1521 1516/1516/1516 1515/1515/1515
f 1500/1500/1500 1507/1507/1507 1521/1521/1521
f 1515/1515/1515 1500/1500/1500 1521/1521/1521
f 1515/1515/1515 1498/1498/1498 1192/1192/1192
f 1499/1499/1499 1500/1500/1500 1515/1515/1515
f 1192/1192/1192 1499/1499/1499 1515/1515/1515
f 1508/1508/1508 1500/1500/1500 1499/1499/1499
f 1205/1205/1205 1479/1479/1479 1508/1508/1508
f 1499/1499/1499 1205/1205/1205 1508/1508/1508
f 1206/1206/1206 2114/2114/2114 2115/2115/2115 2113/2113/2113
f 2114/2114/2114 1193/1193/1193 2110/2110/2110 2115/2115/2115
f 2114/2114/2114 1206/1206/1206 1207/1207/1207
f 1194/1194/1194 1193/1193/1193 2114/2114/2114
f 1207/1207/1207 1194/1194/1194 2114/2114/2114
f 1208/1208/1208 1195/1195/1195 1194/1194/1194 1207/1207/1207
f 1209/1209/1209 1196/1196/1196 1195/1195/1195 1208/1208/1208
f 1210/1210/1210 1197/1197/1197 1196/1196/1196 1209/1209/1209
f 1211/1211/1211 1198/1198/1198 1197/1197/1197 1210/1210/1210
f 1212/1212/1212 1199/1199/1199 1198/1198/1198 1211/1211/1211
f 1213/1213/1213 1200/1200/1200 1199/1199/1199 1212/1212/1212
f 1214/1214/1214 1201/1201/1201 1200/1200/1200 1213/1213/1213
f 1215/1215/1215 1202/1202/1202 1201/1201/1201 1214/1214/1214
f 1216/1216/1216 1203/1203/1203 1202/1202/1202 1215/1215/1215
f 1217/1217/1217 1204/1204/1204 1203/1203/1203 1216/1216/1216
f 1480/1480/1480 1205/1205/1205 1204/1204/1204
f 1217/1217/1217 1218/1218/1218 1480/1480/1480
f 1204/1204/1204 1217/1217/1217 1480/1480/1480
f 1491/1491/1491 1489/1489/1489 1487/1487/1487 1490/1490/1490
f 1488/1488/1488 1491/1491/1491 1490/1490/1490 1476/1476/1476
f 1494/1494/1494 1492/1492/1492 1485/1485/1485 1493/1493/1493
f 1489/1489/1489 1494/1494/1494 1493/1493/1493 1487/1487/1487
f 1493/1493/1493 1485/1485/1485 1481/1481/1481
f 1486/1486/1486 1487/1487/1487 1493/1493/1493
f 1481/1481/1481 1486/1486/1486 1493/1493/1493
f 1490/1490/1490 1487/1487/1487 1486/1486/1486
f 1460/1460/1460 1476/1476/1476 1490/1490/1490
f 1486/1486/1486 1460/1460/1460 1490/1490/1490
f 1503/1503/1503 1501/1501/1501 1497/1497/1497 1502/1502/1502
f 1492/1492/1492 1503/1503/1503 1502/1502/1502 1485/1485/1485
f 1506/1506/1506 1504/1504/1504 1495/1495/1495 1505/1505/1505
f 1501/1501/1501 1506/1506/1506 1505/1505/1505 1497/1497/1497
f 1505/1505/1505 1495/1495/1495 1479/1479/1479
f 1496/1496/1496 1497/1497/1497 1505/1505/1505
f 1479/1479/1479 1496/1496/1496 1505/1505/1505
f 1502/1502/1502 1497/1497/1497 1496/1496/1496
f 1481/1481/1481 1485/1485/1485 1502/1502/1502
f 1496/1496/1496 1481/1481/1481 1502/1502/1502
f 1496/1496/1496 1479/1479/1479 1205/1205/1205
f 1480/1480/1480 1481/1481/1481 1496/1496/1496
f 1205/1205/1205 1480/1480/1480 1496/1496/1496
f 1486/1486/1486 1481/1481/1481 1480/1480/1480
f 1218/1218/1218 1460/1460/1460 1486/1486/1486
f 1480/1480/1480 1218/1218/1218 1486/1486/1486
f 1219/1219/1219 2117/2117/2117 2118/2118/2118 2116/2116/2116
f 2117/2117/2117 1206/1206/1206 2113/2113/2113 2118/2118/2118
f 2117/2117/2117 1219/1219/1219 1220/1220/1220
f 1207/1207/1207 1206/1206/1206 2117/2117/2117
f 1220/1220/1220 1207/1207/1207 2117/2117/2117
f 1221/1221/1221 1208/1208/1208 1207/1207/1207 1220/1220/1220
f 1222/1222/1222 1209/1209/1209 1208/1208/1208 1221/1221/1221
f 1223/1223/1223 1210/1210/1210 1209/1209/1209 1222/1222/1222
f 1224/1224/1224 1211/1211/1211 1210/1210/1210 1223/1223/1223
f 1225/1225/1225 1212/1212/1212 1211/1211/1211 1224/1224/1224
f 1226/1226/1226 1213/1213/1213 1212/1212/1212 1225/1225/1225
f 1227/1227/1227 1214/1214/1214 1213/1213/1213 1226/1226/1226
f 1228/1228/1228 1215/1215/1215 1214/1214/1214 1227/1227/1227
f 1229/1229/1229 1216/1216/1216 1215/1215/1215 1228/1228/1228
f 1230/1230/1230 1217/1217/1217 1216/1216/1216 1229/1229/1229
f 1461/1461/1461 1218/1218/1218 1217/1217/1217
f 1230/1230/1230 1231/1231/1231 1461/1461/1461
f 1217/1217/1217 1230/1230/1230 1461/1461/1461
f 1472/1472/1472 1470/1470/1470 1468/1468/1468 1471/1471/1471
f 1469/1469/1469 1472/1472/1472 1471/1471/1471 1457/1457/1457
f 1475/1475/1475 1473/1473/1473 1466/1466/1466 1474/1474/1474
f 1470/1470/1470 1475/1475/1475 1474/1474/1474 1468/1468/1468
f 1474/1474/1474 1466/1466/1466 1462/1462/1462
f 1467/1467/1467 1468/1468/1468 1474/1474/1474
f 1462/1462/1462 1467/1467/1467 1474/1474/1474
f 1471/1471/1471 1468/1468/1468 1467/1467/1467
f 1441/1441/1441 1457/1457/1457 1471/1471/1471
f 1467/1467/1467 1441/1441/1441 1471/1471/1471
f 1484/1484/1484 1482/1482/1482 1478/1478/1478 1483/1483/1483
f 1473/1473/1473 1484/1484/1484 1483/1483/1483 1466/1466/1466
f 1478/1478/1478 1476/1476/1476 1460/1460/1460 1477/1477/1477
f 1483/1483/1483 1478/1478/1478 1477/1477/1477
f 1462/1462/1462 1466/1466/1466 1483/1483/1483
f 1477/1477/1477 1462/1462/1462 1483/1483/1483
f 1477/1477/1477 1460/1460/1460 1218/1218/1218
f 1461/1461/1461 1462/1462/1462 1477/1477/1477
f 1218/1218/1218 1461/1461/1461 1477/1477/1477
f 1467/1467/1467 1462/1462/1462 1461/1461/1461
f 1231/1231/1231 1441/1441/1441 1467/1467/1467
f 1461/1461/1461 1231/1231/1231 1467/1467/1467
f 1232/1232/1232 2120/2120/2120 2121/2121/2121 2119/2119/2119
f 2120/2120/2120 1219/1219/1219 2116/2116/2116 2121/2121/2121
f 2120/2120/2120 1232/1232/1232 1233/1233/1233
f 1220/1220/1220 1219/1219/1219 2120/2120/2120
f 1233/1233/1233 1220/1220/1220 2120/2120/2120
f 1234/1234/1234 1221/1221/1221 1220/1220/1220 1233/1233/1233
f 1235/1235/1235 1222/1222/1222 1221/1221/1221 1234/1234/1234
f 1236/1236/1236 1223/1223/1223 1222/1222/1222 1235/1235/1235
f 1237/1237/1237 1224/1224/1224 1223/1223/1223 1236/1236/1236
f 1238/1238/1238 1225/1225/1225 1224/1224/1224 1237/1237/1237
f 1239/1239/1239 1226/1226/1226 1225/1225/1225 1238/1238/1238
f 1240/1240/1240 1227/1227/1227 1226/1226/1226 1239/1239/1239
f 1241/1241/1241 1228/1228/1228 1227/1227/1227 1240/1240/1240
f 1242/1242/1242 1229/1229/1229 1228/1228/1228 1241/1241/1241
f 1243/1243/1243 1230/1230/1230 1229/1229/1229 1242/1242/1242
f 1442/1442/1442 1231/1231/1231 1230/1230/1230
f 1243/1243/1243 1244/1244/1244 1442/1442/1442
f 1230/1230/1230 1243/1243/1243 1442/1442/1442
f 1453/1453/1453 1451/1451/1451 1450/1450/1450 1452/1452/1452
f 1445/1445/1445 1453/1453/1453 1452/1452/1452 1438/1438/1438
f 1456/1456/1456 1454/1454/1454 1448/1448/1448 1455/1455/1455
f 1451/1451/1451 1456/1456/1456 1455/1455/1455 1450/1450/1450
f 1455/1455/1455 1448/1448/1448 1443/1443/1443
f 1449/1449/1449 1450/1450/1450 1455/1455/1455
f 1443/1443/1443 1449/1449/1449 1455/1455/1455
f 1452/1452/1452 1450/1450/1450 1449/1449/1449
f 1422/1422/1422 1438/1438/1438 1452/1452/1452
f 1449/1449/1449 1422/1422/1422 1452/1452/1452
f 1465/1465/1465 1463/1463/1463 1459/1459/1459 1464/1464/1464
f 1454/1454/1454 1465/1465/1465 1464/1464/1464 1448/1448/1448
f 1459/1459/1459 1457/1457/1457 1441/1441/1441 1458/1458/1458
f 1464/1464/1464 1459/1459/1459 1458/1458/1458
f 1443/1443/1443 1448/1448/1448 1464/1464/1464
f 1458/1458/1458 1443/1443/1443 1464/1464/1464
f 1458/1458/1458 1441/1441/1441 1231/1231/1231
f 1442/1442/1442 1443/1443/1443 1458/1458/1458
f 1231/1231/1231 1442/1442/1442 1458/1458/1458
f 1449/1449/1449 1443/1443/1443 1442/1442/1442
f 1244/1244/1244 1422/1422/1422 1449/1449/1449
f 1442/1442/1442 1244/1244/1244 1449/1449/1449
f 1245/1245/1245 2123/2123/2123 2124/2124/2124 2122/2122/2122
f 2123/2123/2123 1232/1232/1232 2119/2119/2119 2124/2124/2124
f 2123/2123/2123 1245/1245/1245 1246/1246/1246
f 1233/1233/1233 1232/1232/1232 2123/2123/2123
f 1246/1246/1246 1233/1233/1233 2123/2123/2123
f 1247/1247/1247 1234/1234/1234 1233/1233/1233 1246/1246/1246
f 1248/1248/1248 1235/1235/1235 1234/1234/1234 1247/1247/1247
f 1249/1249/1249 1236/1236/1236 1235/1235/1235 1248/1248/1248
f 1250/1250/1250 1237/1237/1237 1236/1236/1236 1249/1249/1249
f 1251/1251/1251 1238/1238/1238 1237/1237/1237 1250/1250/1250
f 1252/1252/1252 1239/1239/1239 1238/1238/1238 1251/1251/1251
f 1253/1253/1253 1240/1240/1240 1239/1239/1239 1252/1252/1252
f 1254/1254/1254 1241/1241/1241 1240/1240/1240 1253/1253/1253
f 1255/1255/1255 1242/1242/1242 1241/1241/1241 1254/1254/1254
f 1256/1256/1256 1243/1243/1243 1242/1242/1242 1255/1255/1255
f 1423/1423/1423 1244/1244/1244 1243/1243/1243
f 1256/1256/1256 1257/1257/1257 1423/1423/1423
f 1243/1243/1243 1256/1256/1256 1423/1423/1423
f 1434/1434/1434 1432/1432/1432 1431/1431/1431 1433/1433/1433
f 1426/1426/1426 1434/1434/1434 1433/1433/1433 1419/1419/1419
f 1437/1437/1437 1435/1435/1435 1429/1429/1429 1436/1436/1436
f 1432/1432/1432 1437/1437/1437 1436/1436/1436 1431/1431/1431
f 1436/1436/1436 1429/1429/1429 1424/1424/1424
f 1430/1430/1430 1431/1431/1431 1436/1436/1436
f 1424/1424/1424 1430/1430/1430 1436/1436/1436
f 1433/1433/1433 1431/1431/1431 1430/1430/1430
f 1403/1403/1403 1419/1419/1419 1433/1433/1433
f 1430/1430/1430 1403/1403/1403 1433/1433/1433
f 1447/1447/1447 1445/1445/1445 1438/1438/1438 1446/1446/1446
f 1444/1444/1444 1447/1447/1447 1446/1446/1446 1440/1440/1440
f 1446/1446/1446 1438/1438/1438 1422/1422/1422
f 1439/1439/1439 1440/1440/1440 1446/1446/1446
f 1422/1422/1422 1439/1439/1439 1446/1446/1446
f 1429/1429/1429 1440/1440/1440 1439/1439/1439 1424/1424/1424
f 1439/1439/1439 1422/1422/1422 1244/1244/1244
f 1423/1423/1423 1424/1424/1424 1439/1439/1439
f 1244/1244/1244 1423/1423/1423 1439/1439/1439
f 1430/1430/1430 1424/1424/1424 1423/1423/1423
f 1257/1257/1257 1403/1403/1403 1430/1430/1430
f 1423/1423/1423 1257/1257/1257 1430/1430/1430
f 1258/1258/1258 2126/2126/2126 2127/2127/2127 2125/2125/2125
f 2126/2126/2126 1245/1245/1245 2122/2122/2122 2127/2127/2127
f 2126/2126/2126 1258/1258/1258 1259/1259/1259
f 1246/1246/1246 1245/1245/1245 2126/2126/2126
f 1259/1259/1259 1246/1246/1246 2126/2126/2126
f 1260/1260/1260 1247/1247/1247 1246/1246/1246 1259/1259/1259
f 1261/1261/1261 1248/1248/1248 1247/1247/1247 1260/1260/1260
f 1262/1262/1262 1249/1249/1249 1248/1248/1248 1261/1261/1261
f 1263/1263/1263 1250/1250/1250 1249/1249/1249 1262/1262/1262
f 1264/1264/1264 1251/1251/1251 1250/1250/1250 1263/1263/1263
f 1265/1265/1265 1252/1252/1252 1251/1251/1251 1264/1264/1264
f 1266/1266/1266 1253/1253/1253 1252/1252/1252 1265/1265/1265
f 1267/1267/1267 1254/1254/1254 1253/1253/1253 1266/1266/1266
f 1268/1268/1268 1255/1255/1255 1254/1254/1254 1267/1267/1267
f 1269/1269/1269 1256/1256/1256 1255/1255/1255 1268/1268/1268
f 1404/1404/1404 1257/1257/1257 1256/1256/1256
f 1269/1269/1269 1270/1270/1270 1404/1404/1404
f 1256/1256/1256 1269/1269/1269 1404/1404/1404
f 1415/1415/1415 1413/1413/1413 1411/1411/1411 1414/1414/1414
f 1412/1412/1412 1415/1415/1415 1414/1414/1414 1400/1400/1400
f 1418/1418/1418 1416/1416/1416 1409/1409/1409 1417/1417/1417
f 1413/1413/1413 1418/1418/1418 1417/1417/1417 1411/1411/1411
f 1417/1417/1417 1409/1409/1409 1405/1405/1405
f 1410/1410/1410 1411/1411/1411 1417/1417/1417
f 1405/1405/1405 1410/1410/1410 1417/1417/1417
f 1414/1414/1414 1411/1411/1411 1410/1410/1410
f 1378/1378/1378 1400/1400/1400 1414/1414/1414
f 1410/1410/1410 1378/1378/1378 1414/1414/1414
f 1428/1428/1428 1426/1426/1426 1419/1419/1419 1427/1427/1427
f 1425/1425/1425 1428/1428/1428 1427/1427/1427 1421/1421/1421
f 1427/1427/1427 1419/1419/1419 1403/1403/1403
f 1420/1420/1420 1421/1421/1421 1427/1427/1427
f 1403/1403/1403 1420/1420/1420 1427/1427/1427
f 1409/1409/1409 1421/1421/1421 1420/1420/1420 1405/1405/1405
f 1420/1420/1420 1403/1403/1403 1257/1257/1257
f 1404/1404/1404 1405/1405/1405 1420/1420/1420
f 1257/1257/1257 1404/1404/1404 1420/1420/1420
f 1410/1410/1410 1405/1405/1405 1404/1404/1404
f 1270/1270/1270 1378/1378/1378 1410/1410/1410
f 1404/1404/1404 1270/1270/1270 1410/1410/1410
f 1271/1271/1271 2129/2129/2129 2130/2130/2130 2128/2128/2128
f 2129/2129/2129 1258/1258/1258 2125/2125/2125 2130/2130/2130
f 2129/2129/2129 1271/1271/1271 1272/1272/1272
f 1259/1259/1259 1258/1258/1258 2129/2129/2129
f 1272/1272/1272 1259/1259/1259 2129/2129/2129
f 1273/1273/1273 1260/1260/1260 1259/1259/1259 1272/1272/1272
f 1274/1274/1274 1261/1261/1261 1260/1260/1260 1273/1273/1273
f 1275/1275/1275 1262/1262/1262 1261/1261/1261 1274/1274/1274
f 1276/1276/1276 1263/1263/1263 1262/1262/1262 1275/1275/1275
f 1277/1277/1277 1264/1264/1264 1263/1263/1263 1276/1276/1276
f 1278/1278/1278 1265/1265/1265 1264/1264/1264 1277/1277/1277
f 1279/1279/1279 1266/1266/1266 1265/1265/1265 1278/1278/1278
f 1280/1280/1280 1267/1267/1267 1266/1266/1266 1279/1279/1279
f 1281/1281/1281 1268/1268/1268 1267/1267/1267 1280/1280/1280
f 1282/1282/1282 1269/1269/1269 1268/1268/1268 1281/1281/1281
f 1379/1379/1379 1270/1270/1270 1269/1269/1269
f 1282/1282/1282 1283/1283/1283 1379/1379/1379
f 1269/1269/1269 1282/1282/1282 1379/1379/1379
f 1392/1392/1392 1390/1390/1390 1384/1384/1384 1391/1391/1391
f 1389/1389/1389 1392/1392/1392 1391/1391/1391 1381/1381/1381
f 1399/1399/1399 1397/1397/1397 1382/1382/1382 1398/1398/1398
f 1390/1390/1390 1399/1399/1399 1398/1398/1398 1384/1384/1384
f 1398/1398/1398 1382/1382/1382 1380/1380/1380
f 1383/1383/1383 1384/1384/1384 1398/1398/1398
f 1380/1380/1380 1383/1383/1383 1398/1398/1398
f 1391/1391/1391 1384/1384/1384 1383/1383/1383
f 1377/1377/1377 1381/1381/1381 1391/1391/1391
f 1383/1383/1383 1377/1377/1377 1391/1391/1391
f 1408/1408/1408 1406/1406/1406 1402/1402/1402 1407/1407/1407
f 1397/1397/1397 1408/1408/1408 1407/1407/1407 1382/1382/1382
f 1402/1402/1402 1400/1400/1400 1378/1378/1378 1401/1401/1401
f 1407/1407/1407 1402/1402/1402 1401/1401/1401
f 1380/1380/1380 1382/1382/1382 1407/1407/1407
f 1401/1401/1401 1380/1380/1380 1407/1407/1407
f 1401/1401/1401 1378/1378/1378 1270/1270/1270
f 1379/1379/1379 1380/1380/1380 1401/1401/1401
f 1270/1270/1270 1379/1379/1379 1401/1401/1401
f 1383/1383/1383 1380/1380/1380 1379/1379/1379
f 1283/1283/1283 1377/1377/1377 1383/1383/1383
f 1379/1379/1379 1283/1283/1283 1383/1383/1383
f 2036/2036/2036 1990/1990/1990 2037/2037/2037
f 1991/1991/1991 2037/2037/2037 1990/1990/1990
f 2034/2034/2034 1991/1991/1991 1992/1992/1992
f 1992/1992/1992 2040/2040/2040 2034/2034/2034
f 2037/2037/2037 1991/1991/1991 2034/2034/2034
f 864/864/864 1987/1987/1987 1989/1989/1989
f 1376/1376/1376 1984/1984/1984 1986/1986/1986
f 1376/1376/1376 1989/1989/1989 1984/1984/1984
f 1969/1969/1969 1975/1975/1975 1980/1980/1980 1979/1979/1979
f 1376/1376/1376 1986/1986/1986 1981/1981/1981
f 2038/2038/2038 2040/2040/2040 1992/1992/1992 1993/1993/1993
f 2043/2043/2043 2038/2038/2038 1993/1993/1993
f 1993/1993/1993 1994/1994/1994 2041/2041/2041 2043/2043/2043
f 2046/2046/2046 2041/2041/2041 1994/1994/1994 1995/1995/1995
f 1996/1996/1996 2044/2044/2044 1995/1995/1995
f 1951/1951/1951 1959/1959/1959 1965/1965/1965 1964/1964/1964
f 1996/1996/1996 2049/2049/2049 2044/2044/2044
f 2044/2044/2044 2046/2046/2046 1995/1995/1995
f 1934/1934/1934 1938/1938/1938 1944/1944/1944 1932/1932/1932
f 2049/2049/2049 1996/1996/1996 2047/2047/2047
f 1915/1915/1915 1919/1919/1919 1925/1925/1925 1913/1913/1913
f 1375/1375/1375 1983/1983/1983 1980/1980/1980
f 1980/1980/1980 1975/1975/1975 1374/1374/1374 1375/1375/1375
f 1374/1374/1374 1977/1977/1977 1972/1972/1972
f 1373/1373/1373 1974/1974/1974 1966/1966/1966
f 1373/1373/1373 1972/1972/1972 1974/1974/1974
f 1374/1374/1374 1975/1975/1975 1977/1977/1977
f 1372/1372/1372 1968/1968/1968 1965/1965/1965
f 1371/1371/1371 1959/1959/1959 1961/1961/1961
f 1965/1965/1965 1959/1959/1959 1371/1371/1371 1372/1372/1372
f 1370/1370/1370 1956/1956/1956 1958/1958/1958
f 1369/1369/1369 1948/1948/1948 1950/1950/1950
f 1370/1370/1370 1958/1958/1958 1948/1948/1948
f 1370/1370/1370 1961/1961/1961 1956/1956/1956
f 1372/1372/1372 1966/1966/1966 1968/1968/1968
f 1369/1369/1369 1945/1945/1945 1947/1947/1947
f 1944/1944/1944 1938/1938/1938 1367/1367/1367 1368/1368/1368
f 1368/1368/1368 1947/1947/1947 1944/1944/1944
f 1367/1367/1367 1940/1940/1940 1929/1929/1929
f 1366/1366/1366 1931/1931/1931 1926/1926/1926
f 1366/1366/1366 1929/1929/1929 1931/1931/1931
f 1367/1367/1367 1938/1938/1938 1940/1940/1940
f 1365/1365/1365 1928/1928/1928 1925/1925/1925
f 1364/1364/1364 1919/1919/1919 1921/1921/1921
f 1925/1925/1925 1919/1919/1919 1364/1364/1364 1365/1365/1365
f 1363/1363/1363 1910/1910/1910 1912/1912/1912
f 1362/1362/1362 1907/1907/1907 1909/1909/1909
f 1363/1363/1363 1912/1912/1912 1907/1907/1907
f 1363/1363/1363 1921/1921/1921 1910/1910/1910
f 1365/1365/1365 1926/1926/1926 1928/1928/1928
f 1369/1369/1369 1950/1950/1950 1945/1945/1945
f 1375/1375/1375 1981/1981/1981 1983/1983/1983
f 1997/1997/1997 2052/2052/2052 2047/2047/2047
f 1996/1996/1996 1997/1997/1997 2047/2047/2047
f 1997/1997/1997 1998/1998/1998 2052/2052/2052
f 1998/1998/1998 1999/1999/1999 2055/2055/2055 2050/2050/2050
f 2000/2000/2000 2001/2001/2001 2056/2056/2056 2058/2058/2058
f 2000/2000/2000 2053/2053/2053 1999/1999/1999
f 2001/2001/2001 2002/2002/2002 2059/2059/2059 2061/2061/2061
f 1998/1998/1998 2050/2050/2050 2052/2052/2052
f 1999/1999/1999 2053/2053/2053 2055/2055/2055
f 2061/2061/2061 2056/2056/2056 2001/2001/2001
f 2058/2058/2058 2053/2053/2053 2000/2000/2000
f 2064/2064/2064 2059/2059/2059 2002/2002/2002 2003/2003/2003
f 2003/2003/2003 2004/2004/2004 2067/2067/2067 2062/2062/2062
f 2005/2005/2005 2006/2006/2006 2068/2068/2068 2070/2070/2070
f 2005/2005/2005 2065/2065/2065 2004/2004/2004
f 2006/2006/2006 2007/2007/2007 2073/2073/2073 2068/2068/2068
f 2008/2008/2008 2071/2071/2071 2007/2007/2007
f 2073/2073/2073 2007/2007/2007 2071/2071/2071
f 2008/2008/2008 2009/2009/2009 2074/2074/2074 2076/2076/2076
f 2062/2062/2062 2064/2064/2064 2003/2003/2003
f 2065/2065/2065 2067/2067/2067 2004/2004/2004
f 2005/2005/2005 2070/2070/2070 2065/2065/2065
f 2077/2077/2077 2010/2010/2010 2011/2011/2011
f 2009/2009/2009 2010/2010/2010 2079/2079/2079
f 1885/1885/1885 1891/1891/1891 1900/1900/1900 1896/1896/1896
f 1865/1865/1865 1872/1872/1872 1881/1881/1881 1877/1877/1877
f 1858/1858/1858 1862/1862/1862 1868/1868/1868 1856/1856/1856
f 1839/1839/1839 1843/1843/1843 1849/1849/1849 1837/1837/1837
f 1818/1818/1818 1827/1827/1827 1833/1833/1833 1832/1832/1832
f 1799/1799/1799 1808/1808/1808 1814/1814/1814 1813/1813/1813
f 1782/1782/1782 1786/1786/1786 1792/1792/1792 1780/1780/1780
f 2008/2008/2008 2076/2076/2076 2071/2071/2071
f 2010/2010/2010 2077/2077/2077 2079/2079/2079
f 2011/2011/2011 2080/2080/2080 2082/2082/2082
f 2082/2082/2082 2077/2077/2077 2011/2011/2011
f 2079/2079/2079 2074/2074/2074 2009/2009/2009
f 1733/1733/1733 1739/1739/1739 1748/1748/1748 1744/1744/1744
f 1706/1706/1706 1710/1710/1710 1716/1716/1716 1704/1704/1704
f 1713/1713/1713 1720/1720/1720 1729/1729/1729 1725/1725/1725
f 1763/1763/1763 1767/1767/1767 1773/1773/1773 1761/1761/1761
f 2080/2080/2080 2011/2011/2011 2012/2012/2012
f 1700/1700/1700 1699/1699/1699 1685/1685/1685 1694/1694/1694
f 1362/1362/1362 1901/1901/1901 1903/1903/1903
f 1361/1361/1361 1903/1903/1903 1900/1900/1900
f 1360/1360/1360 1891/1891/1891 1893/1893/1893
f 1359/1359/1359 1888/1888/1888 1890/1890/1890
f 1360/1360/1360 1893/1893/1893 1888/1888/1888
f 1900/1900/1900 1891/1891/1891 1360/1360/1360 1361/1361/1361
f 1358/1358/1358 1882/1882/1882 1884/1884/1884
f 1881/1881/1881 1872/1872/1872 1357/1357/1357 1358/1358/1358
f 1358/1358/1358 1884/1884/1884 1881/1881/1881
f 1357/1357/1357 1874/1874/1874 1869/1869/1869
f 1356/1356/1356 1871/1871/1871 1868/1868/1868
f 1356/1356/1356 1869/1869/1869 1871/1871/1871
f 1357/1357/1357 1872/1872/1872 1874/1874/1874
f 1359/1359/1359 1890/1890/1890 1882/1882/1882
f 1355/1355/1355 1862/1862/1862 1864/1864/1864
f 1354/1354/1354 1853/1853/1853 1855/1855/1855
f 1355/1355/1355 1864/1864/1864 1853/1853/1853
f 1354/1354/1354 1850/1850/1850 1852/1852/1852
f 1849/1849/1849 1843/1843/1843 1353/1353/1353 969/969/969
f 969/969/969 1852/1852/1852 1849/1849/1849
f 1354/1354/1354 1855/1855/1855 1850/1850/1850
f 1353/1353/1353 1845/1845/1845 1834/1834/1834
f 1352/1352/1352 1836/1836/1836 1833/1833/1833
f 1352/1352/1352 1834/1834/1834 1836/1836/1836
f 1351/1351/1351 1827/1827/1827 1829/1829/1829
f 1350/1350/1350 1824/1824/1824 1826/1826/1826
f 1351/1351/1351 1829/1829/1829 1824/1824/1824
f 1833/1833/1833 1827/1827/1827 1351/1351/1351 1352/1352/1352
f 1353/1353/1353 1843/1843/1843 1845/1845/1845
f 1868/1868/1868 1862/1862/1862 1355/1355/1355 1356/1356/1356
f 864/864/864 1989/1989/1989 1376/1376/1376
f 1376/1376/1376 1981/1981/1981 1375/1375/1375
f 1374/1374/1374 1972/1972/1972 1373/1373/1373
f 1966/1966/1966 1372/1372/1372 1373/1373/1373
f 1370/1370/1370 1948/1948/1948 1369/1369/1369
f 1947/1947/1947 1368/1368/1368 1369/1369/1369
f 1366/1366/1366 1926/1926/1926 1365/1365/1365
f 1364/1364/1364 1921/1921/1921 1363/1363/1363
f 1929/1929/1929 1366/1366/1366 1367/1367/1367
f 1961/1961/1961 1370/1370/1370 1371/1371/1371
f 1361/1361/1361 1362/1362/1362 1903/1903/1903
f 1359/1359/1359 1360/1360/1360 1888/1888/1888
f 1357/1357/1357 1869/1869/1869 1356/1356/1356
f 1349/1349/1349 1350/1350/1350 1815/1815/1815 1817/1817/1817
f 1882/1882/1882 1358/1358/1358 1359/1359/1359
f 1363/1363/1363 1907/1907/1907 1362/1362/1362
f 969/969/969 1354/1354/1354 1852/1852/1852
f 1355/1355/1355 1853/1853/1853 1354/1354/1354
f 1352/1352/1352 1353/1353/1353 1834/1834/1834
f 1350/1350/1350 1351/1351/1351 1824/1824/1824
f 1350/1350/1350 1826/1826/1826 1815/1815/1815
f 1909/1909/1909 1901/1901/1901 1362/1362/1362
f 1814/1814/1814 1808/1808/1808 1348/1348/1348 1349/1349/1349
f 1348/1348/1348 1808/1808/1808 1810/1810/1810
f 1347/1347/1347 1805/1805/1805 1807/1807/1807
f 1346/1346/1346 1796/1796/1796 1798/1798/1798
f 1347/1347/1347 1807/1807/1807 1796/1796/1796
f 1347/1347/1347 1810/1810/1810 1805/1805/1805
f 1346/1346/1346 1793/1793/1793 1795/1795/1795
f 1792/1792/1792 1786/1786/1786 1344/1344/1344 1345/1345/1345
f 1345/1345/1345 1795/1795/1795 1792/1792/1792
f 1344/1344/1344 1788/1788/1788 1777/1777/1777
f 1343/1343/1343 1779/1779/1779 1774/1774/1774
f 1343/1343/1343 1777/1777/1777 1779/1779/1779
f 1344/1344/1344 1786/1786/1786 1788/1788/1788
f 1346/1346/1346 1798/1798/1798 1793/1793/1793
f 1342/1342/1342 1776/1776/1776 1773/1773/1773
f 1341/1341/1341 1767/1767/1767 1769/1769/1769
f 1773/1773/1773 1767/1767/1767 1341/1341/1341 1342/1342/1342
f 1340/1340/1340 1758/1758/1758 1760/1760/1760
f 1339/1339/1339 1755/1755/1755 1757/1757/1757
f 1340/1340/1340 1760/1760/1760 1755/1755/1755
f 1340/1340/1340 1769/1769/1769 1758/1758/1758
f 1339/1339/1339 1749/1749/1749 1751/1751/1751
f 1748/1748/1748 1739/1739/1739 1337/1337/1337 1338/1338/1338
f 1338/1338/1338 1751/1751/1751 1748/1748/1748
f 1337/1337/1337 1741/1741/1741 1736/1736/1736
f 1336/1336/1336 1738/1738/1738 1730/1730/1730
f 1336/1336/1336 1736/1736/1736 1738/1738/1738
f 1337/1337/1337 1739/1739/1739 1741/1741/1741
f 1339/1339/1339 1757/1757/1757 1749/1749/1749
f 1342/1342/1342 1774/1774/1774 1776/1776/1776
f 1347/1347/1347 1348/1348/1348 1810/1810/1810
f 1346/1346/1346 1795/1795/1795 1345/1345/1345
f 1796/1796/1796 1346/1346/1346 1347/1347/1347
f 1777/1777/1777 1343/1343/1343 1344/1344/1344
f 1730/1730/1730 1732/1732/1732 1335/1335/1335
f 1342/1342/1342 1343/1343/1343 1774/1774/1774
f 1340/1340/1340 1341/1341/1341 1769/1769/1769
f 1338/1338/1338 1339/1339/1339 1751/1751/1751
f 1336/1336/1336 1337/1337/1337 1736/1736/1736
f 1340/1340/1340 1755/1755/1755 1339/1339/1339
f 1730/1730/1730 1335/1335/1335 1336/1336/1336
f 1729/1729/1729 1720/1720/1720 1334/1334/1334 1335/1335/1335
f 1334/1334/1334 1722/1722/1722 1717/1717/1717
f 1334/1334/1334 1720/1720/1720 1722/1722/1722
f 1333/1333/1333 1719/1719/1719 1716/1716/1716
f 1332/1332/1332 1710/1710/1710 1712/1712/1712
f 1716/1716/1716 1710/1710/1710 1332/1332/1332 1333/1333/1333
f 1333/1333/1333 1717/1717/1717 1719/1719/1719
f 1334/1334/1334 1717/1717/1717 1333/1333/1333
f 1331/1331/1331 1701/1701/1701 1703/1703/1703
f 1074/1074/1074 1331/1331/1331 1700/1700/1700 1694/1694/1694
f 1703/1703/1703 1700/1700/1700 1331/1331/1331
f 1331/1331/1331 1332/1332/1332 1712/1712/1712 1701/1701/1701
f 1732/1732/1732 1729/1729/1729 1335/1335/1335
f 1817/1817/1817 1814/1814/1814 1349/1349/1349
f 2083/2083/2083 2085/2085/2085 2012/2012/2012 2013/2013/2013
f 2013/2013/2013 2014/2014/2014 2086/2086/2086 2088/2088/2088
f 2086/2086/2086 2014/2014/2014 2015/2015/2015
f 2083/2083/2083 2013/2013/2013 2088/2088/2088
f 1074/1074/1074 1694/1694/1694 1696/1696/1696
f 1330/1330/1330 1691/1691/1691 1693/1693/1693
f 1330/1330/1330 1696/1696/1696 1691/1691/1691
f 1666/1666/1666 1675/1675/1675 1681/1681/1681 1680/1680/1680
f 1330/1330/1330 1693/1693/1693 1682/1682/1682
f 2012/2012/2012 2085/2085/2085 2080/2080/2080
f 2089/2089/2089 2091/2091/2091 2015/2015/2015
f 2086/2086/2086 2015/2015/2015 2091/2091/2091
f 2016/2016/2016 2089/2089/2089 2015/2015/2015
f 2016/2016/2016 2017/2017/2017 2092/2092/2092 2094/2094/2094
f 2018/2018/2018 2097/2097/2097 2017/2017/2017
f 2089/2089/2089 2016/2016/2016 2094/2094/2094
f 1647/1647/1647 1656/1656/1656 1662/1662/1662 1661/1661/1661
f 2018/2018/2018 2095/2095/2095 2097/2097/2097
f 2097/2097/2097 2092/2092/2092 2017/2017/2017
f 1630/1630/1630 1634/1634/1634 1640/1640/1640 1628/1628/1628
f 2018/2018/2018 2019/2019/2019 2100/2100/2100 2095/2095/2095
f 1611/1611/1611 1615/1615/1615 1621/1621/1621 1609/1609/1609
f 1329/1329/1329 1684/1684/1684 1681/1681/1681
f 1681/1681/1681 1675/1675/1675 1328/1328/1328 1329/1329/1329
f 1328/1328/1328 1677/1677/1677 1672/1672/1672
f 1327/1327/1327 1674/1674/1674 1663/1663/1663
f 1327/1327/1327 1672/1672/1672 1674/1674/1674
f 1328/1328/1328 1675/1675/1675 1677/1677/1677
f 1326/1326/1326 1665/1665/1665 1662/1662/1662
f 1325/1325/1325 1656/1656/1656 1658/1658/1658
f 1662/1662/1662 1656/1656/1656 1325/1325/1325 1326/1326/1326
f 1324/1324/1324 1653/1653/1653 1655/1655/1655
f 1323/1323/1323 1644/1644/1644 1646/1646/1646
f 1324/1324/1324 1655/1655/1655 1644/1644/1644
f 1324/1324/1324 1658/1658/1658 1653/1653/1653
f 1326/1326/1326 1663/1663/1663 1665/1665/1665
f 1323/1323/1323 1641/1641/1641 1643/1643/1643
f 1640/1640/1640 1634/1634/1634 1321/1321/1321 1322/1322/1322
f 1322/1322/1322 1643/1643/1643 1640/1640/1640
f 1321/1321/1321 1636/1636/1636 1625/1625/1625
f 1320/1320/1320 1627/1627/1627 1622/1622/1622
f 1320/1320/1320 1625/1625/1625 1627/1627/1627
f 1321/1321/1321 1634/1634/1634 1636/1636/1636
f 1319/1319/1319 1624/1624/1624 1621/1621/1621
f 1318/1318/1318 1615/1615/1615 1617/1617/1617
f 1621/1621/1621 1615/1615/1615 1318/1318/1318 1319/1319/1319
f 1317/1317/1317 1606/1606/1606 1608/1608/1608
f 1316/1316/1316 1603/1603/1603 1605/1605/1605
f 1317/1317/1317 1608/1608/1608 1603/1603/1603
f 1317/1317/1317 1617/1617/1617 1606/1606/1606
f 1319/1319/1319 1622/1622/1622 1624/1624/1624
f 1323/1323/1323 1646/1646/1646 1641/1641/1641
f 1329/1329/1329 1682/1682/1682 1684/1684/1684
f 2098/2098/2098 2100/2100/2100 2019/2019/2019
f 2019/2019/2019 2020/2020/2020 2098/2098/2098
f 2021/2021/2021 2022/2022/2022 2106/2106/2106 2101/2101/2101
f 2023/2023/2023 2104/2104/2104 2022/2022/2022
f 2020/2020/2020 2021/2021/2021 2101/2101/2101 2103/2103/2103
f 2023/2023/2023 2024/2024/2024 2107/2107/2107 2109/2109/2109
f 2020/2020/2020 2103/2103/2103 2098/2098/2098
f 2023/2023/2023 2109/2109/2109 2104/2104/2104
f 2024/2024/2024 2112/2112/2112 2107/2107/2107
f 2104/2104/2104 2106/2106/2106 2022/2022/2022
f 2112/2112/2112 2024/2024/2024 2025/2025/2025
f 2025/2025/2025 2026/2026/2026 2115/2115/2115 2110/2110/2110
f 2027/2027/2027 2028/2028/2028 2116/2116/2116 2118/2118/2118
f 2026/2026/2026 2027/2027/2027 2118/2118/2118 2113/2113/2113
f 2124/2124/2124 2119/2119/2119 2029/2029/2029 2030/2030/2030
f 2031/2031/2031 2122/2122/2122 2030/2030/2030
f 2121/2121/2121 2028/2028/2028 2029/2029/2029
f 2115/2115/2115 2026/2026/2026 2113/2113/2113
f 2116/2116/2116 2028/2028/2028 2121/2121/2121
f 2119/2119/2119 2121/2121/2121 2029/2029/2029
f 2130/2130/2130 2032/2032/2032 2033/2033/2033
f 2031/2031/2031 2032/2032/2032 2125/2125/2125 2127/2127/2127
f 2112/2112/2112 2025/2025/2025 2110/2110/2110
f 1596/1596/1596 1592/1592/1592 1581/1581/1581 1587/1587/1587
f 1561/1561/1561 1568/1568/1568 1577/1577/1577 1573/1573/1573
f 1554/1554/1554 1558/1558/1558 1564/1564/1564 1552/1552/1552
f 1315/1315/1315 1599/1599/1599 1596/1596/1596
f 1535/1535/1535 1539/1539/1539 1545/1545/1545 1533/1533/1533
f 1316/1316/1316 1597/1597/1597 1599/1599/1599
f 1514/1514/1514 1523/1523/1523 1529/1529/1529 1528/1528/1528
f 1495/1495/1495 1504/1504/1504 1510/1510/1510 1509/1509/1509
f 2030/2030/2030 2122/2122/2122 2124/2124/2124
f 2033/2033/2033 2128/2128/2128 2130/2130/2130
f 2130/2130/2130 2125/2125/2125 2032/2032/2032
f 2127/2127/2127 2122/2122/2122 2031/2031/2031
f 1459/1459/1459 1463/1463/1463 1469/1469/1469 1457/1457/1457
f 1409/1409/1409 1416/1416/1416 1425/1425/1425 1421/1421/1421
f 1429/1429/1429 1435/1435/1435 1444/1444/1444 1440/1440/1440
f 1478/1478/1478 1482/1482/1482 1488/1488/1488 1476/1476/1476
f 1402/1402/1402 1406/1406/1406 1412/1412/1412 1400/1400/1400
f 1316/1316/1316 1605/1605/1605 1597/1597/1597
f 1314/1314/1314 1587/1587/1587 1589/1589/1589
f 1314/1314/1314 1589/1589/1589 1584/1584/1584
f 1313/1313/1313 1586/1586/1586 1578/1578/1578
f 1312/1312/1312 1580/1580/1580 1577/1577/1577
f 1312/1312/1312 1578/1578/1578 1580/1580/1580
f 1313/1313/1313 1584/1584/1584 1586/1586/1586
f 1311/1311/1311 1568/1568/1568 1570/1570/1570
f 1310/1310/1310 1565/1565/1565 1567/1567/1567
f 1311/1311/1311 1570/1570/1570 1565/1565/1565
f 1564/1564/1564 1558/1558/1558 1309/1309/1309 1310/1310/1310
f 1309/1309/1309 1560/1560/1560 1549/1549/1549
f 1309/1309/1309 1558/1558/1558 1560/1560/1560
f 1310/1310/1310 1567/1567/1567 1564/1564/1564
f 1577/1577/1577 1568/1568/1568 1311/1311/1311 1312/1312/1312
f 1308/1308/1308 1551/1551/1551 1546/1546/1546
f 1179/1179/1179 1548/1548/1548 1545/1545/1545
f 1308/1308/1308 1546/1546/1546 1548/1548/1548
f 1307/1307/1307 1539/1539/1539 1541/1541/1541
f 1306/1306/1306 1530/1530/1530 1532/1532/1532
f 1307/1307/1307 1541/1541/1541 1530/1530/1530
f 1545/1545/1545 1539/1539/1539 1307/1307/1307 1179/1179/1179
f 1529/1529/1529 1523/1523/1523 1305/1305/1305 1306/1306/1306
f 1305/1305/1305 1525/1525/1525 1520/1520/1520
f 1305/1305/1305 1523/1523/1523 1525/1525/1525
f 1304/1304/1304 1522/1522/1522 1511/1511/1511
f 1303/1303/1303 1513/1513/1513 1510/1510/1510
f 1303/1303/1303 1511/1511/1511 1513/1513/1513
f 1304/1304/1304 1520/1520/1520 1522/1522/1522
f 1306/1306/1306 1532/1532/1532 1529/1529/1529
f 1308/1308/1308 1549/1549/1549 1551/1551/1551
f 1074/1074/1074 1696/1696/1696 1330/1330/1330
f 1330/1330/1330 1682/1682/1682 1329/1329/1329
f 1328/1328/1328 1672/1672/1672 1327/1327/1327
f 1663/1663/1663 1326/1326/1326 1327/1327/1327
f 1324/1324/1324 1644/1644/1644 1323/1323/1323
f 1643/1643/1643 1322/1322/1322 1323/1323/1323
f 1320/1320/1320 1622/1622/1622 1319/1319/1319
f 1318/1318/1318 1617/1617/1617 1317/1317/1317
f 1625/1625/1625 1320/1320/1320 1321/1321/1321
f 1658/1658/1658 1324/1324/1324 1325/1325/1325
f 1316/1316/1316 1599/1599/1599 1315/1315/1315
f 1313/1313/1313 1314/1314/1314 1584/1584/1584
f 1314/1314/1314 1315/1315/1315 1596/1596/1596 1587/1587/1587
f 1578/1578/1578 1312/1312/1312 1313/1313/1313
f 1310/1310/1310 1311/1311/1311 1565/1565/1565
f 1317/1317/1317 1603/1603/1603 1316/1316/1316
f 1308/1308/1308 1309/1309/1309 1549/1549/1549
f 1308/1308/1308 1548/1548/1548 1179/1179/1179
f 1303/1303/1303 1304/1304/1304 1511/1511/1511
f 1305/1305/1305 1520/1520/1520 1304/1304/1304
f 1307/1307/1307 1530/1530/1530 1306/1306/1306
f 1510/1510/1510 1504/1504/1504 1302/1302/1302 1303/1303/1303
f 1301/1301/1301 1506/1506/1506 1501/1501/1501
f 1301/1301/1301 1501/1501/1501 1503/1503/1503
f 1300/1300/1300 1492/1492/1492 1494/1494/1494
f 1300/1300/1300 1489/1489/1489 1491/1491/1491
f 1300/1300/1300 1494/1494/1494 1489/1489/1489
f 1301/1301/1301 1503/1503/1503 1492/1492/1492
f 1488/1488/1488 1482/1482/1482 1298/1298/1298 1299/1299/1299
f 1298/1298/1298 1484/1484/1484 1473/1473/1473
f 1298/1298/1298 1482/1482/1482 1484/1484/1484
f 1297/1297/1297 1475/1475/1475 1470/1470/1470
f 1296/1296/1296 1472/1472/1472 1469/1469/1469
f 1296/1296/1296 1470/1470/1470 1472/1472/1472
f 1297/1297/1297 1473/1473/1473 1475/1475/1475
f 1299/1299/1299 1491/1491/1491 1488/1488/1488
f 1295/1295/1295 1463/1463/1463 1465/1465/1465
f 1294/1294/1294 1454/1454/1454 1456/1456/1456
f 1294/1294/1294 1465/1465/1465 1454/1454/1454
f 1293/1293/1293 1451/1451/1451 1453/1453/1453
f 1293/1293/1293 1445/1445/1445 1447/1447/1447
f 1293/1293/1293 1453/1453/1453 1445/1445/1445
f 1294/1294/1294 1456/1456/1456 1451/1451/1451
f 1444/1444/1444 1435/1435/1435 1291/1291/1291 1292/1292/1292
f 1291/1291/1291 1437/1437/1437 1432/1432/1432
f 1291/1291/1291 1435/1435/1435 1437/1437/1437
f 1290/1290/1290 1434/1434/1434 1426/1426/1426
f 1289/1289/1289 1428/1428/1428 1425/1425/1425
f 1289/1289/1289 1426/1426/1426 1428/1428/1428
f 1290/1290/1290 1432/1432/1432 1434/1434/1434
f 1292/1292/1292 1447/1447/1447 1444/1444/1444
f 1469/1469/1469 1463/1463/1463 1295/1295/1295 1296/1296/1296
f 1301/1301/1301 1302/1302/1302 1506/1506/1506
f 1300/1300/1300 1301/1301/1301 1492/1492/1492
f 1491/1491/1491 1299/1299/1299 1300/1300/1300
f 1297/1297/1297 1298/1298/1298 1473/1473/1473
f 1470/1470/1470 1296/1296/1296 1297/1297/1297
f 1425/1425/1425 1416/1416/1416 1288/1288/1288 1289/1289/1289
f 1293/1293/1293 1294/1294/1294 1451/1451/1451
f 1295/1295/1295 1465/1465/1465 1294/1294/1294
f 1289/1289/1289 1290/1290/1290 1426/1426/1426
f 1291/1291/1291 1432/1432/1432 1290/1290/1290
f 1293/1293/1293 1447/1447/1447 1292/1292/1292
f 1288/1288/1288 1418/1418/1418 1413/1413/1413
f 1287/1287/1287 1415/1415/1415 1412/1412/1412
f 1287/1287/1287 1413/1413/1413 1415/1415/1415
f 1286/1286/1286 1406/1406/1406 1408/1408/1408
f 1285/1285/1285 1397/1397/1397 1399/1399/1399
f 1286/1286/1286 1408/1408/1408 1397/1397/1397
f 1412/1412/1412 1406/1406/1406 1286/1286/1286 1287/1287/1287
f 1287/1287/1287 1288/1288/1288 1413/1413/1413
f 1285/1285/1285 1286/1286/1286 1397/1397/1397
f 1284/1284/1284 1285/1285/1285 1390/1390/1390 1392/1392/1392
f 1392/1392/1392 1389/1389/1389 1284/1284/1284
f 1390/1390/1390 1285/1285/1285 1399/1399/1399
f 1416/1416/1416 1418/1418/1418 1288/1288/1288
f 1504/1504/1504 1506/1506/1506 1302/1302/1302
f 2142/2142/2142 2141/2141/2141 2132/2132/2132 2133/2133/2133
f 2143/2143/2143 2142/2142/2142 2133/2133/2133 2134/2134/2134
f 2144/2144/2144 2143/2143/2143 2134/2134/2134 2135/2135/2135
f 2145/2145/2145 2144/2144/2144 2135/2135/2135 2136/2136/2136
f 2146/2146/2146 2145/2145/2145 2136/2136/2136 2137/2137/2137
f 2147/2147/2147 2146/2146/2146 2137/2137/2137 2138/2138/2138
f 2150/2150/2150 2149/2149/2149 2141/2141/2141 2142/2142/2142
f 2151/2151/2151 2150/2150/2150 2142/2142/2142 2143/2143/2143
f 2152/2152/2152 2151/2151/2151 2143/2143/2143 2144/2144/2144
f 2153/2153/2153 2152/2152/2152 2144/2144/2144 2145/2145/2145
f 2154/2154/2154 2153/2153/2153 2145/2145/2145 2146/2146/2146
f 2155/2155/2155 2154/2154/2154 2146/2146/2146 2147/2147/2147
f 2158/2158/2158 2157/2157/2157 2149/2149/2149 2150/2150/2150
f 2159/2159/2159 2158/2158/2158 2150/2150/2150 2151/2151/2151
f 2160/2160/2160 2159/2159/2159 2151/2151/2151 2152/2152/2152
f 2161/2161/2161 2160/2160/2160 2152/2152/2152 2153/2153/2153
f 2162/2162/2162 2161/2161/2161 2153/2153/2153 2154/2154/2154
f 2163/2163/2163 2162/2162/2162 2154/2154/2154 2155/2155/2155
f 2166/2166/2166 2165/2165/2165 2157/2157/2157 2158/2158/2158
f 2167/2167/2167 2166/2166/2166 2158/2158/2158 2159/2159/2159
f 2168/2168/2168 2167/2167/2167 2159/2159/2159 2160/2160/2160
f 2169/2169/2169 2168/2168/2168 2160/2160/2160 2161/2161/2161
f 2170/2170/2170 2169/2169/2169 2161/2161/2161 2162/2162/2162
f 2171/2171/2171 2170/2170/2170 2162/2162/2162 2163/2163/2163
f 2174/2174/2174 2173/2173/2173 2165/2165/2165 2166/2166/2166
f 2175/2175/2175 2174/2174/2174 2166/2166/2166 2167/2167/2167
f 2176/2176/2176 2175/2175/2175 2167/2167/2167 2168/2168/2168
f 2177/2177/2177 2176/2176/2176 2168/2168/2168 2169/2169/2169
f 2178/2178/2178 2177/2177/2177 2169/2169/2169 2170/2170/2170
f 2179/2179/2179 2178/2178/2178 2170/2170/2170 2171/2171/2171
f 2182/2182/2182 2181/2181/2181 2173/2173/2173 2174/2174/2174
f 2183/2183/2183 2182/2182/2182 2174/2174/2174 2175/2175/2175
f 2184/2184/2184 2183/2183/2183 2175/2175/2175 2176/2176/2176
f 2185/2185/2185 2184/2184/2184 2176/2176/2176 2177/2177/2177
f 2186/2186/2186 2185/2185/2185 2177/2177/2177 2178/2178/2178
f 2187/2187/2187 2186/2186/2186 2178/2178/2178 2179/2179/2179
f 2190/2190/2190 2189/2189/2189 2181/2181/2181 2182/2182/2182
f 2191/2191/2191 2190/2190/2190 2182/2182/2182 2183/2183/2183
f 2192/2192/2192 2191/2191/2191 2183/2183/2183 2184/2184/2184
f 2193/2193/2193 2192/2192/2192 2184/2184/2184 2185/2185/2185
f 2194/2194/2194 2193/2193/2193 2185/2185/2185 2186/2186/2186
f 2195/2195/2195 2194/2194/2194 2186/2186/2186 2187/2187/2187
f 2198/2198/2198 2197/2197/2197 2189/2189/2189 2190/2190/2190
f 2199/2199/2199 2198/2198/2198 2190/2190/2190 2191/2191/2191
f 2200/2200/2200 2199/2199/2199 2191/2191/2191 2192/2192/2192
f 2201/2201/2201 2200/2200/2200 2192/2192/2192 2193/2193/2193
f 2202/2202/2202 2201/2201/2201 2193/2193/2193 2194/2194/2194
f 2203/2203/2203 2202/2202/2202 2194/2194/2194 2195/2195/2195
f 2206/2206/2206 2205/2205/2205 2197/2197/2197 2198/2198/2198
f 2207/2207/2207 2206/2206/2206 2198/2198/2198 2199/2199/2199
f 2208/2208/2208 2207/2207/2207 2199/2199/2199 2200/2200/2200
f 2209/2209/2209 2208/2208/2208 2200/2200/2200 2201/2201/2201
f 2210/2210/2210 2209/2209/2209 2201/2201/2201 2202/2202/2202
f 2211/2211/2211 2210/2210/2210 2202/2202/2202 2203/2203/2203
f 2214/2214/2214 2213/2213/2213 2205/2205/2205 2206/2206/2206
f 2215/2215/2215 2214/2214/2214 2206/2206/2206 2207/2207/2207
f 2216/2216/2216 2215/2215/2215 2207/2207/2207 2208/2208/2208
f 2217/2217/2217 2216/2216/2216 2208/2208/2208 2209/2209/2209
f 2218/2218/2218 2217/2217/2217 2209/2209/2209 2210/2210/2210
f 2219/2219/2219 2218/2218/2218 2210/2210/2210 2211/2211/2211
f 2222/2222/2222 2221/2221/2221 2213/2213/2213 2214/2214/2214
f 2223/2223/2223 2222/2222/2222 2214/2214/2214 2215/2215/2215
f 2224/2224/2224 2223/2223/2223 2215/2215/2215 2216/2216/2216
f 2225/2225/2225 2224/2224/2224 2216/2216/2216 2217/2217/2217
f 2226/2226/2226 2225/2225/2225 2217/2217/2217 2218/2218/2218
f 2227/2227/2227 2226/2226/2226 2218/2218/2218 2219/2219/2219
f 2230/2230/2230 2229/2229/2229 2221/2221/2221 2222/2222/2222
f 2231/2231/2231 2230/2230/2230 2222/2222/2222 2223/2223/2223
f 2232/2232/2232 2231/2231/2231 2223/2223/2223 2224/2224/2224
f 2233/2233/2233 2232/2232/2232 2224/2224/2224 2225/2225/2225
f 2234/2234/2234 2233/2233/2233 2225/2225/2225 2226/2226/2226
f 2235/2235/2235 2234/2234/2234 2226/2226/2226 2227/2227/2227
f 2238/2238/2238 2237/2237/2237 2229/2229/2229 2230/2230/2230
f 2239/2239/2239 2238/2238/2238 2230/2230/2230 2231/2231/2231
f 2240/2240/2240 2239/2239/2239 2231/2231/2231 2232/2232/2232
f 2241/2241/2241 2240/2240/2240 2232/2232/2232 2233/2233/2233
f 2242/2242/2242 2241/2241/2241 2233/2233/2233 2234/2234/2234
f 2243/2243/2243 2242/2242/2242 2234/2234/2234 2235/2235/2235
f 2246/2246/2246 2245/2245/2245 2237/2237/2237 2238/2238/2238
f 2247/2247/2247 2246/2246/2246 2238/2238/2238 2239/2239/2239
f 2248/2248/2248 2247/2247/2247 2239/2239/2239 2240/2240/2240
f 2249/2249/2249 2248/2248/2248 2240/2240/2240 2241/2241/2241
f 2250/2250/2250 2249/2249/2249 2241/2241/2241 2242/2242/2242
f 2251/2251/2251 2250/2250/2250 2242/2242/2242 2243/2243/2243
f 2254/2254/2254 2253/2253/2253 2245/2245/2245 2246/2246/2246
f 2255/2255/2255 2254/2254/2254 2246/2246/2246 2247/2247/2247
f 2256/2256/2256 2255/2255/2255 2247/2247/2247 2248/2248/2248
f 2257/2257/2257 2256/2256/2256 2248/2248/2248 2249/2249/2249
f 2258/2258/2258 2257/2257/2257 2249/2249/2249 2250/2250/2250
f 2259/2259/2259 2258/2258/2258 2250/2250/2250 2251/2251/2251
f 2262/2262/2262 2261/2261/2261 2253/2253/2253 2254/2254/2254
f 2263/2263/2263 2262/2262/2262 2254/2254/2254 2255/2255/2255
f 2264/2264/2264 2263/2263/2263 2255/2255/2255 2256/2256/2256
f 2265/2265/2265 2264/2264/2264 2256/2256/2256 2257/2257/2257
f 2266/2266/2266 2265/2265/2265 2257/2257/2257 2258/2258/2258
f 2267/2267/2267 2266/2266/2266 2258/2258/2258 2259/2259/2259
f 2270/2270/2270 2269/2269/2269 2261/2261/2261 2262/2262/2262
f 2271/2271/2271 2270/2270/2270 2262/2262/2262 2263/2263/2263
f 2272/2272/2272 2271/2271/2271 2263/2263/2263 2264/2264/2264
f 2273/2273/2273 2272/2272/2272 2264/2264/2264 2265/2265/2265
f 2274/2274/2274 2273/2273/2273 2265/2265/2265 2266/2266/2266
f 2275/2275/2275 2274/2274/2274 2266/2266/2266 2267/2267/2267
f 2278/2278/2278 2277/2277/2277 2269/2269/2269 2270/2270/2270
f 2279/2279/2279 2278/2278/2278 2270/2270/2270 2271/2271/2271
f 2280/2280/2280 2279/2279/2279 2271/2271/2271 2272/2272/2272
f 2281/2281/2281 2280/2280/2280 2272/2272/2272 2273/2273/2273
f 2282/2282/2282 2281/2281/2281 2273/2273/2273 2274/2274/2274
f 2283/2283/2283 2282/2282/2282 2274/2274/2274 2275/2275/2275
f 2286/2286/2286 2285/2285/2285 2277/2277/2277 2278/2278/2278
f 2287/2287/2287 2286/2286/2286 2278/2278/2278 2279/2279/2279
f 2288/2288/2288 2287/2287/2287 2279/2279/2279 2280/2280/2280
f 2289/2289/2289 2288/2288/2288 2280/2280/2280 2281/2281/2281
f 2290/2290/2290 2289/2289/2289 2281/2281/2281 2282/2282/2282
f 2291/2291/2291 2290/2290/2290 2282/2282/2282 2283/2283/2283
f 2294/2294/2294 2293/2293/2293 2285/2285/2285 2286/2286/2286
f 2295/2295/2295 2294/2294/2294 2286/2286/2286 2287/2287/2287
f 2296/2296/2296 2295/2295/2295 2287/2287/2287 2288/2288/2288
f 2297/2297/2297 2296/2296/2296 2288/2288/2288 2289/2289/2289
f 2298/2298/2298 2297/2297/2297 2289/2289/2289 2290/2290/2290
f 2299/2299/2299 2298/2298/2298 2290/2290/2290 2291/2291/2291
f 2302/2302/2302 2301/2301/2301 2293/2293/2293 2294/2294/2294
f 2303/2303/2303 2302/2302/2302 2294/2294/2294 2295/2295/2295
f 2304/2304/2304 2303/2303/2303 2295/2295/2295 2296/2296/2296
f 2305/2305/2305 2304/2304/2304 2296/2296/2296 2297/2297/2297
f 2306/2306/2306 2305/2305/2305 2297/2297/2297 2298/2298/2298
f 2307/2307/2307 2306/2306/2306 2298/2298/2298 2299/2299/2299
f 2310/2310/2310 2309/2309/2309 2301/2301/2301 2302/2302/2302
f 2311/2311/2311 2310/2310/2310 2302/2302/2302 2303/2303/2303
f 2312/2312/2312 2311/2311/2311 2303/2303/2303 2304/2304/2304
f 2313/2313/2313 2312/2312/2312 2304/2304/2304 2305/2305/2305
f 2314/2314/2314 2313/2313/2313 2305/2305/2305 2306/2306/2306
f 2315/2315/2315 2314/2314/2314 2306/2306/2306 2307/2307/2307
f 2318/2318/2318 2317/2317/2317 2309/2309/2309 2310/2310/2310
f 2319/2319/2319 2318/2318/2318 2310/2310/2310 2311/2311/2311
f 2320/2320/2320 2319/2319/2319 2311/2311/2311 2312/2312/2312
f 2321/2321/2321 2320/2320/2320 2312/2312/2312 2313/2313/2313
f 2322/2322/2322 2321/2321/2321 2313/2313/2313 2314/2314/2314
f 2323/2323/2323 2322/2322/2322 2314/2314/2314 2315/2315/2315
f 2326/2326/2326 2325/2325/2325 2317/2317/2317 2318/2318/2318
f 2327/2327/2327 2326/2326/2326 2318/2318/2318 2319/2319/2319
f 2328/2328/2328 2327/2327/2327 2319/2319/2319 2320/2320/2320
f 2329/2329/2329 2328/2328/2328 2320/2320/2320 2321/2321/2321
f 2330/2330/2330 2329/2329/2329 2321/2321/2321 2322/2322/2322
f 2331/2331/2331 2330/2330/2330 2322/2322/2322 2323/2323/2323
f 2334/2334/2334 2333/2333/2333 2325/2325/2325 2326/2326/2326
f 2335/2335/2335 2334/2334/2334 2326/2326/2326 2327/2327/2327
f 2336/2336/2336 2335/2335/2335 2327/2327/2327 2328/2328/2328
f 2337/2337/2337 2336/2336/2336 2328/2328/2328 2329/2329/2329
f 2338/2338/2338 2337/2337/2337 2329/2329/2329 2330/2330/2330
f 2339/2339/2339 2338/2338/2338 2330/2330/2330 2331/2331/2331
f 2342/2342/2342 2341/2341/2341 2333/2333/2333 2334/2334/2334
f 2343/2343/2343 2342/2342/2342 2334/2334/2334 2335/2335/2335
f 2344/2344/2344 2343/2343/2343 2335/2335/2335 2336/2336/2336
f 2345/2345/2345 2344/2344/2344 2336/2336/2336 2337/2337/2337
f 2346/2346/2346 2345/2345/2345 2337/2337/2337 2338/2338/2338
f 2347/2347/2347 2346/2346/2346 2338/2338/2338 2339/2339/2339
f 2350/2350/2350 2349/2349/2349 2341/2341/2341 2342/2342/2342
f 2351/2351/2351 2350/2350/2350 2342/2342/2342 2343/2343/2343
f 2352/2352/2352 2351/2351/2351 2343/2343/2343 2344/2344/2344
f 2353/2353/2353 2352/2352/2352 2344/2344/2344 2345/2345/2345
f 2354/2354/2354 2353/2353/2353 2345/2345/2345 2346/2346/2346
f 2355/2355/2355 2354/2354/2354 2346/2346/2346 2347/2347/2347
f 2358/2358/2358 2357/2357/2357 2349/2349/2349 2350/2350/2350
f 2359/2359/2359 2358/2358/2358 2350/2350/2350 2351/2351/2351
f 2360/2360/2360 2359/2359/2359 2351/2351/2351 2352/2352/2352
f 2361/2361/2361 2360/2360/2360 2352/2352/2352 2353/2353/2353
f 2362/2362/2362 2361/2361/2361 2353/2353/2353 2354/2354/2354
f 2363/2363/2363 2362/2362/2362 2354/2354/2354 2355/2355/2355
f 2366/2366/2366 2365/2365/2365 2357/2357/2357 2358/2358/2358
f 2367/2367/2367 2366/2366/2366 2358/2358/2358 2359/2359/2359
f 2368/2368/2368 2367/2367/2367 2359/2359/2359 2360/2360/2360
f 2369/2369/2369 2368/2368/2368 2360/2360/2360 2361/2361/2361
f 2370/2370/2370 2369/2369/2369 2361/2361/2361 2362/2362/2362
f 2371/2371/2371 2370/2370/2370 2362/2362/2362 2363/2363/2363
f 2374/2374/2374 2373/2373/2373 2365/2365/2365 2366/2366/2366
f 2375/2375/2375 2374/2374/2374 2366/2366/2366 2367/2367/2367
f 2376/2376/2376 2375/2375/2375 2367/2367/2367 2368/2368/2368
f 2377/2377/2377 2376/2376/2376 2368/2368/2368 2369/2369/2369
f 2378/2378/2378 2377/2377/2377 2369/2369/2369 2370/2370/2370
f 2379/2379/2379 2378/2378/2378 2370/2370/2370 2371/2371/2371
f 2382/2382/2382 2381/2381/2381 2373/2373/2373 2374/2374/2374
f 2383/2383/2383 2382/2382/2382 2374/2374/2374 2375/2375/2375
f 2384/2384/2384 2383/2383/2383 2375/2375/2375 2376/2376/2376
f 2385/2385/2385 2384/2384/2384 2376/2376/2376 2377/2377/2377
f 2386/2386/2386 2385/2385/2385 2377/2377/2377 2378/2378/2378
f 2387/2387/2387 2386/2386/2386 2378/2378/2378 2379/2379/2379
f 2390/2390/2390 2389/2389/2389 2381/2381/2381 2382/2382/2382
f 2391/2391/2391 2390/2390/2390 2382/2382/2382 2383/2383/2383
f 2392/2392/2392 2391/2391/2391 2383/2383/2383 2384/2384/2384
f 2393/2393/2393 2392/2392/2392 2384/2384/2384 2385/2385/2385
f 2394/2394/2394 2393/2393/2393 2385/2385/2385 2386/2386/2386
f 2395/2395/2395 2394/2394/2394 2386/2386/2386 2387/2387/2387
f 2140/2140/2140 2131/2131/2131 2132/2132/2132 2141/2141/2141
f 2156/2156/2156 2148/2148/2148 2149/2149/2149 2157/2157/2157
f 2148/2148/2148 2140/2140/2140 2141/2141/2141 2149/2149/2149
f 2172/2172/2172 2164/2164/2164 2165/2165/2165 2173/2173/2173
f 2181/2181/2181 2189/2189/2189 2188/2188/2188 2180/2180/2180
f 2180/2180/2180 2172/2172/2172 2173/2173/2173 2181/2181/2181
f 2164/2164/2164 2156/2156/2156 2157/2157/2157 2165/2165/2165
f 2138/2138/2138 2139/2139/2139 2438/2438/2438 2147/2147/2147
f 2204/2204/2204 2196/2196/2196 2197/2197/2197 2205/2205/2205
f 2220/2220/2220 2212/2212/2212 2213/2213/2213 2221/2221/2221
f 2212/2212/2212 2204/2204/2204 2205/2205/2205 2213/2213/2213
f 2236/2236/2236 2228/2228/2228 2229/2229/2229 2237/2237/2237
f 2252/2252/2252 2244/2244/2244 2245/2245/2245 2253/2253/2253
f 2253/2253/2253 2261/2261/2261 2260/2260/2260 2252/2252/2252
f 2244/2244/2244 2236/2236/2236 2237/2237/2237 2245/2245/2245
f 2228/2228/2228 2220/2220/2220 2221/2221/2221 2229/2229/2229
f 2196/2196/2196 2188/2188/2188 2189/2189/2189 2197/2197/2197
f 2438/2438/2438 2437/2437/2437 2147/2147/2147
f 2155/2155/2155 2436/2436/2436 2435/2435/2435 2163/2163/2163
f 2147/2147/2147 2437/2437/2437 2436/2436/2436 2155/2155/2155
f 2163/2163/2163 2435/2435/2435 2434/2434/2434 2171/2171/2171
f 2179/2179/2179 2432/2432/2432 2431/2431/2431 2187/2187/2187
f 2187/2187/2187 2431/2431/2431 2430/2430/2430 2195/2195/2195
f 2171/2171/2171 2433/2433/2433 2432/2432/2432 2179/2179/2179
f 2195/2195/2195 2429/2429/2429 2428/2428/2428 2203/2203/2203
f 2195/2195/2195 2430/2430/2430 2429/2429/2429
f 2433/2433/2433 2171/2171/2171 2434/2434/2434
f 2426/2426/2426 2211/2211/2211 2427/2427/2427
f 2427/2427/2427 2211/2211/2211 2203/2203/2203 2428/2428/2428
f 2219/2219/2219 2211/2211/2211 2426/2426/2426
f 2219/2219/2219 2425/2425/2425 2424/2424/2424 2227/2227/2227
f 2235/2235/2235 2423/2423/2423 2422/2422/2422 2243/2243/2243
f 2243/2243/2243 2421/2421/2421 2420/2420/2420 2251/2251/2251
f 2227/2227/2227 2424/2424/2424 2423/2423/2423 2235/2235/2235
f 2251/2251/2251 2420/2420/2420 2419/2419/2419 2259/2259/2259
f 2219/2219/2219 2426/2426/2426 2425/2425/2425
f 2243/2243/2243 2422/2422/2422 2421/2421/2421
f 2418/2418/2418 2267/2267/2267 2259/2259/2259 2419/2419/2419
f 2269/2269/2269 2277/2277/2277 2276/2276/2276 2268/2268/2268
f 2268/2268/2268 2260/2260/2260 2261/2261/2261 2269/2269/2269
f 2284/2284/2284 2276/2276/2276 2277/2277/2277 2285/2285/2285
f 2300/2300/2300 2292/2292/2292 2293/2293/2293 2301/2301/2301
f 2308/2308/2308 2300/2300/2300 2301/2301/2301 2309/2309/2309
f 2292/2292/2292 2284/2284/2284 2285/2285/2285 2293/2293/2293
f 2316/2316/2316 2308/2308/2308 2309/2309/2309 2317/2317/2317
f 2275/2275/2275 2416/2416/2416 2415/2415/2415 2283/2283/2283
f 2267/2267/2267 2417/2417/2417 2416/2416/2416 2275/2275/2275
f 2317/2317/2317 2325/2325/2325 2324/2324/2324 2316/2316/2316
f 2332/2332/2332 2324/2324/2324 2325/2325/2325 2333/2333/2333
f 2348/2348/2348 2340/2340/2340 2341/2341/2341 2349/2349/2349
f 2340/2340/2340 2332/2332/2332 2333/2333/2333 2341/2341/2341
f 2364/2364/2364 2356/2356/2356 2357/2357/2357 2365/2365/2365
f 2380/2380/2380 2372/2372/2372 2373/2373/2373 2381/2381/2381
f 2388/2388/2388 2380/2380/2380 2381/2381/2381 2389/2389/2389
f 2372/2372/2372 2364/2364/2364 2365/2365/2365 2373/2373/2373
f 2356/2356/2356 2348/2348/2348 2349/2349/2349 2357/2357/2357
f 2283/2283/2283 2415/2415/2415 2414/2414/2414 2291/2291/2291
f 2291/2291/2291 2413/2413/2413 2412/2412/2412 2299/2299/2299
f 2307/2307/2307 2411/2411/2411 2410/2410/2410 2315/2315/2315
f 2315/2315/2315 2409/2409/2409 2408/2408/2408 2323/2323/2323
f 2299/2299/2299 2412/2412/2412 2411/2411/2411 2307/2307/2307
f 2323/2323/2323 2408/2408/2408 2407/2407/2407 2331/2331/2331
f 2291/2291/2291 2414/2414/2414 2413/2413/2413
f 2315/2315/2315 2410/2410/2410 2409/2409/2409
f 2331/2331/2331 2407/2407/2407 2406/2406/2406
f 2406/2406/2406 2339/2339/2339 2331/2331/2331
f 2339/2339/2339 2405/2405/2405 2404/2404/2404 2347/2347/2347
f 2347/2347/2347 2404/2404/2404 2403/2403/2403 2355/2355/2355
f 2406/2406/2406 2405/2405/2405 2339/2339/2339
f 2355/2355/2355 2402/2402/2402 2401/2401/2401 2363/2363/2363
f 2371/2371/2371 2400/2400/2400 2399/2399/2399 2379/2379/2379
f 2379/2379/2379 2398/2398/2398 2397/2397/2397 2387/2387/2387
f 2363/2363/2363 2401/2401/2401 2400/2400/2400 2371/2371/2371
f 2387/2387/2387 2397/2397/2397 2396/2396/2396 2395/2395/2395
f 2402/2402/2402 2355/2355/2355 2403/2403/2403
f 2398/2398/2398 2379/2379/2379 2399/2399/2399
f 2418/2418/2418 2417/2417/2417 2267/2267/2267
